Godot Engine v4.7.1.stable.official.a13da4feb - https://godotengine.org

======================================================================
BENCHMARK SMART TOP DOWN
  repeticiones=5  paralelo=16  aceleracion=x60 (3600 ticks/s)  semilla=20260408
  salida=res://results_v2
======================================================================

[1/16] Configuracion base=base  (p20_m0.15_gaussiana_torneo_uniforme_aleatorio_deep)
  [vs_tipo_A] sensores congelados (IV.2 del PDF): escudo_objetivo
  [vs_tipo_A] gen  1/25  mejor=   49.40  medio=   32.75
  [vs_tipo_A] gen  2/25  mejor=   30.95  medio=   10.41
  [vs_tipo_A] gen  3/25  mejor=   94.13  medio=   15.04
  [vs_tipo_A] gen  4/25  mejor=   55.63  medio=   31.54
  [vs_tipo_A] gen  5/25  mejor=   95.25  medio=   30.04
  [vs_tipo_A] gen  6/25  mejor=  190.07  medio=   32.96
  [vs_tipo_A] gen  7/25  mejor=   95.89  medio=   32.74
  [vs_tipo_A] gen  8/25  mejor=  159.14  medio=   41.19
  [vs_tipo_A] gen  9/25  mejor=  231.80  medio=   72.49
  [vs_tipo_A] gen 10/25  mejor=  134.65  medio=   52.26
  [vs_tipo_A] gen 11/25  mejor=  133.62  medio=   53.55
  [vs_tipo_A] gen 12/25  mejor=  194.17  medio=   78.45
  [vs_tipo_A] gen 13/25  mejor=  183.04  medio=   54.80
  [vs_tipo_A] gen 14/25  mejor=  223.25  medio=   41.06
  [vs_tipo_A] gen 15/25  mejor=  171.75  medio=   85.68
  [vs_tipo_A] gen 16/25  mejor=  117.95  medio=   53.68
  [vs_tipo_A] gen 17/25  mejor=  157.03  medio=   61.78
  [vs_tipo_A] gen 18/25  mejor=  241.12  medio=  109.25
  [vs_tipo_A] gen 19/25  mejor=  148.43  medio=   50.96
  [vs_tipo_A] gen 20/25  mejor=  145.53  medio=   56.27
  [vs_tipo_A] gen 21/25  mejor=  207.82  medio=   97.81
  [vs_tipo_A] gen 22/25  mejor=  128.82  medio=   61.13
  [vs_tipo_A] gen 23/25  mejor=  145.53  medio=   63.59
  [vs_tipo_A] gen 24/25  mejor=  231.29  medio=   87.52
  [vs_tipo_A] gen 25/25  mejor=  131.73  medio=   72.50
  [vs_tipo_B] sin sensores congelados
  [vs_tipo_B] gen  1/25  mejor=  184.95  medio=   21.44
  [vs_tipo_B] gen  2/25  mejor=  180.76  medio=   55.33
  [vs_tipo_B] gen  3/25  mejor=  175.93  medio=  104.67
  [vs_tipo_B] gen  4/25  mejor=  194.00  medio=   84.53
  [vs_tipo_B] gen  5/25  mejor=  180.76  medio=  100.51
  [vs_tipo_B] gen  6/25  mejor=  183.00  medio=  127.61
  [vs_tipo_B] gen  7/25  mejor=  197.10  medio=  115.65
  [vs_tipo_B] gen  8/25  mejor=  185.44  medio=  134.77
  [vs_tipo_B] gen  9/25  mejor=  183.00  medio=  117.27
  [vs_tipo_B] gen 10/25  mejor=  197.10  medio=  115.44
  [vs_tipo_B] gen 11/25  mejor=  185.44  medio=  119.50
  [vs_tipo_B] gen 12/25  mejor=  180.54  medio=  111.71
  [vs_tipo_B] gen 13/25  mejor=  189.34  medio=  125.68
  [vs_tipo_B] gen 14/25  mejor=  204.92  medio=  126.16
  [vs_tipo_B] gen 15/25  mejor=  189.44  medio=   99.09
  [vs_tipo_B] gen 16/25  mejor=  197.72  medio=   98.62
  [vs_tipo_B] gen 17/25  mejor=  194.83  medio=  131.64
  [vs_tipo_B] gen 18/25  mejor=  192.53  medio=  134.28
  [vs_tipo_B] gen 19/25  mejor=  201.80  medio=  134.09
  [vs_tipo_B] gen 20/25  mejor=  194.83  medio=  125.99
  [vs_tipo_B] gen 21/25  mejor=  191.46  medio=   94.43
  [vs_tipo_B] gen 22/25  mejor=  201.80  medio=   99.30
  [vs_tipo_B] gen 23/25  mejor=  198.65  medio=  124.80
  [vs_tipo_B] gen 24/25  mejor=  191.43  medio=  142.54
  [vs_tipo_B] gen 25/25  mejor=  201.80  medio=   91.52
  [vs_tipo_C] sensores congelados (IV.2 del PDF): escudo_objetivo
  [vs_tipo_C] gen  1/25  mejor=  137.57  medio=   29.81
  [vs_tipo_C] gen  2/25  mejor=  130.54  medio=   57.65
  [vs_tipo_C] gen  3/25  mejor=  174.64  medio=   76.94
  [vs_tipo_C] gen  4/25  mejor=  190.74  medio=   60.54
  [vs_tipo_C] gen  5/25  mejor=  214.04  medio=   69.59
  [vs_tipo_C] gen  6/25  mejor=  221.99  medio=  105.35
  [vs_tipo_C] gen  7/25  mejor=  175.95  medio=   79.55
  [vs_tipo_C] gen  8/25  mejor=  174.73  medio=   98.20
  [vs_tipo_C] gen  9/25  mejor=  221.99  medio=  108.17
  [vs_tipo_C] gen 10/25  mejor=  175.95  medio=   83.69
  [vs_tipo_C] gen 11/25  mejor=  212.42  medio=   91.29
  [vs_tipo_C] gen 12/25  mejor=  189.98  medio=   81.95
  [vs_tipo_C] gen 13/25  mejor=  172.13  medio=   75.96
  [vs_tipo_C] gen 14/25  mejor=  212.42  medio=   90.01
  [vs_tipo_C] gen 15/25  mejor=  189.98  medio=   90.11
  [vs_tipo_C] gen 16/25  mejor=  172.13  medio=   66.75
  [vs_tipo_C] gen 17/25  mejor=  212.42  medio=  102.68
  [vs_tipo_C] gen 18/25  mejor=  194.13  medio=   78.69
  [vs_tipo_C] gen 19/25  mejor=  190.84  medio=   83.96
  [vs_tipo_C] gen 20/25  mejor=  212.42  medio=   87.56
  [vs_tipo_C] gen 21/25  mejor=  194.13  medio=  103.05
  [vs_tipo_C] gen 22/25  mejor=  190.84  medio=   79.95
  [vs_tipo_C] gen 23/25  mejor=  212.42  medio=  109.95
  [vs_tipo_C] gen 24/25  mejor=  211.60  medio=   96.36
  [vs_tipo_C] gen 25/25  mejor=  213.52  medio=   79.70
  [vs_humano_bot] sin sensores congelados
  [vs_humano_bot] gen  1/25  mejor=   17.86  medio=  -13.38
  [vs_humano_bot] gen  2/25  mejor=   39.47  medio=   -3.68
  [vs_humano_bot] gen  3/25  mejor=   70.48  medio=    2.39
  [vs_humano_bot] gen  4/25  mejor=   45.28  medio=    2.22
  [vs_humano_bot] gen  5/25  mejor=   14.76  medio=   -8.28
  [vs_humano_bot] gen  6/25  mejor=   52.95  medio=    9.87
  [vs_humano_bot] gen  7/25  mejor=   56.28  medio=   15.68
  [vs_humano_bot] gen  8/25  mejor=    1.94  medio=   -6.73
  [vs_humano_bot] gen  9/25  mejor=   62.83  medio=   12.70
  [vs_humano_bot] gen 10/25  mejor=   48.20  medio=   11.22
  [vs_humano_bot] gen 11/25  mejor=   32.23  medio=   -5.82
  [vs_humano_bot] gen 12/25  mejor=   64.95  medio=    4.38
  [vs_humano_bot] gen 13/25  mejor=   37.38  medio=    5.61
  [vs_humano_bot] gen 14/25  mejor=    7.04  medio=   -7.68
  [vs_humano_bot] gen 15/25  mejor=   48.05  medio=    9.38
  [vs_humano_bot] gen 16/25  mejor=   48.05  medio=   15.46
  [vs_humano_bot] gen 17/25  mejor=   12.34  medio=   -6.34
  [vs_humano_bot] gen 18/25  mejor=   38.36  medio=   -1.26
  [vs_humano_bot] gen 19/25  mejor=   44.27  medio=    1.39
  [vs_humano_bot] gen 20/25  mejor=   11.91  medio=   -8.13
  [vs_humano_bot] gen 21/25  mejor=   33.79  medio=   -2.87
  [vs_humano_bot] gen 22/25  mejor=   48.99  medio=   12.39
  [vs_humano_bot] gen 23/25  mejor=   27.99  medio=   -6.48
  [vs_humano_bot] gen 24/25  mejor=   62.02  medio=    8.10
  [vs_humano_bot] gen 25/25  mejor=   46.83  medio=   10.60
  [vs_escolta_D] sensores congelados (IV.2 del PDF): escudo_objetivo
  [vs_escolta_D] gen  1/25  mejor=  172.89  medio=   92.11
  [vs_escolta_D] gen  2/25  mejor=  160.65  medio=   37.42
  [vs_escolta_D] gen  3/25  mejor=  224.35  medio=   67.35
  [vs_escolta_D] gen  4/25  mejor=  276.35  medio=   82.55
  [vs_escolta_D] gen  5/25  mejor=  214.80  medio=   53.71
  [vs_escolta_D] gen  6/25  mejor=  297.15  medio=   71.32
  [vs_escolta_D] gen  7/25  mejor=  307.97  medio=  129.91
  [vs_escolta_D] gen  8/25  mejor=  214.80  medio=   60.92
  [vs_escolta_D] gen  9/25  mejor=  297.15  medio=   67.75
  [vs_escolta_D] gen 10/25  mejor=  307.97  medio=  100.48
  [vs_escolta_D] gen 11/25  mejor=  214.80  medio=   57.11
  [vs_escolta_D] gen 12/25  mejor=  297.15  medio=   68.47
  [vs_escolta_D] gen 13/25  mejor=  307.97  medio=  104.26
  [vs_escolta_D] gen 14/25  mejor=  233.66  medio=   71.42
  [vs_escolta_D] gen 15/25  mejor=  211.34  medio=   80.77
  [vs_escolta_D] gen 16/25  mejor=  282.56  medio=  111.56
  [vs_escolta_D] gen 17/25  mejor=  206.16  medio=   67.04
  [vs_escolta_D] gen 18/25  mejor=  237.16  medio=   74.22
  [vs_escolta_D] gen 19/25  mejor=  282.56  medio=  118.92
  [vs_escolta_D] gen 20/25  mejor=  206.16  medio=   80.35
  [vs_escolta_D] gen 21/25  mejor=  237.16  medio=   68.41
  [vs_escolta_D] gen 22/25  mejor=  282.56  medio=  110.44
  [vs_escolta_D] gen 23/25  mejor=  206.16  medio=   80.25
  [vs_escolta_D] gen 24/25  mejor=  237.16  medio=   78.55
  [vs_escolta_D] gen 25/25  mejor=  282.56  medio=  108.77
  Entrenamiento terminado. Fitness del mejor: 282.56
  repeticion 1/5 completada (13 escenarios)
  repeticion 2/5 completada (13 escenarios)
  repeticion 3/5 completada (13 escenarios)
  repeticion 4/5 completada (13 escenarios)
  repeticion 5/5 completada (13 escenarios)

[2/16] Configuracion num_pobladores=10  (p10_m0.15_gaussiana_torneo_uniforme_aleatorio_deep)
  [vs_tipo_A] sensores congelados (IV.2 del PDF): escudo_objetivo
  [vs_tipo_A] gen  1/25  mejor=   49.40  medio=   24.85
  [vs_tipo_A] gen  2/25  mejor=   36.94  medio=   13.73
  [vs_tipo_A] gen  3/25  mejor=   34.65  medio=   13.38
  [vs_tipo_A] gen  4/25  mejor=   72.80  medio=   44.82
  [vs_tipo_A] gen  5/25  mejor=   48.95  medio=   29.87
  [vs_tipo_A] gen  6/25  mejor=   94.93  medio=   39.90
  [vs_tipo_A] gen  7/25  mejor=  121.68  medio=   50.04
  [vs_tipo_A] gen  8/25  mejor=   52.54  medio=   20.00
  [vs_tipo_A] gen  9/25  mejor=  217.22  medio=   66.56
  [vs_tipo_A] gen 10/25  mejor=  190.56  medio=   77.54
  [vs_tipo_A] gen 11/25  mejor=  130.15  medio=   51.28
  [vs_tipo_A] gen 12/25  mejor=  163.93  medio=   78.10
  [vs_tipo_A] gen 13/25  mejor=  127.01  medio=   43.05
  [vs_tipo_A] gen 14/25  mejor=  130.15  medio=   48.51
  [vs_tipo_A] gen 15/25  mejor=  181.91  medio=   61.23
  [vs_tipo_A] gen 16/25  mejor=  181.52  medio=   74.66
  [vs_tipo_A] gen 17/25  mejor=  111.33  medio=   54.93
  [vs_tipo_A] gen 18/25  mejor=  181.91  medio=   51.15
  [vs_tipo_A] gen 19/25  mejor=  113.63  medio=   51.91
  [vs_tipo_A] gen 20/25  mejor=  120.95  medio=   52.11
  [vs_tipo_A] gen 21/25  mejor=  181.91  medio=   79.47
  [vs_tipo_A] gen 22/25  mejor=  140.28  medio=   61.24
  [vs_tipo_A] gen 23/25  mejor=  158.72  medio=   61.51
  [vs_tipo_A] gen 24/25  mejor=  206.64  medio=   92.00
  [vs_tipo_A] gen 25/25  mejor=  136.39  medio=   81.59
  [vs_tipo_B] sin sensores congelados
  [vs_tipo_B] gen  1/25  mejor=  108.35  medio=   30.08
  [vs_tipo_B] gen  2/25  mejor=  194.66  medio=  102.56
  [vs_tipo_B] gen  3/25  mejor=  180.33  medio=   64.02
  [vs_tipo_B] gen  4/25  mejor=  185.46  medio=   96.77
  [vs_tipo_B] gen  5/25  mejor=  195.45  medio=  118.28
  [vs_tipo_B] gen  6/25  mejor=  186.09  medio=   96.75
  [vs_tipo_B] gen  7/25  mejor=  186.04  medio=  111.61
  [vs_tipo_B] gen  8/25  mejor=  196.78  medio=  122.20
  [vs_tipo_B] gen  9/25  mejor=  196.49  medio=  139.03
  [vs_tipo_B] gen 10/25  mejor=  194.52  medio=  105.85
  [vs_tipo_B] gen 11/25  mejor=  193.05  medio=   59.78
  [vs_tipo_B] gen 12/25  mejor=  195.13  medio=  101.30
  [vs_tipo_B] gen 13/25  mejor=  195.45  medio=   97.71
  [vs_tipo_B] gen 14/25  mejor=  193.05  medio=   87.38
  [vs_tipo_B] gen 15/25  mejor=  193.68  medio=   86.56
  [vs_tipo_B] gen 16/25  mejor=  193.63  medio=  110.84
  [vs_tipo_B] gen 17/25  mejor=  195.45  medio=  113.98
  [vs_tipo_B] gen 18/25  mejor=  196.27  medio=  114.71
  [vs_tipo_B] gen 19/25  mejor=  196.21  medio=   89.12
  [vs_tipo_B] gen 20/25  mejor=  200.19  medio=  133.89
  [vs_tipo_B] gen 21/25  mejor=  196.36  medio=  150.62
  [vs_tipo_B] gen 22/25  mejor=  197.63  medio=  147.24
  [vs_tipo_B] gen 23/25  mejor=  204.80  medio=  150.08
  [vs_tipo_B] gen 24/25  mejor=  199.93  medio=  131.07
  [vs_tipo_B] gen 25/25  mejor=  200.59  medio=  130.08
  [vs_tipo_C] sensores congelados (IV.2 del PDF): escudo_objetivo
  [vs_tipo_C] gen  1/25  mejor=   93.70  medio=   12.34
  [vs_tipo_C] gen  2/25  mejor=  175.90  medio=   41.47
  [vs_tipo_C] gen  3/25  mejor=  208.76  medio=   57.01
  [vs_tipo_C] gen  4/25  mejor=   94.47  medio=   21.37
  [vs_tipo_C] gen  5/25  mejor=  122.78  medio=   62.47
  [vs_tipo_C] gen  6/25  mejor=  132.86  medio=   75.48
  [vs_tipo_C] gen  7/25  mejor=  108.00  medio=   60.96
  [vs_tipo_C] gen  8/25  mejor=  121.34  medio=   74.11
  [vs_tipo_C] gen  9/25  mejor=  187.16  medio=  101.45
  [vs_tipo_C] gen 10/25  mejor=  109.46  medio=   68.29
  [vs_tipo_C] gen 11/25  mejor=   87.39  medio=   64.50
  [vs_tipo_C] gen 12/25  mejor=  144.16  medio=   97.60
  [vs_tipo_C] gen 13/25  mejor=  113.55  medio=   71.30
  [vs_tipo_C] gen 14/25  mejor=  150.41  medio=   78.70
  [vs_tipo_C] gen 15/25  mejor=  133.84  medio=  112.90
  [vs_tipo_C] gen 16/25  mejor=  187.86  medio=   96.17
  [vs_tipo_C] gen 17/25  mejor=  150.41  medio=   76.29
  [vs_tipo_C] gen 18/25  mejor=  163.73  medio=  101.42
  [vs_tipo_C] gen 19/25  mejor=  143.51  medio=  107.24
  [vs_tipo_C] gen 20/25  mejor=  162.18  medio=   93.49
  [vs_tipo_C] gen 21/25  mejor=  158.33  medio=   77.41
  [vs_tipo_C] gen 22/25  mejor=  118.82  medio=   78.24
  [vs_tipo_C] gen 23/25  mejor=  108.62  medio=   78.15
  [vs_tipo_C] gen 24/25  mejor=  190.89  medio=  111.84
  [vs_tipo_C] gen 25/25  mejor=  125.34  medio=   84.96
  [vs_humano_bot] sin sensores congelados
  [vs_humano_bot] gen  1/25  mejor=   48.27  medio=   -7.73
  [vs_humano_bot] gen  2/25  mejor=   43.19  medio=   -7.21
  [vs_humano_bot] gen  3/25  mejor=   97.49  medio=   27.48
  [vs_humano_bot] gen  4/25  mejor=   48.27  medio=   -2.73
  [vs_humano_bot] gen  5/25  mejor=   46.78  medio=    5.93
  [vs_humano_bot] gen  6/25  mejor=   97.49  medio=   33.61
  [vs_humano_bot] gen  7/25  mejor=   48.27  medio=    8.26
  [vs_humano_bot] gen  8/25  mejor=   43.19  medio=    1.02
  [vs_humano_bot] gen  9/25  mejor=  178.31  medio=   59.95
  [vs_humano_bot] gen 10/25  mejor=   67.31  medio=    5.09
  [vs_humano_bot] gen 11/25  mejor=   17.59  medio=   -7.03
  [vs_humano_bot] gen 12/25  mejor=  113.92  medio=   24.97
  [vs_humano_bot] gen 13/25  mejor=   67.31  medio=   30.31
  [vs_humano_bot] gen 14/25  mejor=   33.18  medio=    5.43
  [vs_humano_bot] gen 15/25  mejor=   75.80  medio=   31.02
  [vs_humano_bot] gen 16/25  mejor=   17.27  medio=   -3.84
  [vs_humano_bot] gen 17/25  mejor=   37.01  medio=   -2.80
  [vs_humano_bot] gen 18/25  mejor=   93.05  medio=   27.23
  [vs_humano_bot] gen 19/25  mejor=   46.86  medio=   15.57
  [vs_humano_bot] gen 20/25  mejor=   33.33  medio=   -5.14
  [vs_humano_bot] gen 21/25  mejor=   96.98  medio=   18.25
  [vs_humano_bot] gen 22/25  mejor=   41.72  medio=   -1.19
  [vs_humano_bot] gen 23/25  mejor=   40.10  medio=    2.43
  [vs_humano_bot] gen 24/25  mejor=   98.98  medio=   44.84
  [vs_humano_bot] gen 25/25  mejor=  103.99  medio=   19.55
  [vs_escolta_D] sensores congelados (IV.2 del PDF): escudo_objetivo
  [vs_escolta_D] gen  1/25  mejor=   81.29  medio=   68.97
  [vs_escolta_D] gen  2/25  mejor=   27.42  medio=   11.55
  [vs_escolta_D] gen  3/25  mejor=   76.05  medio=   61.98
  [vs_escolta_D] gen  4/25  mejor=  100.25  medio=   74.54
  [vs_escolta_D] gen  5/25  mejor=   87.85  medio=   49.86
  [vs_escolta_D] gen  6/25  mejor=   74.31  medio=   50.21
  [vs_escolta_D] gen  7/25  mejor=  156.20  medio=  114.93
  [vs_escolta_D] gen  8/25  mejor=   91.81  medio=   37.11
  [vs_escolta_D] gen  9/25  mejor=   74.31  medio=   50.77
  [vs_escolta_D] gen 10/25  mejor=  156.20  medio=   95.72
  [vs_escolta_D] gen 11/25  mejor=   87.85  medio=   50.61
  [vs_escolta_D] gen 12/25  mejor=   74.31  medio=   46.39
  [vs_escolta_D] gen 13/25  mejor=  156.20  medio=  102.26
  [vs_escolta_D] gen 14/25  mejor=   87.85  medio=   61.43
  [vs_escolta_D] gen 15/25  mejor=   74.31  medio=   51.11
  [vs_escolta_D] gen 16/25  mejor=  156.20  medio=   92.21
  [vs_escolta_D] gen 17/25  mejor=   87.85  medio=   56.16
  [vs_escolta_D] gen 18/25  mejor=   74.31  medio=   43.60
  [vs_escolta_D] gen 19/25  mejor=  156.20  medio=   98.42
  [vs_escolta_D] gen 20/25  mejor=   87.85  medio=   42.60
  [vs_escolta_D] gen 21/25  mejor=   74.31  medio=   48.32
  [vs_escolta_D] gen 22/25  mejor=  156.20  medio=   94.90
  [vs_escolta_D] gen 23/25  mejor=   87.85  medio=   61.61
  [vs_escolta_D] gen 24/25  mejor=   74.31  medio=   56.11
  [vs_escolta_D] gen 25/25  mejor=  156.20  medio=  103.06
  Entrenamiento terminado. Fitness del mejor: 156.20
  repeticion 1/5 completada (13 escenarios)
  repeticion 2/5 completada (13 escenarios)
  repeticion 3/5 completada (13 escenarios)
  repeticion 4/5 completada (13 escenarios)
  repeticion 5/5 completada (13 escenarios)

[3/16] Configuracion num_pobladores=50  (p50_m0.15_gaussiana_torneo_uniforme_aleatorio_deep)
  [vs_tipo_A] sensores congelados (IV.2 del PDF): escudo_objetivo
  [vs_tipo_A] gen  1/25  mejor=   51.34  medio=   27.88
  [vs_tipo_A] gen  2/25  mejor=   44.39  medio=   10.31
  [vs_tipo_A] gen  3/25  mejor=  114.28  medio=   12.00
  [vs_tipo_A] gen  4/25  mejor=   76.33  medio=   25.51
  [vs_tipo_A] gen  5/25  mejor=  131.87  medio=   18.12
  [vs_tipo_A] gen  6/25  mejor=  255.60  medio=   16.91
  [vs_tipo_A] gen  7/25  mejor=  152.79  medio=   26.12
  [vs_tipo_A] gen  8/25  mejor=  137.85  medio=   30.95
  [vs_tipo_A] gen  9/25  mejor=  259.17  medio=   36.12
  [vs_tipo_A] gen 10/25  mejor=  156.21  medio=   40.36
  [vs_tipo_A] gen 11/25  mejor=  217.90  medio=   43.89
  [vs_tipo_A] gen 12/25  mejor=  214.12  medio=   59.50
  [vs_tipo_A] gen 13/25  mejor=  117.51  medio=   43.44
  [vs_tipo_A] gen 14/25  mejor=  139.39  medio=   44.26
  [vs_tipo_A] gen 15/25  mejor=  240.57  medio=   73.31
  [vs_tipo_A] gen 16/25  mejor=  125.28  medio=   38.10
  [vs_tipo_A] gen 17/25  mejor=  179.04  medio=   33.35
  [vs_tipo_A] gen 18/25  mejor=  239.14  medio=   55.72
  [vs_tipo_A] gen 19/25  mejor=  147.04  medio=   52.95
  [vs_tipo_A] gen 20/25  mejor=  232.15  medio=   62.57
  [vs_tipo_A] gen 21/25  mejor=  261.87  medio=   75.81
  [vs_tipo_A] gen 22/25  mejor=  211.08  medio=   55.78
  [vs_tipo_A] gen 23/25  mejor=  232.15  medio=   67.39
  [vs_tipo_A] gen 24/25  mejor=  261.87  medio=   82.32
  [vs_tipo_A] gen 25/25  mejor=  211.08  medio=   57.53
  [vs_tipo_B] sin sensores congelados
  [vs_tipo_B] gen  1/25  mejor=  178.39  medio=   73.18
  [vs_tipo_B] gen  2/25  mejor=  181.60  medio=  120.39
  [vs_tipo_B] gen  3/25  mejor=  191.26  medio=   99.45
  [vs_tipo_B] gen  4/25  mejor=  195.37  medio=   93.11
  [vs_tipo_B] gen  5/25  mejor=  204.70  medio=   78.70
  [vs_tipo_B] gen  6/25  mejor=  199.11  medio=  112.95
  [vs_tipo_B] gen  7/25  mejor=  204.77  medio=   94.36
  [vs_tipo_B] gen  8/25  mejor=  203.74  medio=   98.71
  [vs_tipo_B] gen  9/25  mejor=  198.30  medio=   94.85
  [vs_tipo_B] gen 10/25  mejor=  198.45  medio=  100.29
  [vs_tipo_B] gen 11/25  mejor=  198.84  medio=   77.81
  [vs_tipo_B] gen 12/25  mejor=  199.83  medio=  106.17
  [vs_tipo_B] gen 13/25  mejor=  199.98  medio=  107.96
  [vs_tipo_B] gen 14/25  mejor=  201.50  medio=  104.99
  [vs_tipo_B] gen 15/25  mejor=  202.48  medio=  116.30
  [vs_tipo_B] gen 16/25  mejor=  201.61  medio=  102.27
  [vs_tipo_B] gen 17/25  mejor=  201.50  medio=  119.38
  [vs_tipo_B] gen 18/25  mejor=  201.46  medio=  101.28
  [vs_tipo_B] gen 19/25  mejor=  201.61  medio=  114.07
  [vs_tipo_B] gen 20/25  mejor=  203.13  medio=  123.28
  [vs_tipo_B] gen 21/25  mejor=  201.46  medio=  125.59
  [vs_tipo_B] gen 22/25  mejor=  204.16  medio=  118.07
  [vs_tipo_B] gen 23/25  mejor=  203.84  medio=  117.89
  [vs_tipo_B] gen 24/25  mejor=  203.70  medio=  130.52
  [vs_tipo_B] gen 25/25  mejor=  204.16  medio=  142.57
  [vs_tipo_C] sensores congelados (IV.2 del PDF): escudo_objetivo
  [vs_tipo_C] gen  1/25  mejor=  171.13  medio=   66.28
  [vs_tipo_C] gen  2/25  mejor=  198.42  medio=   81.96
  [vs_tipo_C] gen  3/25  mejor=  236.31  medio=   81.83
  [vs_tipo_C] gen  4/25  mejor=  196.85  medio=   56.63
  [vs_tipo_C] gen  5/25  mejor=  202.66  medio=   70.68
  [vs_tipo_C] gen  6/25  mejor=  218.65  medio=   85.47
  [vs_tipo_C] gen  7/25  mejor=  181.41  medio=   66.88
  [vs_tipo_C] gen  8/25  mejor=  228.69  medio=   80.59
  [vs_tipo_C] gen  9/25  mejor=  218.65  medio=   96.28
  [vs_tipo_C] gen 10/25  mejor=  185.24  medio=   73.20
  [vs_tipo_C] gen 11/25  mejor=  221.52  medio=   86.23
  [vs_tipo_C] gen 12/25  mejor=  229.60  medio=  107.15
  [vs_tipo_C] gen 13/25  mejor=  209.94  medio=   74.42
  [vs_tipo_C] gen 14/25  mejor=  230.01  medio=   86.24
  [vs_tipo_C] gen 15/25  mejor=  201.01  medio=  109.51
  [vs_tipo_C] gen 16/25  mejor=  182.97  medio=   89.35
  [vs_tipo_C] gen 17/25  mejor=  172.20  medio=   93.10
  [vs_tipo_C] gen 18/25  mejor=  209.17  medio=   91.94
  [vs_tipo_C] gen 19/25  mejor=  184.09  medio=   75.19
  [vs_tipo_C] gen 20/25  mejor=  237.11  medio=   97.84
  [vs_tipo_C] gen 21/25  mejor=  238.62  medio=  117.29
  [vs_tipo_C] gen 22/25  mejor=  222.09  medio=   95.48
  [vs_tipo_C] gen 23/25  mejor=  244.15  medio=  102.99
  [vs_tipo_C] gen 24/25  mejor=  228.51  medio=  118.84
  [vs_tipo_C] gen 25/25  mejor=  222.86  medio=  101.63
  [vs_humano_bot] sin sensores congelados
  [vs_humano_bot] gen  1/25  mejor=    1.42  medio=  -15.49
  [vs_humano_bot] gen  2/25  mejor=   24.59  medio=   -5.81
  [vs_humano_bot] gen  3/25  mejor=   57.88  medio=    1.13
  [vs_humano_bot] gen  4/25  mejor=   37.00  medio=   -2.46
  [vs_humano_bot] gen  5/25  mejor=   57.83  medio=    5.54
  [vs_humano_bot] gen  6/25  mejor=   73.96  medio=   20.54
  [vs_humano_bot] gen  7/25  mejor=   46.66  medio=   -0.09
  [vs_humano_bot] gen  8/25  mejor=   77.19  medio=    2.70
  [vs_humano_bot] gen  9/25  mejor=  143.70  medio=   23.76
  [vs_humano_bot] gen 10/25  mejor=  117.24  medio=    3.94
  [vs_humano_bot] gen 11/25  mejor=   43.50  medio=   -2.90
  [vs_humano_bot] gen 12/25  mejor=   72.91  medio=   23.74
  [vs_humano_bot] gen 13/25  mejor=   45.08  medio=    3.87
  [vs_humano_bot] gen 14/25  mejor=   70.30  medio=    1.30
  [vs_humano_bot] gen 15/25  mejor=   76.50  medio=   25.34
  [vs_humano_bot] gen 16/25  mejor=   54.41  medio=   -1.72
  [vs_humano_bot] gen 17/25  mejor=   49.78  medio=    3.45
  [vs_humano_bot] gen 18/25  mejor=  144.83  medio=   16.56
  [vs_humano_bot] gen 19/25  mejor=  107.69  medio=    3.41
  [vs_humano_bot] gen 20/25  mejor=  139.18  medio=    2.22
  [vs_humano_bot] gen 21/25  mejor=  166.26  medio=   18.51
  [vs_humano_bot] gen 22/25  mejor=   47.97  medio=    0.50
  [vs_humano_bot] gen 23/25  mejor=   31.71  medio=   -5.26
  [vs_humano_bot] gen 24/25  mejor=  134.05  medio=   24.92
  [vs_humano_bot] gen 25/25  mejor=  105.16  medio=    4.44
  [vs_escolta_D] sensores congelados (IV.2 del PDF): escudo_objetivo
  [vs_escolta_D] gen  1/25  mejor=  137.66  medio=   77.50
  [vs_escolta_D] gen  2/25  mejor=   96.35  medio=   31.97
  [vs_escolta_D] gen  3/25  mejor=  104.60  medio=   54.02
  [vs_escolta_D] gen  4/25  mejor=  142.07  medio=   79.80
  [vs_escolta_D] gen  5/25  mejor=  132.99  medio=   47.46
  [vs_escolta_D] gen  6/25  mejor=  119.90  medio=   59.81
  [vs_escolta_D] gen  7/25  mejor=  193.41  medio=   99.41
  [vs_escolta_D] gen  8/25  mejor=  128.07  medio=   56.05
  [vs_escolta_D] gen  9/25  mejor=   96.55  medio=   44.49
  [vs_escolta_D] gen 10/25  mejor=  165.80  medio=   89.30
  [vs_escolta_D] gen 11/25  mejor=  188.06  medio=   49.23
  [vs_escolta_D] gen 12/25  mejor=  166.04  medio=   46.99
  [vs_escolta_D] gen 13/25  mejor=  165.80  medio=   82.57
  [vs_escolta_D] gen 14/25  mejor=  200.26  medio=   58.23
  [vs_escolta_D] gen 15/25  mejor=  166.04  medio=   56.21
  [vs_escolta_D] gen 16/25  mejor=  165.80  medio=   82.63
  [vs_escolta_D] gen 17/25  mejor=  188.06  medio=   55.11
  [vs_escolta_D] gen 18/25  mejor=  166.04  medio=   53.79
  [vs_escolta_D] gen 19/25  mejor=  165.80  medio=   89.92
  [vs_escolta_D] gen 20/25  mejor=  188.06  medio=   67.56
  [vs_escolta_D] gen 21/25  mejor=  166.04  medio=   55.75
  [vs_escolta_D] gen 22/25  mejor=  165.80  medio=   89.72
  [vs_escolta_D] gen 23/25  mejor=  216.98  medio=   67.78
  [vs_escolta_D] gen 24/25  mejor=  248.04  medio=   67.57
  [vs_escolta_D] gen 25/25  mejor=  200.65  medio=   87.17
  Entrenamiento terminado. Fitness del mejor: 200.65
  repeticion 1/5 completada (13 escenarios)
  repeticion 2/5 completada (13 escenarios)
  repeticion 3/5 completada (13 escenarios)
  repeticion 4/5 completada (13 escenarios)
  repeticion 5/5 completada (13 escenarios)

[4/16] Configuracion tasa_mutacion=0.05  (p20_m0.05_gaussiana_torneo_uniforme_aleatorio_deep)
  [vs_tipo_A] sensores congelados (IV.2 del PDF): escudo_objetivo
  [vs_tipo_A] gen  1/25  mejor=   49.40  medio=   32.75
  [vs_tipo_A] gen  2/25  mejor=   60.83  medio=   12.16
  [vs_tipo_A] gen  3/25  mejor=   59.73  medio=   10.52
  [vs_tipo_A] gen  4/25  mejor=   57.34  medio=   34.73
  [vs_tipo_A] gen  5/25  mejor=   63.48  medio=   18.89
  [vs_tipo_A] gen  6/25  mejor=   65.34  medio=   21.73
  [vs_tipo_A] gen  7/25  mejor=   51.34  medio=   40.12
  [vs_tipo_A] gen  8/25  mejor=   48.95  medio=   20.50
  [vs_tipo_A] gen  9/25  mejor=   53.93  medio=   29.55
  [vs_tipo_A] gen 10/25  mejor=   78.87  medio=   44.43
  [vs_tipo_A] gen 11/25  mejor=   54.95  medio=   36.66
  [vs_tipo_A] gen 12/25  mejor=   64.20  medio=   32.88
  [vs_tipo_A] gen 13/25  mejor=   69.25  medio=   42.34
  [vs_tipo_A] gen 14/25  mejor=   55.01  medio=   39.38
  [vs_tipo_A] gen 15/25  mejor=   78.56  medio=   53.20
  [vs_tipo_A] gen 16/25  mejor=   74.72  medio=   56.97
  [vs_tipo_A] gen 17/25  mejor=   61.15  medio=   42.97
  [vs_tipo_A] gen 18/25  mejor=   78.15  medio=   44.87
  [vs_tipo_A] gen 19/25  mejor=   75.16  medio=   53.82
  [vs_tipo_A] gen 20/25  mejor=   54.95  medio=   41.45
  [vs_tipo_A] gen 21/25  mejor=   84.30  medio=   49.32
  [vs_tipo_A] gen 22/25  mejor=   75.05  medio=   55.57
  [vs_tipo_A] gen 23/25  mejor=   72.95  medio=   48.68
  [vs_tipo_A] gen 24/25  mejor=   78.22  medio=   47.99
  [vs_tipo_A] gen 25/25  mejor=   74.98  medio=   50.62
  [vs_tipo_B] sin sensores congelados
  [vs_tipo_B] gen  1/25  mejor=   -7.80  medio=   -7.80
  [vs_tipo_B] gen  2/25  mejor=   -7.80  medio=   -7.80
  [vs_tipo_B] gen  3/25  mejor=   -7.80  medio=   -7.80
  [vs_tipo_B] gen  4/25  mejor=   -7.80  medio=   -7.80
  [vs_tipo_B] gen  5/25  mejor=   -7.80  medio=   -7.80
  [vs_tipo_B] gen  6/25  mejor=   82.82  medio=   -3.27
  [vs_tipo_B] gen  7/25  mejor=   83.02  medio=   11.95
  [vs_tipo_B] gen  8/25  mejor=   84.85  medio=   -2.88
  [vs_tipo_B] gen  9/25  mejor=  174.56  medio=   63.25
  [vs_tipo_B] gen 10/25  mejor=  173.60  medio=   70.33
  [vs_tipo_B] gen 11/25  mejor=  176.00  medio=  112.49
  [vs_tipo_B] gen 12/25  mejor=  177.13  medio=   81.00
  [vs_tipo_B] gen 13/25  mejor=  171.87  medio=   54.81
  [vs_tipo_B] gen 14/25  mejor=  175.21  medio=   91.05
  [vs_tipo_B] gen 15/25  mejor=  174.63  medio=   89.93
  [vs_tipo_B] gen 16/25  mejor=  174.87  medio=   68.44
  [vs_tipo_B] gen 17/25  mejor=  175.14  medio=   84.94
  [vs_tipo_B] gen 18/25  mejor=  179.26  medio=  103.06
  [vs_tipo_B] gen 19/25  mejor=  175.20  medio=   59.28
  [vs_tipo_B] gen 20/25  mejor=  175.43  medio=  120.73
  [vs_tipo_B] gen 21/25  mejor=  176.55  medio=  112.36
  [vs_tipo_B] gen 22/25  mejor=  175.25  medio=  102.73
  [vs_tipo_B] gen 23/25  mejor=  175.22  medio=  113.97
  [vs_tipo_B] gen 24/25  mejor=  175.07  medio=  110.92
  [vs_tipo_B] gen 25/25  mejor=  175.35  medio=   81.68
  [vs_tipo_C] sensores congelados (IV.2 del PDF): escudo_objetivo
  [vs_tipo_C] gen  1/25  mejor=  137.92  medio=   71.15
  [vs_tipo_C] gen  2/25  mejor=  173.10  medio=   83.59
  [vs_tipo_C] gen  3/25  mejor=  221.48  medio=   88.39
  [vs_tipo_C] gen  4/25  mejor=  177.83  medio=   81.36
  [vs_tipo_C] gen  5/25  mejor=  165.08  medio=   80.54
  [vs_tipo_C] gen  6/25  mejor=  222.70  medio=  110.59
  [vs_tipo_C] gen  7/25  mejor=  205.36  medio=   72.62
  [vs_tipo_C] gen  8/25  mejor=  172.05  medio=   78.39
  [vs_tipo_C] gen  9/25  mejor=  155.61  medio=   99.41
  [vs_tipo_C] gen 10/25  mejor=  193.73  medio=   76.87
  [vs_tipo_C] gen 11/25  mejor=  270.49  medio=   97.08
  [vs_tipo_C] gen 12/25  mejor=  199.69  medio=  104.75
  [vs_tipo_C] gen 13/25  mejor=  157.93  medio=   76.82
  [vs_tipo_C] gen 14/25  mejor=  184.87  medio=   75.40
  [vs_tipo_C] gen 15/25  mejor=  223.61  medio=  107.16
  [vs_tipo_C] gen 16/25  mejor=  176.21  medio=   85.66
  [vs_tipo_C] gen 17/25  mejor=  166.18  medio=  111.61
  [vs_tipo_C] gen 18/25  mejor=  229.33  medio=  109.51
  [vs_tipo_C] gen 19/25  mejor=  179.51  medio=   82.55
  [vs_tipo_C] gen 20/25  mejor=  194.15  medio=  104.26
  [vs_tipo_C] gen 21/25  mejor=  235.61  medio=  120.21
  [vs_tipo_C] gen 22/25  mejor=  194.22  medio=  127.34
  [vs_tipo_C] gen 23/25  mejor=  230.50  medio=  116.78
  [vs_tipo_C] gen 24/25  mejor=  238.33  medio=  128.60
  [vs_tipo_C] gen 25/25  mejor=  219.96  medio=  129.99
  [vs_humano_bot] sin sensores congelados
  [vs_humano_bot] gen  1/25  mejor=   29.66  medio=    0.53
  [vs_humano_bot] gen  2/25  mejor=   -7.80  medio=   -8.08
  [vs_humano_bot] gen  3/25  mejor=    7.24  medio=    0.51
  [vs_humano_bot] gen  4/25  mejor=    9.54  medio=    0.20
  [vs_humano_bot] gen  5/25  mejor=   -7.80  medio=   -7.92
  [vs_humano_bot] gen  6/25  mejor=   20.14  medio=   -2.05
  [vs_humano_bot] gen  7/25  mejor=   20.14  medio=    0.65
  [vs_humano_bot] gen  8/25  mejor=   -7.80  medio=   -7.96
  [vs_humano_bot] gen  9/25  mejor=    6.64  medio=   -1.00
  [vs_humano_bot] gen 10/25  mejor=    8.77  medio=    0.37
  [vs_humano_bot] gen 11/25  mejor=   -7.80  medio=   -8.22
  [vs_humano_bot] gen 12/25  mejor=   29.99  medio=   -3.77
  [vs_humano_bot] gen 13/25  mejor=   29.99  medio=    1.49
  [vs_humano_bot] gen 14/25  mejor=   16.56  medio=   -6.58
  [vs_humano_bot] gen 15/25  mejor=   40.46  medio=    5.18
  [vs_humano_bot] gen 16/25  mejor=   40.46  medio=    7.10
  [vs_humano_bot] gen 17/25  mejor=   41.29  medio=   -4.77
  [vs_humano_bot] gen 18/25  mejor=   50.63  medio=   20.97
  [vs_humano_bot] gen 19/25  mejor=   30.25  medio=    1.59
  [vs_humano_bot] gen 20/25  mejor=   41.75  medio=    0.35
  [vs_humano_bot] gen 21/25  mejor=   77.61  medio=   20.12
  [vs_humano_bot] gen 22/25  mejor=   49.91  medio=    5.11
  [vs_humano_bot] gen 23/25  mejor=   44.72  medio=   11.43
  [vs_humano_bot] gen 24/25  mejor=   93.89  medio=   39.80
  [vs_humano_bot] gen 25/25  mejor=   49.64  medio=   16.19
  [vs_escolta_D] sensores congelados (IV.2 del PDF): escudo_objetivo
  [vs_escolta_D] gen  1/25  mejor=  160.47  medio=   34.17
  [vs_escolta_D] gen  2/25  mejor=   74.30  medio=   30.42
  [vs_escolta_D] gen  3/25  mejor=  119.51  medio=   35.58
  [vs_escolta_D] gen  4/25  mejor=  158.96  medio=   88.03
  [vs_escolta_D] gen  5/25  mejor=   79.00  medio=   38.30
  [vs_escolta_D] gen  6/25  mejor=   73.33  medio=   40.43
  [vs_escolta_D] gen  7/25  mejor=  137.91  medio=   72.67
  [vs_escolta_D] gen  8/25  mejor=   99.65  medio=   35.55
  [vs_escolta_D] gen  9/25  mejor=  151.87  medio=   47.78
  [vs_escolta_D] gen 10/25  mejor=  145.12  medio=   76.22
  [vs_escolta_D] gen 11/25  mejor=  140.43  medio=   37.72
  [vs_escolta_D] gen 12/25  mejor=  124.64  medio=   56.33
  [vs_escolta_D] gen 13/25  mejor=  118.13  medio=   68.42
  [vs_escolta_D] gen 14/25  mejor=   97.19  medio=   48.81
  [vs_escolta_D] gen 15/25  mejor=   81.70  medio=   50.47
  [vs_escolta_D] gen 16/25  mejor=  160.90  medio=   91.21
  [vs_escolta_D] gen 17/25  mejor=   78.82  medio=   33.06
  [vs_escolta_D] gen 18/25  mejor=  120.04  medio=   60.65
  [vs_escolta_D] gen 19/25  mejor=  173.29  medio=   84.36
  [vs_escolta_D] gen 20/25  mejor=  107.67  medio=   48.94
  [vs_escolta_D] gen 21/25  mejor=   99.53  medio=   51.81
  [vs_escolta_D] gen 22/25  mejor=  266.16  medio=   99.40
  [vs_escolta_D] gen 23/25  mejor=  106.13  medio=   51.47
  [vs_escolta_D] gen 24/25  mejor=   92.98  medio=   50.02
  [vs_escolta_D] gen 25/25  mejor=  194.91  medio=   97.90
  Entrenamiento terminado. Fitness del mejor: 194.91
  repeticion 1/5 completada (13 escenarios)
  repeticion 2/5 completada (13 escenarios)
  repeticion 3/5 completada (13 escenarios)
  repeticion 4/5 completada (13 escenarios)
  repeticion 5/5 completada (13 escenarios)

[5/16] Configuracion tasa_mutacion=0.30  (p20_m0.30_gaussiana_torneo_uniforme_aleatorio_deep)
  [vs_tipo_A] sensores congelados (IV.2 del PDF): escudo_objetivo
  [vs_tipo_A] gen  1/25  mejor=   49.40  medio=   32.75
  [vs_tipo_A] gen  2/25  mejor=   48.95  medio=    9.53
  [vs_tipo_A] gen  3/25  mejor=   68.77  medio=   15.46
  [vs_tipo_A] gen  4/25  mejor=   49.27  medio=   24.10
  [vs_tipo_A] gen  5/25  mejor=   66.95  medio=   19.09
  [vs_tipo_A] gen  6/25  mejor=   68.77  medio=   19.59
  [vs_tipo_A] gen  7/25  mejor=   53.74  medio=   42.22
  [vs_tipo_A] gen  8/25  mejor=   54.95  medio=   18.89
  [vs_tipo_A] gen  9/25  mejor=   54.36  medio=   19.87
  [vs_tipo_A] gen 10/25  mejor=   51.34  medio=   33.24
  [vs_tipo_A] gen 11/25  mejor=   48.95  medio=   20.61
  [vs_tipo_A] gen 12/25  mejor=   54.59  medio=   19.63
  [vs_tipo_A] gen 13/25  mejor=   51.34  medio=   35.15
  [vs_tipo_A] gen 14/25  mejor=   72.07  medio=   22.39
  [vs_tipo_A] gen 15/25  mejor=   62.36  medio=   22.92
  [vs_tipo_A] gen 16/25  mejor=   68.88  medio=   38.90
  [vs_tipo_A] gen 17/25  mejor=   51.02  medio=   27.61
  [vs_tipo_A] gen 18/25  mejor=   52.20  medio=   19.03
  [vs_tipo_A] gen 19/25  mejor=   56.92  medio=   38.71
  [vs_tipo_A] gen 20/25  mejor=   54.95  medio=   25.33
  [vs_tipo_A] gen 21/25  mejor=   58.20  medio=   22.14
  [vs_tipo_A] gen 22/25  mejor=   51.78  medio=   41.13
  [vs_tipo_A] gen 23/25  mejor=   60.95  medio=   30.66
  [vs_tipo_A] gen 24/25  mejor=   71.36  medio=   26.64
  [vs_tipo_A] gen 25/25  mejor=   78.46  medio=   49.11
  [vs_tipo_B] sin sensores congelados
  [vs_tipo_B] gen  1/25  mejor=   85.52  medio=   11.50
  [vs_tipo_B] gen  2/25  mejor=  166.14  medio=   18.81
  [vs_tipo_B] gen  3/25  mejor=  171.58  medio=   53.05
  [vs_tipo_B] gen  4/25  mejor=  177.97  medio=   72.22
  [vs_tipo_B] gen  5/25  mejor=  188.78  medio=  120.29
  [vs_tipo_B] gen  6/25  mejor=  181.10  medio=   63.00
  [vs_tipo_B] gen  7/25  mejor=  177.23  medio=   68.08
  [vs_tipo_B] gen  8/25  mejor=  184.34  medio=   93.15
  [vs_tipo_B] gen  9/25  mejor=  181.10  medio=   86.42
  [vs_tipo_B] gen 10/25  mejor=  180.82  medio=  111.10
  [vs_tipo_B] gen 11/25  mejor=  184.34  medio=   87.63
  [vs_tipo_B] gen 12/25  mejor=  184.40  medio=   92.70
  [vs_tipo_B] gen 13/25  mejor=  177.23  medio=   57.42
  [vs_tipo_B] gen 14/25  mejor=  184.34  medio=   67.18
  [vs_tipo_B] gen 15/25  mejor=  181.10  medio=   73.68
  [vs_tipo_B] gen 16/25  mejor=  180.83  medio=   69.40
  [vs_tipo_B] gen 17/25  mejor=  184.34  medio=   62.49
  [vs_tipo_B] gen 18/25  mejor=  181.70  medio=   96.40
  [vs_tipo_B] gen 19/25  mejor=  177.23  medio=   88.91
  [vs_tipo_B] gen 20/25  mejor=  184.34  medio=   97.98
  [vs_tipo_B] gen 21/25  mejor=  181.67  medio=  108.00
  [vs_tipo_B] gen 22/25  mejor=  182.49  medio=  109.66
  [vs_tipo_B] gen 23/25  mejor=  186.37  medio=   58.93
  [vs_tipo_B] gen 24/25  mejor=  184.38  medio=   71.96
  [vs_tipo_B] gen 25/25  mejor=  179.08  medio=   85.09
  [vs_tipo_C] sensores congelados (IV.2 del PDF): escudo_objetivo
  [vs_tipo_C] gen  1/25  mejor=  197.62  medio=   74.85
  [vs_tipo_C] gen  2/25  mejor=  169.38  medio=   66.19
  [vs_tipo_C] gen  3/25  mejor=  154.07  medio=   68.25
  [vs_tipo_C] gen  4/25  mejor=  197.62  medio=   64.40
  [vs_tipo_C] gen  5/25  mejor=  224.90  medio=   70.11
  [vs_tipo_C] gen  6/25  mejor=  209.89  medio=   76.70
  [vs_tipo_C] gen  7/25  mejor=  181.32  medio=   65.76
  [vs_tipo_C] gen  8/25  mejor=  224.90  medio=   48.56
  [vs_tipo_C] gen  9/25  mejor=  209.89  medio=   72.98
  [vs_tipo_C] gen 10/25  mejor=  181.32  medio=   67.52
  [vs_tipo_C] gen 11/25  mejor=  234.15  medio=   72.83
  [vs_tipo_C] gen 12/25  mejor=  218.18  medio=   96.22
  [vs_tipo_C] gen 13/25  mejor=  188.20  medio=   86.91
  [vs_tipo_C] gen 14/25  mejor=  234.15  medio=   96.60
  [vs_tipo_C] gen 15/25  mejor=  220.41  medio=   88.68
  [vs_tipo_C] gen 16/25  mejor=  205.61  medio=  112.56
  [vs_tipo_C] gen 17/25  mejor=  167.16  medio=   79.81
  [vs_tipo_C] gen 18/25  mejor=  217.49  medio=  110.17
  [vs_tipo_C] gen 19/25  mejor=  187.91  medio=   91.17
  [vs_tipo_C] gen 20/25  mejor=  237.23  medio=  105.11
  [vs_tipo_C] gen 21/25  mejor=  217.99  medio=  120.69
  [vs_tipo_C] gen 22/25  mejor=  189.51  medio=  102.09
  [vs_tipo_C] gen 23/25  mejor=  237.04  medio=   93.64
  [vs_tipo_C] gen 24/25  mejor=  217.99  medio=  133.05
  [vs_tipo_C] gen 25/25  mejor=  187.91  medio=   96.05
  [vs_humano_bot] sin sensores congelados
  [vs_humano_bot] gen  1/25  mejor=   43.99  medio=   10.85
  [vs_humano_bot] gen  2/25  mejor=   16.77  medio=  -11.75
  [vs_humano_bot] gen  3/25  mejor=   38.55  medio=   19.92
  [vs_humano_bot] gen  4/25  mejor=   36.05  medio=   10.50
  [vs_humano_bot] gen  5/25  mejor=   -7.47  medio=   -9.58
  [vs_humano_bot] gen  6/25  mejor=   49.89  medio=    5.26
  [vs_humano_bot] gen  7/25  mejor=   49.89  medio=    4.88
  [vs_humano_bot] gen  8/25  mejor=   -7.47  medio=  -11.65
  [vs_humano_bot] gen  9/25  mejor=  124.03  medio=   11.57
  [vs_humano_bot] gen 10/25  mejor=  124.36  medio=   24.27
  [vs_humano_bot] gen 11/25  mejor=   -0.04  medio=   -7.34
  [vs_humano_bot] gen 12/25  mejor=   33.25  medio=   -2.88
  [vs_humano_bot] gen 13/25  mejor=   56.51  medio=    3.60
  [vs_humano_bot] gen 14/25  mejor=    5.26  medio=   -7.06
  [vs_humano_bot] gen 15/25  mejor=   70.92  medio=    4.81
  [vs_humano_bot] gen 16/25  mejor=   53.26  medio=   -3.56
  [vs_humano_bot] gen 17/25  mejor=   30.98  medio=   -4.97
  [vs_humano_bot] gen 18/25  mejor=   68.00  medio=   -1.38
  [vs_humano_bot] gen 19/25  mejor=   49.84  medio=    2.72
  [vs_humano_bot] gen 20/25  mejor=   13.74  medio=   -8.75
  [vs_humano_bot] gen 21/25  mejor=   48.93  medio=    3.39
  [vs_humano_bot] gen 22/25  mejor=   80.08  medio=    8.39
  [vs_humano_bot] gen 23/25  mejor=    6.72  medio=  -10.67
  [vs_humano_bot] gen 24/25  mejor=  119.79  medio=   16.37
  [vs_humano_bot] gen 25/25  mejor=  123.18  medio=    8.99
  [vs_escolta_D] sensores congelados (IV.2 del PDF): escudo_objetivo
  [vs_escolta_D] gen  1/25  mejor=  109.83  medio=   20.72
  [vs_escolta_D] gen  2/25  mejor=  120.62  medio=   41.45
  [vs_escolta_D] gen  3/25  mejor=   46.11  medio=    2.94
  [vs_escolta_D] gen  4/25  mejor=  237.42  medio=   95.50
  [vs_escolta_D] gen  5/25  mejor=  218.55  medio=   74.92
  [vs_escolta_D] gen  6/25  mejor=  137.61  medio=   52.70
  [vs_escolta_D] gen  7/25  mejor=  195.09  medio=  123.11
  [vs_escolta_D] gen  8/25  mejor=  208.58  medio=   75.02
  [vs_escolta_D] gen  9/25  mejor=  219.46  medio=   68.17
  [vs_escolta_D] gen 10/25  mejor=  237.39  medio=   98.60
  [vs_escolta_D] gen 11/25  mejor=  220.68  medio=  100.10
  [vs_escolta_D] gen 12/25  mejor=  178.96  medio=   72.63
  [vs_escolta_D] gen 13/25  mejor=  242.51  medio=  123.44
  [vs_escolta_D] gen 14/25  mejor=  239.93  medio=   82.92
  [vs_escolta_D] gen 15/25  mejor=  203.43  medio=   56.61
  [vs_escolta_D] gen 16/25  mejor=  239.04  medio=  113.81
  [vs_escolta_D] gen 17/25  mejor=  178.69  medio=  100.80
  [vs_escolta_D] gen 18/25  mejor=  137.50  medio=   63.99
  [vs_escolta_D] gen 19/25  mejor=  226.84  medio=  124.51
  [vs_escolta_D] gen 20/25  mejor=  210.09  medio=  114.06
  [vs_escolta_D] gen 21/25  mejor=  244.33  medio=  111.90
  [vs_escolta_D] gen 22/25  mejor=  236.03  medio=  130.27
  [vs_escolta_D] gen 23/25  mejor=  229.62  medio=  129.97
  [vs_escolta_D] gen 24/25  mejor=  244.33  medio=   99.15
  [vs_escolta_D] gen 25/25  mejor=  277.99  medio=  145.02
  Entrenamiento terminado. Fitness del mejor: 277.99
  repeticion 1/5 completada (13 escenarios)
  repeticion 2/5 completada (13 escenarios)
  repeticion 3/5 completada (13 escenarios)
  repeticion 4/5 completada (13 escenarios)
  repeticion 5/5 completada (13 escenarios)

[6/16] Configuracion pesos_iniciales=iguales  (p20_m0.15_gaussiana_torneo_uniforme_iguales_deep)
  [vs_tipo_A] sensores congelados (IV.2 del PDF): escudo_objetivo
  [vs_tipo_A] gen  1/25  mejor=  -29.95  medio=  -29.95
  [vs_tipo_A] gen  2/25  mejor=   18.95  medio=    1.91
  [vs_tipo_A] gen  3/25  mejor=   18.59  medio=   10.13
  [vs_tipo_A] gen  4/25  mejor=   45.34  medio=   29.01
  [vs_tipo_A] gen  5/25  mejor=   18.95  medio=   13.91
  [vs_tipo_A] gen  6/25  mejor=   18.59  medio=   16.16
  [vs_tipo_A] gen  7/25  mejor=   45.34  medio=   31.04
  [vs_tipo_A] gen  8/25  mejor=   18.95  medio=   16.43
  [vs_tipo_A] gen  9/25  mejor=   18.59  medio=    6.80
  [vs_tipo_A] gen 10/25  mejor=   45.34  medio=   33.16
  [vs_tipo_A] gen 11/25  mejor=   18.95  medio=   12.02
  [vs_tipo_A] gen 12/25  mejor=   18.59  medio=   11.76
  [vs_tipo_A] gen 13/25  mejor=   45.34  medio=   40.94
  [vs_tipo_A] gen 14/25  mejor=   18.95  medio=   17.03
  [vs_tipo_A] gen 15/25  mejor=   18.59  medio=   18.59
  [vs_tipo_A] gen 16/25  mejor=   45.34  medio=   35.19
  [vs_tipo_A] gen 17/25  mejor=   18.95  medio=    9.81
  [vs_tipo_A] gen 18/25  mejor=   36.59  medio=    9.20
  [vs_tipo_A] gen 19/25  mejor=   49.51  medio=   42.07
  [vs_tipo_A] gen 20/25  mejor=   49.30  medio=   26.47
  [vs_tipo_A] gen 21/25  mejor=   64.20  medio=   27.87
  [vs_tipo_A] gen 22/25  mejor=   79.57  medio=   23.39
  [vs_tipo_A] gen 23/25  mejor=   89.02  medio=   26.71
  [vs_tipo_A] gen 24/25  mejor=   64.20  medio=   37.81
  [vs_tipo_A] gen 25/25  mejor=   60.95  medio=   37.21
  [vs_tipo_B] sin sensores congelados
  [vs_tipo_B] gen  1/25  mejor=   10.20  medio=   -6.90
  [vs_tipo_B] gen  2/25  mejor=   -7.80  medio=   -8.22
  [vs_tipo_B] gen  3/25  mejor=   37.77  medio=   -5.52
  [vs_tipo_B] gen  4/25  mejor=   37.92  medio=   -2.00
  [vs_tipo_B] gen  5/25  mejor=  111.31  medio=   17.24
  [vs_tipo_B] gen  6/25  mejor=  188.57  medio=   33.98
  [vs_tipo_B] gen  7/25  mejor=  193.40  medio=   33.44
  [vs_tipo_B] gen  8/25  mejor=  187.01  medio=   34.57
  [vs_tipo_B] gen  9/25  mejor=  188.57  medio=   34.25
  [vs_tipo_B] gen 10/25  mejor=  193.40  medio=   54.75
  [vs_tipo_B] gen 11/25  mejor=  194.68  medio=   45.08
  [vs_tipo_B] gen 12/25  mejor=  191.25  medio=   67.37
  [vs_tipo_B] gen 13/25  mejor=  188.60  medio=   80.16
  [vs_tipo_B] gen 14/25  mejor=  193.74  medio=   70.55
  [vs_tipo_B] gen 15/25  mejor=  189.83  medio=   54.91
  [vs_tipo_B] gen 16/25  mejor=  194.37  medio=   44.31
  [vs_tipo_B] gen 17/25  mejor=  192.72  medio=   81.58
  [vs_tipo_B] gen 18/25  mejor=  194.52  medio=   73.99
  [vs_tipo_B] gen 19/25  mejor=  197.53  medio=   98.69
  [vs_tipo_B] gen 20/25  mejor=  196.80  medio=   81.37
  [vs_tipo_B] gen 21/25  mejor=  196.26  medio=  113.75
  [vs_tipo_B] gen 22/25  mejor=  197.53  medio=   84.34
  [vs_tipo_B] gen 23/25  mejor=  196.80  medio=   78.12
  [vs_tipo_B] gen 24/25  mejor=  195.65  medio=   77.06
  [vs_tipo_B] gen 25/25  mejor=  198.35  medio=  113.80
  [vs_tipo_C] sensores congelados (IV.2 del PDF): escudo_objetivo
  [vs_tipo_C] gen  1/25  mejor=   81.62  medio=   -8.81
  [vs_tipo_C] gen  2/25  mejor=   82.51  medio=    9.45
  [vs_tipo_C] gen  3/25  mejor=  108.39  medio=    5.15
  [vs_tipo_C] gen  4/25  mejor=  173.02  medio=   18.71
  [vs_tipo_C] gen  5/25  mejor=   94.69  medio=    8.14
  [vs_tipo_C] gen  6/25  mejor=   99.52  medio=   10.37
  [vs_tipo_C] gen  7/25  mejor=   85.19  medio=   10.15
  [vs_tipo_C] gen  8/25  mejor=  169.79  medio=    7.38
  [vs_tipo_C] gen  9/25  mejor=  174.04  medio=   16.97
  [vs_tipo_C] gen 10/25  mejor=   96.93  medio=   23.27
  [vs_tipo_C] gen 11/25  mejor=  169.79  medio=   40.69
  [vs_tipo_C] gen 12/25  mejor=  170.51  medio=   44.82
  [vs_tipo_C] gen 13/25  mejor=  198.45  medio=   45.71
  [vs_tipo_C] gen 14/25  mejor=  169.01  medio=   77.09
  [vs_tipo_C] gen 15/25  mejor=  225.89  medio=   38.89
  [vs_tipo_C] gen 16/25  mejor=  221.66  medio=   83.34
  [vs_tipo_C] gen 17/25  mejor=  193.55  medio=   90.72
  [vs_tipo_C] gen 18/25  mejor=  198.91  medio=   81.91
  [vs_tipo_C] gen 19/25  mejor=  234.26  medio=  115.60
  [vs_tipo_C] gen 20/25  mejor=  230.83  medio=   91.47
  [vs_tipo_C] gen 21/25  mejor=  254.41  medio=  160.76
  [vs_tipo_C] gen 22/25  mejor=  252.20  medio=  123.92
  [vs_tipo_C] gen 23/25  mejor=  230.83  medio=  119.90
  [vs_tipo_C] gen 24/25  mejor=  254.41  medio=  111.30
  [vs_tipo_C] gen 25/25  mejor=  252.20  medio=  147.92
  [vs_humano_bot] sin sensores congelados
  [vs_humano_bot] gen  1/25  mejor=   14.85  medio=  -12.56
  [vs_humano_bot] gen  2/25  mejor=   23.55  medio=   -1.83
  [vs_humano_bot] gen  3/25  mejor=   39.16  medio=   -6.66
  [vs_humano_bot] gen  4/25  mejor=   12.78  medio=  -10.23
  [vs_humano_bot] gen  5/25  mejor=   42.08  medio=   -0.24
  [vs_humano_bot] gen  6/25  mejor=   58.06  medio=   -1.25
  [vs_humano_bot] gen  7/25  mejor=   36.13  medio=   -1.68
  [vs_humano_bot] gen  8/25  mejor=   26.71  medio=   -7.59
  [vs_humano_bot] gen  9/25  mejor=   42.67  medio=    4.54
  [vs_humano_bot] gen 10/25  mejor=   24.13  medio=   -2.37
  [vs_humano_bot] gen 11/25  mejor=   26.46  medio=   -5.80
  [vs_humano_bot] gen 12/25  mejor=   62.88  medio=    5.19
  [vs_humano_bot] gen 13/25  mejor=   43.77  medio=   -4.72
  [vs_humano_bot] gen 14/25  mejor=   43.92  medio=   -1.24
  [vs_humano_bot] gen 15/25  mejor=   43.42  medio=    6.34
  [vs_humano_bot] gen 16/25  mejor=   45.98  medio=   -0.23
  [vs_humano_bot] gen 17/25  mejor=   30.20  medio=   -1.45
  [vs_humano_bot] gen 18/25  mejor=   39.09  medio=    4.73
  [vs_humano_bot] gen 19/25  mejor=   81.67  medio=    4.30
  [vs_humano_bot] gen 20/25  mejor=  136.51  medio=    8.74
  [vs_humano_bot] gen 21/25  mejor=  138.98  medio=   18.05
  [vs_humano_bot] gen 22/25  mejor=   36.73  medio=    1.75
  [vs_humano_bot] gen 23/25  mejor=   28.20  medio=   -4.61
  [vs_humano_bot] gen 24/25  mejor=   66.64  medio=   12.09
  [vs_humano_bot] gen 25/25  mejor=   48.46  medio=    9.65
  [vs_escolta_D] sensores congelados (IV.2 del PDF): escudo_objetivo
  [vs_escolta_D] gen  1/25  mejor=   73.14  medio=    1.65
  [vs_escolta_D] gen  2/25  mejor=   79.02  medio=   27.60
  [vs_escolta_D] gen  3/25  mejor=  180.04  medio=   38.97
  [vs_escolta_D] gen  4/25  mejor=  130.01  medio=   81.25
  [vs_escolta_D] gen  5/25  mejor=  147.70  medio=   60.00
  [vs_escolta_D] gen  6/25  mejor=  155.07  medio=   50.10
  [vs_escolta_D] gen  7/25  mejor=  271.77  medio=  101.15
  [vs_escolta_D] gen  8/25  mejor=  155.49  medio=   69.22
  [vs_escolta_D] gen  9/25  mejor=  235.33  medio=   67.69
  [vs_escolta_D] gen 10/25  mejor=  271.77  medio=  101.83
  [vs_escolta_D] gen 11/25  mejor=  155.49  medio=   74.88
  [vs_escolta_D] gen 12/25  mejor=  222.97  medio=   72.49
  [vs_escolta_D] gen 13/25  mejor=  271.77  medio=  112.71
  [vs_escolta_D] gen 14/25  mejor=  155.49  medio=   62.40
  [vs_escolta_D] gen 15/25  mejor=  222.97  medio=   74.46
  [vs_escolta_D] gen 16/25  mejor=  271.77  medio=   84.52
  [vs_escolta_D] gen 17/25  mejor=  280.02  medio=   79.89
  [vs_escolta_D] gen 18/25  mejor=  159.90  medio=   76.93
  [vs_escolta_D] gen 19/25  mejor=  227.25  medio=  100.22
  [vs_escolta_D] gen 20/25  mejor=  280.02  medio=  101.52
  [vs_escolta_D] gen 21/25  mejor=  147.89  medio=   70.46
  [vs_escolta_D] gen 22/25  mejor=  299.33  medio=  101.71
  [vs_escolta_D] gen 23/25  mejor=  280.02  medio=   96.56
  [vs_escolta_D] gen 24/25  mejor=  212.57  medio=   85.06
  [vs_escolta_D] gen 25/25  mejor=  206.30  medio=  123.34
  Entrenamiento terminado. Fitness del mejor: 206.30
  repeticion 1/5 completada (13 escenarios)
  repeticion 2/5 completada (13 escenarios)
  repeticion 3/5 completada (13 escenarios)
  repeticion 4/5 completada (13 escenarios)
  repeticion 5/5 completada (13 escenarios)

[7/16] Configuracion pesos_iniciales=nulos  (p20_m0.15_gaussiana_torneo_uniforme_nulos_deep)
  [vs_tipo_A] sensores congelados (IV.2 del PDF): escudo_objetivo
  [vs_tipo_A] gen  1/25  mejor=  -29.95  medio=  -29.95
  [vs_tipo_A] gen  2/25  mejor=   18.95  medio=   -7.82
  [vs_tipo_A] gen  3/25  mejor=   47.50  medio=    1.17
  [vs_tipo_A] gen  4/25  mejor=   48.95  medio=   28.34
  [vs_tipo_A] gen  5/25  mejor=   54.95  medio=   11.64
  [vs_tipo_A] gen  6/25  mejor=   54.59  medio=   13.89
  [vs_tipo_A] gen  7/25  mejor=   51.32  medio=   26.43
  [vs_tipo_A] gen  8/25  mejor=   44.25  medio=   15.00
  [vs_tipo_A] gen  9/25  mejor=   47.50  medio=    4.64
  [vs_tipo_A] gen 10/25  mejor=   75.05  medio=   31.51
  [vs_tipo_A] gen 11/25  mejor=   54.95  medio=   16.30
  [vs_tipo_A] gen 12/25  mejor=   84.30  medio=   16.98
  [vs_tipo_A] gen 13/25  mejor=   75.05  medio=   37.98
  [vs_tipo_A] gen 14/25  mejor=  109.88  medio=   14.69
  [vs_tipo_A] gen 15/25  mejor=  141.96  medio=   17.08
  [vs_tipo_A] gen 16/25  mejor=   75.05  medio=   29.46
  [vs_tipo_A] gen 17/25  mejor=   57.65  medio=   28.90
  [vs_tipo_A] gen 18/25  mejor=   84.30  medio=   24.17
  [vs_tipo_A] gen 19/25  mejor=   75.05  medio=   32.12
  [vs_tipo_A] gen 20/25  mejor=   95.01  medio=   28.96
  [vs_tipo_A] gen 21/25  mejor=   84.30  medio=    6.17
  [vs_tipo_A] gen 22/25  mejor=  191.78  medio=   34.61
  [vs_tipo_A] gen 23/25  mejor=  144.51  medio=   30.77
  [vs_tipo_A] gen 24/25  mejor=  136.55  medio=   18.49
  [vs_tipo_A] gen 25/25  mejor=  191.78  medio=   24.71
  [vs_tipo_B] sin sensores congelados
  [vs_tipo_B] gen  1/25  mejor=  171.88  medio=   19.06
  [vs_tipo_B] gen  2/25  mejor=  192.52  medio=   35.48
  [vs_tipo_B] gen  3/25  mejor=  193.85  medio=   94.31
  [vs_tipo_B] gen  4/25  mejor=  191.93  medio=   59.56
  [vs_tipo_B] gen  5/25  mejor=  192.52  medio=   75.60
  [vs_tipo_B] gen  6/25  mejor=  199.33  medio=   88.94
  [vs_tipo_B] gen  7/25  mejor=  197.24  medio=   57.83
  [vs_tipo_B] gen  8/25  mejor=  198.64  medio=   66.49
  [vs_tipo_B] gen  9/25  mejor=  199.33  medio=   75.33
  [vs_tipo_B] gen 10/25  mejor=  197.24  medio=   81.90
  [vs_tipo_B] gen 11/25  mejor=  198.64  medio=   60.48
  [vs_tipo_B] gen 12/25  mejor=  199.33  medio=   44.88
  [vs_tipo_B] gen 13/25  mejor=  197.44  medio=   84.32
  [vs_tipo_B] gen 14/25  mejor=  198.64  medio=   88.47
  [vs_tipo_B] gen 15/25  mejor=  199.62  medio=  100.69
  [vs_tipo_B] gen 16/25  mejor=  198.65  medio=   84.69
  [vs_tipo_B] gen 17/25  mejor=  199.56  medio=  100.59
  [vs_tipo_B] gen 18/25  mejor=  200.34  medio=   84.78
  [vs_tipo_B] gen 19/25  mejor=  199.88  medio=   98.92
  [vs_tipo_B] gen 20/25  mejor=  200.78  medio=  100.12
  [vs_tipo_B] gen 21/25  mejor=  200.44  medio=  121.02
  [vs_tipo_B] gen 22/25  mejor=  200.79  medio=   95.58
  [vs_tipo_B] gen 23/25  mejor=  200.88  medio=   97.98
  [vs_tipo_B] gen 24/25  mejor=  200.44  medio=   95.56
  [vs_tipo_B] gen 25/25  mejor=  200.79  medio=  103.52
  [vs_tipo_C] sensores congelados (IV.2 del PDF): escudo_objetivo
  [vs_tipo_C] gen  1/25  mejor=  110.12  medio=    5.42
  [vs_tipo_C] gen  2/25  mejor=  158.29  medio=   47.46
  [vs_tipo_C] gen  3/25  mejor=  179.37  medio=   73.98
  [vs_tipo_C] gen  4/25  mejor=  126.01  medio=   58.14
  [vs_tipo_C] gen  5/25  mejor=  213.35  medio=   69.40
  [vs_tipo_C] gen  6/25  mejor=  199.61  medio=   67.14
  [vs_tipo_C] gen  7/25  mejor=  218.64  medio=   75.22
  [vs_tipo_C] gen  8/25  mejor=  208.99  medio=   93.24
  [vs_tipo_C] gen  9/25  mejor=  223.09  medio=   94.63
  [vs_tipo_C] gen 10/25  mejor=  202.61  medio=   98.61
  [vs_tipo_C] gen 11/25  mejor=  219.23  medio=  113.85
  [vs_tipo_C] gen 12/25  mejor=  223.34  medio=  119.89
  [vs_tipo_C] gen 13/25  mejor=  227.26  medio=  107.42
  [vs_tipo_C] gen 14/25  mejor=  219.23  medio=  141.56
  [vs_tipo_C] gen 15/25  mejor=  229.76  medio=  141.12
  [vs_tipo_C] gen 16/25  mejor=  221.69  medio=  102.06
  [vs_tipo_C] gen 17/25  mejor=  226.76  medio=  104.06
  [vs_tipo_C] gen 18/25  mejor=  212.78  medio=  117.14
  [vs_tipo_C] gen 19/25  mejor=  216.12  medio=  106.59
  [vs_tipo_C] gen 20/25  mejor=  213.29  medio=  101.59
  [vs_tipo_C] gen 21/25  mejor=  193.55  medio=   97.29
  [vs_tipo_C] gen 22/25  mejor=  205.34  medio=   85.88
  [vs_tipo_C] gen 23/25  mejor=  213.29  medio=   98.42
  [vs_tipo_C] gen 24/25  mejor=  209.87  medio=   72.88
  [vs_tipo_C] gen 25/25  mejor=  205.34  medio=   76.95
  [vs_humano_bot] sin sensores congelados
  [vs_humano_bot] gen  1/25  mejor=   25.13  medio=   -9.90
  [vs_humano_bot] gen  2/25  mejor=   24.45  medio=  -11.98
  [vs_humano_bot] gen  3/25  mejor=   30.03  medio=   -6.18
  [vs_humano_bot] gen  4/25  mejor=   19.11  medio=   -8.50
  [vs_humano_bot] gen  5/25  mejor=   -7.80  medio=  -12.35
  [vs_humano_bot] gen  6/25  mejor=   42.54  medio=   -4.56
  [vs_humano_bot] gen  7/25  mejor=   31.47  medio=   -1.04
  [vs_humano_bot] gen  8/25  mejor=   -7.80  medio=  -14.73
  [vs_humano_bot] gen  9/25  mejor=   30.58  medio=   -1.95
  [vs_humano_bot] gen 10/25  mejor=   45.11  medio=   -0.39
  [vs_humano_bot] gen 11/25  mejor=   -7.80  medio=  -11.44
  [vs_humano_bot] gen 12/25  mejor=   31.32  medio=   -3.89
  [vs_humano_bot] gen 13/25  mejor=   48.63  medio=   -0.41
  [vs_humano_bot] gen 14/25  mejor=   -1.86  medio=  -11.60
  [vs_humano_bot] gen 15/25  mejor=   48.63  medio=  -10.28
  [vs_humano_bot] gen 16/25  mejor=   48.63  medio=   -5.90
  [vs_humano_bot] gen 17/25  mejor=    9.42  medio=  -10.46
  [vs_humano_bot] gen 18/25  mejor=   36.84  medio=   -5.07
  [vs_humano_bot] gen 19/25  mejor=   31.96  medio=    1.66
  [vs_humano_bot] gen 20/25  mejor=   18.54  medio=   -8.88
  [vs_humano_bot] gen 21/25  mejor=   35.16  medio=    0.62
  [vs_humano_bot] gen 22/25  mejor=   42.35  medio=   -4.92
  [vs_humano_bot] gen 23/25  mejor=    9.02  medio=  -14.32
  [vs_humano_bot] gen 24/25  mejor=   43.30  medio=    7.43
  [vs_humano_bot] gen 25/25  mejor=   45.18  medio=    5.13
  [vs_escolta_D] sensores congelados (IV.2 del PDF): escudo_objetivo
  [vs_escolta_D] gen  1/25  mejor=  130.13  medio=   49.06
  [vs_escolta_D] gen  2/25  mejor=   95.14  medio=   32.67
  [vs_escolta_D] gen  3/25  mejor=   90.57  medio=   31.29
  [vs_escolta_D] gen  4/25  mejor=  157.21  medio=   65.01
  [vs_escolta_D] gen  5/25  mejor=  165.87  medio=   63.04
  [vs_escolta_D] gen  6/25  mejor=  127.48  medio=   39.23
  [vs_escolta_D] gen  7/25  mejor=  190.11  medio=   97.07
  [vs_escolta_D] gen  8/25  mejor=  215.03  medio=   79.91
  [vs_escolta_D] gen  9/25  mejor=  159.55  medio=   54.48
  [vs_escolta_D] gen 10/25  mejor=  198.43  medio=  104.29
  [vs_escolta_D] gen 11/25  mejor=  210.06  medio=   70.59
  [vs_escolta_D] gen 12/25  mejor=  162.60  medio=   65.42
  [vs_escolta_D] gen 13/25  mejor=  221.43  medio=   99.91
  [vs_escolta_D] gen 14/25  mejor=  282.34  medio=   82.58
  [vs_escolta_D] gen 15/25  mejor=  301.32  medio=   74.34
  [vs_escolta_D] gen 16/25  mejor=  279.22  medio=  116.46
  [vs_escolta_D] gen 17/25  mejor=  258.01  medio=  140.57
  [vs_escolta_D] gen 18/25  mejor=  232.99  medio=  126.48
  [vs_escolta_D] gen 19/25  mejor=  189.73  medio=  130.58
  [vs_escolta_D] gen 20/25  mejor=  282.29  medio=  157.75
  [vs_escolta_D] gen 21/25  mejor=  247.18  medio=  110.10
  [vs_escolta_D] gen 22/25  mejor=  278.82  medio=  149.12
  [vs_escolta_D] gen 23/25  mejor=  263.57  medio=  134.69
  [vs_escolta_D] gen 24/25  mejor=  233.06  medio=  130.53
  [vs_escolta_D] gen 25/25  mejor=  238.51  medio=  143.40
  Entrenamiento terminado. Fitness del mejor: 238.51
  repeticion 1/5 completada (13 escenarios)
  repeticion 2/5 completada (13 escenarios)
  repeticion 3/5 completada (13 escenarios)
  repeticion 4/5 completada (13 escenarios)
  repeticion 5/5 completada (13 escenarios)

[8/16] Configuracion tasa_seleccion=0.25  (p20_m0.15_gaussiana_torneo_uniforme_aleatorio_deep)
  [vs_tipo_A] sensores congelados (IV.2 del PDF): escudo_objetivo
  [vs_tipo_A] gen  1/25  mejor=   49.40  medio=   32.75
  [vs_tipo_A] gen  2/25  mejor=   48.95  medio=   15.77
  [vs_tipo_A] gen  3/25  mejor=   59.72  medio=   29.95
  [vs_tipo_A] gen  4/25  mejor=   75.35  medio=   41.25
  [vs_tipo_A] gen  5/25  mejor=   55.03  medio=   35.46
  [vs_tipo_A] gen  6/25  mejor=   86.31  medio=   38.59
  [vs_tipo_A] gen  7/25  mejor=   76.99  medio=   40.59
  [vs_tipo_A] gen  8/25  mejor=  127.34  medio=   35.58
  [vs_tipo_A] gen  9/25  mejor=  157.02  medio=   38.67
  [vs_tipo_A] gen 10/25  mejor=  126.32  medio=   64.47
  [vs_tipo_A] gen 11/25  mejor=   91.11  medio=   38.66
  [vs_tipo_A] gen 12/25  mejor=  163.77  medio=   58.60
  [vs_tipo_A] gen 13/25  mejor=  123.41  medio=   51.02
  [vs_tipo_A] gen 14/25  mejor=  135.32  medio=   65.99
  [vs_tipo_A] gen 15/25  mejor=  216.40  medio=   55.94
  [vs_tipo_A] gen 16/25  mejor=  156.26  medio=   46.40
  [vs_tipo_A] gen 17/25  mejor=  126.80  medio=   62.00
  [vs_tipo_A] gen 18/25  mejor=  213.43  medio=   75.07
  [vs_tipo_A] gen 19/25  mejor=  169.85  medio=   76.65
  [vs_tipo_A] gen 20/25  mejor=  158.09  medio=   73.76
  [vs_tipo_A] gen 21/25  mejor=  214.77  medio=   83.03
  [vs_tipo_A] gen 22/25  mejor=  212.44  medio=   97.64
  [vs_tipo_A] gen 23/25  mejor=  233.25  medio=   74.97
  [vs_tipo_A] gen 24/25  mejor=  216.17  medio=  111.96
  [vs_tipo_A] gen 25/25  mejor=  214.56  medio=   84.61
  [vs_tipo_B] sin sensores congelados
  [vs_tipo_B] gen  1/25  mejor=   83.20  medio=    6.10
  [vs_tipo_B] gen  2/25  mejor=   90.82  medio=   -1.27
  [vs_tipo_B] gen  3/25  mejor=  170.57  medio=   29.12
  [vs_tipo_B] gen  4/25  mejor=  184.92  medio=   41.76
  [vs_tipo_B] gen  5/25  mejor=  173.41  medio=   56.26
  [vs_tipo_B] gen  6/25  mejor=  129.68  medio=   55.57
  [vs_tipo_B] gen  7/25  mejor=  188.04  medio=   96.48
  [vs_tipo_B] gen  8/25  mejor=  198.29  medio=  140.75
  [vs_tipo_B] gen  9/25  mejor=  197.90  medio=   88.27
  [vs_tipo_B] gen 10/25  mejor=  199.26  medio=  105.30
  [vs_tipo_B] gen 11/25  mejor=  199.86  medio=  136.96
  [vs_tipo_B] gen 12/25  mejor=  199.52  medio=  112.03
  [vs_tipo_B] gen 13/25  mejor=  200.69  medio=  139.94
  [vs_tipo_B] gen 14/25  mejor=  201.09  medio=  125.09
  [vs_tipo_B] gen 15/25  mejor=  200.34  medio=  115.62
  [vs_tipo_B] gen 16/25  mejor=  200.69  medio=  120.52
  [vs_tipo_B] gen 17/25  mejor=  201.09  medio=  136.72
  [vs_tipo_B] gen 18/25  mejor=  200.64  medio=  134.23
  [vs_tipo_B] gen 19/25  mejor=  200.28  medio=  124.71
  [vs_tipo_B] gen 20/25  mejor=  200.88  medio=  115.98
  [vs_tipo_B] gen 21/25  mejor=  201.51  medio=  125.03
  [vs_tipo_B] gen 22/25  mejor=  201.25  medio=  124.53
  [vs_tipo_B] gen 23/25  mejor=  200.88  medio=  134.42
  [vs_tipo_B] gen 24/25  mejor=  200.54  medio=   99.07
  [vs_tipo_B] gen 25/25  mejor=  200.28  medio=  128.25
  [vs_tipo_C] sensores congelados (IV.2 del PDF): escudo_objetivo
  [vs_tipo_C] gen  1/25  mejor=  127.68  medio=   19.92
  [vs_tipo_C] gen  2/25  mejor=  192.14  medio=   61.44
  [vs_tipo_C] gen  3/25  mejor=  196.07  medio=   67.83
  [vs_tipo_C] gen  4/25  mejor=  176.58  medio=   76.57
  [vs_tipo_C] gen  5/25  mejor=  201.62  medio=   71.79
  [vs_tipo_C] gen  6/25  mejor=  228.04  medio=   99.81
  [vs_tipo_C] gen  7/25  mejor=  201.47  medio=   67.16
  [vs_tipo_C] gen  8/25  mejor=  228.43  medio=  104.32
  [vs_tipo_C] gen  9/25  mejor=  193.36  medio=   62.82
  [vs_tipo_C] gen 10/25  mejor=  183.75  medio=   85.03
  [vs_tipo_C] gen 11/25  mejor=  198.67  medio=   86.27
  [vs_tipo_C] gen 12/25  mejor=  207.92  medio=  103.38
  [vs_tipo_C] gen 13/25  mejor=  179.19  medio=   77.77
  [vs_tipo_C] gen 14/25  mejor=  197.90  medio=   82.11
  [vs_tipo_C] gen 15/25  mejor=  208.88  medio=  102.21
  [vs_tipo_C] gen 16/25  mejor=  182.05  medio=   94.89
  [vs_tipo_C] gen 17/25  mejor=  216.79  medio=   98.44
  [vs_tipo_C] gen 18/25  mejor=  241.70  medio=  129.67
  [vs_tipo_C] gen 19/25  mejor=  172.17  medio=   65.99
  [vs_tipo_C] gen 20/25  mejor=  156.57  medio=   78.19
  [vs_tipo_C] gen 21/25  mejor=  241.70  medio=  109.07
  [vs_tipo_C] gen 22/25  mejor=  172.17  medio=   78.60
  [vs_tipo_C] gen 23/25  mejor=  191.02  medio=   80.75
  [vs_tipo_C] gen 24/25  mejor=  250.97  medio=  123.56
  [vs_tipo_C] gen 25/25  mejor=  166.62  medio=   68.30
  [vs_humano_bot] sin sensores congelados
  [vs_humano_bot] gen  1/25  mejor=   47.28  medio=    1.46
  [vs_humano_bot] gen  2/25  mejor=   31.04  medio=   -5.88
  [vs_humano_bot] gen  3/25  mejor=   59.64  medio=    4.04
  [vs_humano_bot] gen  4/25  mejor=   46.77  medio=   13.75
  [vs_humano_bot] gen  5/25  mejor=   43.26  medio=   -1.90
  [vs_humano_bot] gen  6/25  mejor=   82.01  medio=   36.30
  [vs_humano_bot] gen  7/25  mejor=   43.85  medio=   11.04
  [vs_humano_bot] gen  8/25  mejor=   38.56  medio=   -0.05
  [vs_humano_bot] gen  9/25  mejor=   83.35  medio=   26.34
  [vs_humano_bot] gen 10/25  mejor=  145.61  medio=   24.55
  [vs_humano_bot] gen 11/25  mejor=   42.40  medio=   -0.16
  [vs_humano_bot] gen 12/25  mejor=   41.06  medio=   11.02
  [vs_humano_bot] gen 13/25  mejor=   71.31  medio=    3.44
  [vs_humano_bot] gen 14/25  mejor=   67.32  medio=    5.91
  [vs_humano_bot] gen 15/25  mejor=   87.32  medio=   38.37
  [vs_humano_bot] gen 16/25  mejor=   61.38  medio=   14.11
  [vs_humano_bot] gen 17/25  mejor=   37.77  medio=    1.68
  [vs_humano_bot] gen 18/25  mejor=   87.32  medio=   28.50
  [vs_humano_bot] gen 19/25  mejor=   47.45  medio=    3.29
  [vs_humano_bot] gen 20/25  mejor=   43.14  medio=    7.71
  [vs_humano_bot] gen 21/25  mejor=   91.32  medio=   32.57
  [vs_humano_bot] gen 22/25  mejor=  127.60  medio=   15.85
  [vs_humano_bot] gen 23/25  mejor=   28.27  medio=   -1.11
  [vs_humano_bot] gen 24/25  mejor=   80.33  medio=   23.46
  [vs_humano_bot] gen 25/25  mejor=   67.89  medio=   11.58
  [vs_escolta_D] sensores congelados (IV.2 del PDF): escudo_objetivo
  [vs_escolta_D] gen  1/25  mejor=  221.07  medio=  104.33
  [vs_escolta_D] gen  2/25  mejor=  204.72  medio=  106.19
  [vs_escolta_D] gen  3/25  mejor=  249.51  medio=  129.53
  [vs_escolta_D] gen  4/25  mejor=  261.16  medio=  147.94
  [vs_escolta_D] gen  5/25  mejor=  229.91  medio=  114.16
  [vs_escolta_D] gen  6/25  mejor=  161.18  medio=  100.12
  [vs_escolta_D] gen  7/25  mejor=  260.85  medio=  120.51
  [vs_escolta_D] gen  8/25  mejor=  240.59  medio=  101.83
  [vs_escolta_D] gen  9/25  mejor=  231.84  medio=  101.11
  [vs_escolta_D] gen 10/25  mejor=  262.04  medio=  132.27
  [vs_escolta_D] gen 11/25  mejor=  286.90  medio=  119.36
  [vs_escolta_D] gen 12/25  mejor=  266.84  medio=  111.05
  [vs_escolta_D] gen 13/25  mejor=  243.24  medio=  129.35
  [vs_escolta_D] gen 14/25  mejor=  267.16  medio=  104.98
  [vs_escolta_D] gen 15/25  mejor=  266.84  medio=   89.41
  [vs_escolta_D] gen 16/25  mejor=  251.39  medio=  147.91
  [vs_escolta_D] gen 17/25  mejor=  251.49  medio=  117.32
  [vs_escolta_D] gen 18/25  mejor=  416.94  medio=   82.43
  [vs_escolta_D] gen 19/25  mejor=  266.91  medio=  103.74
  [vs_escolta_D] gen 20/25  mejor=  251.49  medio=  117.82
  [vs_escolta_D] gen 21/25  mejor=  416.94  medio=  120.08
  [vs_escolta_D] gen 22/25  mejor=  266.91  medio=  103.42
  [vs_escolta_D] gen 23/25  mejor=  266.58  medio=  108.91
  [vs_escolta_D] gen 24/25  mejor=  416.94  medio=  112.79
  [vs_escolta_D] gen 25/25  mejor=  266.91  medio=  129.60
  Entrenamiento terminado. Fitness del mejor: 266.91
  repeticion 1/5 completada (13 escenarios)
  repeticion 2/5 completada (13 escenarios)
  repeticion 3/5 completada (13 escenarios)
  repeticion 4/5 completada (13 escenarios)
  repeticion 5/5 completada (13 escenarios)

[9/16] Configuracion tasa_seleccion=0.80  (p20_m0.15_gaussiana_torneo_uniforme_aleatorio_deep)
  [vs_tipo_A] sensores congelados (IV.2 del PDF): escudo_objetivo
  [vs_tipo_A] gen  1/25  mejor=   49.40  medio=   32.75
  [vs_tipo_A] gen  2/25  mejor=   42.95  medio=   15.94
  [vs_tipo_A] gen  3/25  mejor=   46.55  medio=   13.99
  [vs_tipo_A] gen  4/25  mejor=   50.16  medio=   31.29
  [vs_tipo_A] gen  5/25  mejor=   42.95  medio=   18.04
  [vs_tipo_A] gen  6/25  mejor=   67.20  medio=   23.13
  [vs_tipo_A] gen  7/25  mejor=   70.60  medio=   38.71
  [vs_tipo_A] gen  8/25  mejor=   75.13  medio=   21.90
  [vs_tipo_A] gen  9/25  mejor=  153.80  medio=   43.61
  [vs_tipo_A] gen 10/25  mejor=  174.79  medio=   62.11
  [vs_tipo_A] gen 11/25  mejor=  223.34  medio=   50.75
  [vs_tipo_A] gen 12/25  mejor=  223.32  medio=   52.07
  [vs_tipo_A] gen 13/25  mejor=  240.69  medio=   73.04
  [vs_tipo_A] gen 14/25  mejor=  223.34  medio=   60.15
  [vs_tipo_A] gen 15/25  mejor=  218.05  medio=   61.50
  [vs_tipo_A] gen 16/25  mejor=  240.69  medio=   43.82
  [vs_tipo_A] gen 17/25  mejor=  223.34  medio=   51.89
  [vs_tipo_A] gen 18/25  mejor=  218.05  medio=   72.13
  [vs_tipo_A] gen 19/25  mejor=  240.69  medio=   65.25
  [vs_tipo_A] gen 20/25  mejor=  223.34  medio=   91.97
  [vs_tipo_A] gen 21/25  mejor=  226.94  medio=   99.20
  [vs_tipo_A] gen 22/25  mejor=  201.29  medio=   78.47
  [vs_tipo_A] gen 23/25  mejor=  181.81  medio=   60.62
  [vs_tipo_A] gen 24/25  mejor=  252.04  medio=   78.78
  [vs_tipo_A] gen 25/25  mejor=  214.29  medio=   73.85
  [vs_tipo_B] sin sensores congelados
  [vs_tipo_B] gen  1/25  mejor=  164.93  medio=   60.64
  [vs_tipo_B] gen  2/25  mejor=  175.14  medio=   70.88
  [vs_tipo_B] gen  3/25  mejor=  175.31  medio=   83.73
  [vs_tipo_B] gen  4/25  mejor=  175.48  medio=   57.82
  [vs_tipo_B] gen  5/25  mejor=  198.10  medio=   58.07
  [vs_tipo_B] gen  6/25  mejor=  197.96  medio=   75.75
  [vs_tipo_B] gen  7/25  mejor=  196.82  medio=   84.55
  [vs_tipo_B] gen  8/25  mejor=  198.10  medio=   98.97
  [vs_tipo_B] gen  9/25  mejor=  197.96  medio=  107.52
  [vs_tipo_B] gen 10/25  mejor=  199.37  medio=  129.06
  [vs_tipo_B] gen 11/25  mejor=  201.19  medio=  144.36
  [vs_tipo_B] gen 12/25  mejor=  200.03  medio=  159.15
  [vs_tipo_B] gen 13/25  mejor=  201.75  medio=  115.21
  [vs_tipo_B] gen 14/25  mejor=  202.21  medio=  102.70
  [vs_tipo_B] gen 15/25  mejor=  201.66  medio=  124.20
  [vs_tipo_B] gen 16/25  mejor=  201.10  medio=  141.37
  [vs_tipo_B] gen 17/25  mejor=  202.21  medio=  120.37
  [vs_tipo_B] gen 18/25  mejor=  201.66  medio=  160.81
  [vs_tipo_B] gen 19/25  mejor=  201.71  medio=  144.40
  [vs_tipo_B] gen 20/25  mejor=  202.21  medio=  143.24
  [vs_tipo_B] gen 21/25  mejor=  201.66  medio=  147.20
  [vs_tipo_B] gen 22/25  mejor=  201.83  medio=  147.80
  [vs_tipo_B] gen 23/25  mejor=  202.21  medio=  144.32
  [vs_tipo_B] gen 24/25  mejor=  201.66  medio=  128.40
  [vs_tipo_B] gen 25/25  mejor=  201.10  medio=  130.70
  [vs_tipo_C] sensores congelados (IV.2 del PDF): escudo_objetivo
  [vs_tipo_C] gen  1/25  mejor=  135.89  medio=   36.35
  [vs_tipo_C] gen  2/25  mejor=   98.53  medio=   32.14
  [vs_tipo_C] gen  3/25  mejor=  143.19  medio=   78.40
  [vs_tipo_C] gen  4/25  mejor=  197.21  medio=   86.40
  [vs_tipo_C] gen  5/25  mejor=  175.91  medio=   66.98
  [vs_tipo_C] gen  6/25  mejor=  149.99  medio=   78.67
  [vs_tipo_C] gen  7/25  mejor=  202.54  medio=   70.87
  [vs_tipo_C] gen  8/25  mejor=  156.68  medio=   71.70
  [vs_tipo_C] gen  9/25  mejor=  151.92  medio=   88.33
  [vs_tipo_C] gen 10/25  mejor=  202.54  medio=   86.38
  [vs_tipo_C] gen 11/25  mejor=  205.70  medio=   79.90
  [vs_tipo_C] gen 12/25  mejor=  152.47  medio=   98.20
  [vs_tipo_C] gen 13/25  mejor=  202.54  medio=   88.03
  [vs_tipo_C] gen 14/25  mejor=  198.59  medio=   86.17
  [vs_tipo_C] gen 15/25  mejor=  187.74  medio=   90.26
  [vs_tipo_C] gen 16/25  mejor=  194.07  medio=   81.49
  [vs_tipo_C] gen 17/25  mejor=  205.20  medio=  108.56
  [vs_tipo_C] gen 18/25  mejor=  217.24  medio=  125.64
  [vs_tipo_C] gen 19/25  mejor=  237.52  medio=  117.86
  [vs_tipo_C] gen 20/25  mejor=  219.03  medio=  112.12
  [vs_tipo_C] gen 21/25  mejor=  233.52  medio=  108.81
  [vs_tipo_C] gen 22/25  mejor=  237.52  medio=  114.86
  [vs_tipo_C] gen 23/25  mejor=  219.98  medio=  128.77
  [vs_tipo_C] gen 24/25  mejor=  233.52  medio=  140.64
  [vs_tipo_C] gen 25/25  mejor=  240.15  medio=  141.69
  [vs_humano_bot] sin sensores congelados
  [vs_humano_bot] gen  1/25  mejor=   38.30  medio=   -1.60
  [vs_humano_bot] gen  2/25  mejor=   19.36  medio=   -7.74
  [vs_humano_bot] gen  3/25  mejor=  144.83  medio=   26.18
  [vs_humano_bot] gen  4/25  mejor=  106.41  medio=    9.08
  [vs_humano_bot] gen  5/25  mejor=   41.74  medio=   -3.97
  [vs_humano_bot] gen  6/25  mejor=   30.55  medio=   -2.96
  [vs_humano_bot] gen  7/25  mejor=   19.64  medio=   -2.45
  [vs_humano_bot] gen  8/25  mejor=   44.08  medio=   -4.53
  [vs_humano_bot] gen  9/25  mejor=   60.11  medio=   12.95
  [vs_humano_bot] gen 10/25  mejor=   25.82  medio=   -3.89
  [vs_humano_bot] gen 11/25  mejor=   56.17  medio=    4.96
  [vs_humano_bot] gen 12/25  mejor=   71.85  medio=   18.21
  [vs_humano_bot] gen 13/25  mejor=  115.23  medio=   11.88
  [vs_humano_bot] gen 14/25  mejor=   30.74  medio=   -3.84
  [vs_humano_bot] gen 15/25  mejor=   50.39  medio=   14.06
  [vs_humano_bot] gen 16/25  mejor=   87.74  medio=   12.07
  [vs_humano_bot] gen 17/25  mejor=   30.74  medio=   -1.04
  [vs_humano_bot] gen 18/25  mejor=   58.21  medio=   11.00
  [vs_humano_bot] gen 19/25  mejor=   87.74  medio=   11.28
  [vs_humano_bot] gen 20/25  mejor=   53.25  medio=    2.56
  [vs_humano_bot] gen 21/25  mejor=   59.42  medio=   20.88
  [vs_humano_bot] gen 22/25  mejor=   53.75  medio=   11.84
  [vs_humano_bot] gen 23/25  mejor=   42.68  medio=    4.03
  [vs_humano_bot] gen 24/25  mejor=   69.92  medio=   21.11
  [vs_humano_bot] gen 25/25  mejor=   40.65  medio=    4.01
  [vs_escolta_D] sensores congelados (IV.2 del PDF): escudo_objetivo
  [vs_escolta_D] gen  1/25  mejor=   97.16  medio=   65.87
  [vs_escolta_D] gen  2/25  mejor=  104.61  medio=   24.71
  [vs_escolta_D] gen  3/25  mejor=   88.99  medio=   42.66
  [vs_escolta_D] gen  4/25  mejor=  116.58  medio=   70.17
  [vs_escolta_D] gen  5/25  mejor=  136.29  medio=   50.55
  [vs_escolta_D] gen  6/25  mejor=  156.56  medio=   75.22
  [vs_escolta_D] gen  7/25  mejor=  125.55  medio=   64.52
  [vs_escolta_D] gen  8/25  mejor=  148.50  medio=   61.41
  [vs_escolta_D] gen  9/25  mejor=  164.90  medio=   60.29
  [vs_escolta_D] gen 10/25  mejor=  154.07  medio=   74.80
  [vs_escolta_D] gen 11/25  mejor=  103.51  medio=   42.01
  [vs_escolta_D] gen 12/25  mejor=  169.25  medio=   75.42
  [vs_escolta_D] gen 13/25  mejor=  190.14  medio=   78.61
  [vs_escolta_D] gen 14/25  mejor=  111.21  medio=   45.75
  [vs_escolta_D] gen 15/25  mejor=  271.63  medio=   76.61
  [vs_escolta_D] gen 16/25  mejor=  195.91  medio=   77.32
  [vs_escolta_D] gen 17/25  mejor=  103.76  medio=   48.17
  [vs_escolta_D] gen 18/25  mejor=  121.72  medio=   56.00
  [vs_escolta_D] gen 19/25  mejor=  138.00  medio=   75.17
  [vs_escolta_D] gen 20/25  mejor=  158.86  medio=   51.79
  [vs_escolta_D] gen 21/25  mejor=   93.47  medio=   52.37
  [vs_escolta_D] gen 22/25  mejor=  137.90  medio=   84.06
  [vs_escolta_D] gen 23/25  mejor=  111.02  medio=   33.11
  [vs_escolta_D] gen 24/25  mejor=   96.63  medio=   43.98
  [vs_escolta_D] gen 25/25  mejor=  176.01  medio=   66.10
  Entrenamiento terminado. Fitness del mejor: 176.01
  repeticion 1/5 completada (13 escenarios)
  repeticion 2/5 completada (13 escenarios)
  repeticion 3/5 completada (13 escenarios)
  repeticion 4/5 completada (13 escenarios)
  repeticion 5/5 completada (13 escenarios)

[10/16] Configuracion tecnica_mutacion=reemplazo_aleatorio  (p20_m0.15_reemplazo_aleatorio_torneo_uniforme_aleatorio_deep)
  [vs_tipo_A] sensores congelados (IV.2 del PDF): escudo_objetivo
  [vs_tipo_A] gen  1/25  mejor=   49.40  medio=   32.75
  [vs_tipo_A] gen  2/25  mejor=   30.95  medio=   14.06
  [vs_tipo_A] gen  3/25  mejor=   48.59  medio=    8.35
  [vs_tipo_A] gen  4/25  mejor=   57.33  medio=   30.81
  [vs_tipo_A] gen  5/25  mejor=   48.95  medio=   11.08
  [vs_tipo_A] gen  6/25  mejor=   52.20  medio=   22.53
  [vs_tipo_A] gen  7/25  mejor=   61.00  medio=   34.86
  [vs_tipo_A] gen  8/25  mejor=   48.95  medio=   20.05
  [vs_tipo_A] gen  9/25  mejor=   54.59  medio=   12.07
  [vs_tipo_A] gen 10/25  mejor=   51.34  medio=   41.01
  [vs_tipo_A] gen 11/25  mejor=   48.95  medio=   18.85
  [vs_tipo_A] gen 12/25  mejor=   54.59  medio=   16.25
  [vs_tipo_A] gen 13/25  mejor=   51.34  medio=   30.37
  [vs_tipo_A] gen 14/25  mejor=   54.95  medio=   24.10
  [vs_tipo_A] gen 15/25  mejor=   82.81  medio=   17.85
  [vs_tipo_A] gen 16/25  mejor=   60.03  medio=   29.73
  [vs_tipo_A] gen 17/25  mejor=   61.68  medio=   16.07
  [vs_tipo_A] gen 18/25  mejor=   92.60  medio=   28.02
  [vs_tipo_A] gen 19/25  mejor=  137.82  medio=   19.55
  [vs_tipo_A] gen 20/25  mejor=   48.95  medio=   10.50
  [vs_tipo_A] gen 21/25  mejor=   65.30  medio=   24.35
  [vs_tipo_A] gen 22/25  mejor=   68.05  medio=   35.47
  [vs_tipo_A] gen 23/25  mejor=  113.21  medio=   26.01
  [vs_tipo_A] gen 24/25  mejor=  148.91  medio=   18.16
  [vs_tipo_A] gen 25/25  mejor=   48.34  medio=   16.55
  [vs_tipo_B] sin sensores congelados
  [vs_tipo_B] gen  1/25  mejor=   37.92  medio=   -2.25
  [vs_tipo_B] gen  2/25  mejor=   56.90  medio=   10.85
  [vs_tipo_B] gen  3/25  mejor=  114.24  medio=   17.63
  [vs_tipo_B] gen  4/25  mejor=   37.92  medio=   13.01
  [vs_tipo_B] gen  5/25  mejor=   45.48  medio=   14.04
  [vs_tipo_B] gen  6/25  mejor=  123.63  medio=   28.41
  [vs_tipo_B] gen  7/25  mejor=  192.46  medio=   43.84
  [vs_tipo_B] gen  8/25  mejor=  192.65  medio=   40.42
  [vs_tipo_B] gen  9/25  mejor=  199.83  medio=   50.35
  [vs_tipo_B] gen 10/25  mejor=  199.06  medio=   41.74
  [vs_tipo_B] gen 11/25  mejor=  199.05  medio=   42.84
  [vs_tipo_B] gen 12/25  mejor=  197.69  medio=   63.09
  [vs_tipo_B] gen 13/25  mejor=  200.08  medio=   40.18
  [vs_tipo_B] gen 14/25  mejor=  200.37  medio=   21.50
  [vs_tipo_B] gen 15/25  mejor=  199.62  medio=   44.08
  [vs_tipo_B] gen 16/25  mejor=  200.08  medio=   37.39
  [vs_tipo_B] gen 17/25  mejor=  200.37  medio=   32.12
  [vs_tipo_B] gen 18/25  mejor=  199.62  medio=   39.42
  [vs_tipo_B] gen 19/25  mejor=  200.08  medio=   49.99
  [vs_tipo_B] gen 20/25  mejor=  200.37  medio=   41.27
  [vs_tipo_B] gen 21/25  mejor=  199.62  medio=   37.24
  [vs_tipo_B] gen 22/25  mejor=  200.08  medio=   33.86
  [vs_tipo_B] gen 23/25  mejor=  200.37  medio=   46.10
  [vs_tipo_B] gen 24/25  mejor=  199.62  medio=   35.50
  [vs_tipo_B] gen 25/25  mejor=  200.08  medio=   37.09
  [vs_tipo_C] sensores congelados (IV.2 del PDF): escudo_objetivo
  [vs_tipo_C] gen  1/25  mejor=  117.36  medio=    0.72
  [vs_tipo_C] gen  2/25  mejor=  115.28  medio=   16.65
  [vs_tipo_C] gen  3/25  mejor=   48.39  medio=    4.10
  [vs_tipo_C] gen  4/25  mejor=   61.96  medio=   11.92
  [vs_tipo_C] gen  5/25  mejor=   63.19  medio=   28.34
  [vs_tipo_C] gen  6/25  mejor=   48.90  medio=   18.83
  [vs_tipo_C] gen  7/25  mejor=   65.56  medio=   30.60
  [vs_tipo_C] gen  8/25  mejor=   71.05  medio=   44.12
  [vs_tipo_C] gen  9/25  mejor=   48.90  medio=   24.56
  [vs_tipo_C] gen 10/25  mejor=   61.96  medio=   24.63
  [vs_tipo_C] gen 11/25  mejor=   63.19  medio=   30.77
  [vs_tipo_C] gen 12/25  mejor=   49.47  medio=   14.57
  [vs_tipo_C] gen 13/25  mejor=   69.91  medio=   31.92
  [vs_tipo_C] gen 14/25  mejor=   95.18  medio=   43.19
  [vs_tipo_C] gen 15/25  mejor=   57.96  medio=   25.60
  [vs_tipo_C] gen 16/25  mejor=  201.10  medio=   39.43
  [vs_tipo_C] gen 17/25  mejor=  143.46  medio=   48.10
  [vs_tipo_C] gen 18/25  mejor=  140.65  medio=   19.49
  [vs_tipo_C] gen 19/25  mejor=  201.10  medio=   43.73
  [vs_tipo_C] gen 20/25  mejor=  154.61  medio=   53.30
  [vs_tipo_C] gen 21/25  mejor=  140.65  medio=   32.80
  [vs_tipo_C] gen 22/25  mejor=  201.10  medio=   57.71
  [vs_tipo_C] gen 23/25  mejor=  143.46  medio=   41.85
  [vs_tipo_C] gen 24/25  mejor=  140.65  medio=   43.40
  [vs_tipo_C] gen 25/25  mejor=  201.10  medio=   43.41
  [vs_humano_bot] sin sensores congelados
  [vs_humano_bot] gen  1/25  mejor=    2.34  medio=   -7.29
  [vs_humano_bot] gen  2/25  mejor=   28.20  medio=   -7.81
  [vs_humano_bot] gen  3/25  mejor=   28.20  medio=   -2.90
  [vs_humano_bot] gen  4/25  mejor=   14.69  medio=   -6.74
  [vs_humano_bot] gen  5/25  mejor=   13.24  medio=  -11.31
  [vs_humano_bot] gen  6/25  mejor=   57.09  medio=   -4.40
  [vs_humano_bot] gen  7/25  mejor=   30.87  medio=   -6.25
  [vs_humano_bot] gen  8/25  mejor=   -7.80  medio=  -10.54
  [vs_humano_bot] gen  9/25  mejor=   18.72  medio=   -6.72
  [vs_humano_bot] gen 10/25  mejor=   18.72  medio=   -4.44
  [vs_humano_bot] gen 11/25  mejor=   -7.80  medio=   -9.31
  [vs_humano_bot] gen 12/25  mejor=   14.88  medio=   -8.05
  [vs_humano_bot] gen 13/25  mejor=   14.88  medio=   -2.88
  [vs_humano_bot] gen 14/25  mejor=    4.88  medio=   -9.62
  [vs_humano_bot] gen 15/25  mejor=    7.51  medio=   -9.55
  [vs_humano_bot] gen 16/25  mejor=   18.72  medio=   -5.94
  [vs_humano_bot] gen 17/25  mejor=   -1.51  medio=   -9.77
  [vs_humano_bot] gen 18/25  mejor=    2.18  medio=   -7.35
  [vs_humano_bot] gen 19/25  mejor=    8.47  medio=   -7.17
  [vs_humano_bot] gen 20/25  mejor=   -1.51  medio=  -11.43
  [vs_humano_bot] gen 21/25  mejor=    2.18  medio=   -7.69
  [vs_humano_bot] gen 22/25  mejor=    8.47  medio=   -8.30
  [vs_humano_bot] gen 23/25  mejor=   12.41  medio=   -5.94
  [vs_humano_bot] gen 24/25  mejor=    6.67  medio=  -12.49
  [vs_humano_bot] gen 25/25  mejor=    1.40  medio=  -12.33
  [vs_escolta_D] sensores congelados (IV.2 del PDF): escudo_objetivo
  [vs_escolta_D] gen  1/25  mejor=   43.48  medio=  -12.94
  [vs_escolta_D] gen  2/25  mejor=   42.10  medio=  -11.80
  [vs_escolta_D] gen  3/25  mejor=   21.45  medio=  -11.58
  [vs_escolta_D] gen  4/25  mejor=   60.26  medio=  -10.34
  [vs_escolta_D] gen  5/25  mejor=   80.58  medio=    5.55
  [vs_escolta_D] gen  6/25  mejor=   52.93  medio=    2.71
  [vs_escolta_D] gen  7/25  mejor=  108.94  medio=   18.94
  [vs_escolta_D] gen  8/25  mejor=  111.22  medio=    9.63
  [vs_escolta_D] gen  9/25  mejor=  106.58  medio=   17.00
  [vs_escolta_D] gen 10/25  mejor=  151.20  medio=   60.46
  [vs_escolta_D] gen 11/25  mejor=   72.71  medio=    7.84
  [vs_escolta_D] gen 12/25  mejor=  106.58  medio=   39.01
  [vs_escolta_D] gen 13/25  mejor=  151.20  medio=   70.33
  [vs_escolta_D] gen 14/25  mejor=   78.38  medio=   11.79
  [vs_escolta_D] gen 15/25  mejor=   69.14  medio=    7.43
  [vs_escolta_D] gen 16/25  mejor=  148.76  medio=   53.74
  [vs_escolta_D] gen 17/25  mejor=  104.42  medio=   17.49
  [vs_escolta_D] gen 18/25  mejor=   78.10  medio=   28.21
  [vs_escolta_D] gen 19/25  mejor=  139.58  medio=   59.33
  [vs_escolta_D] gen 20/25  mejor=  140.50  medio=   14.88
  [vs_escolta_D] gen 21/25  mejor=   78.19  medio=   22.62
  [vs_escolta_D] gen 22/25  mejor=  127.91  medio=   22.39
  [vs_escolta_D] gen 23/25  mejor=  104.42  medio=    9.33
  [vs_escolta_D] gen 24/25  mejor=   78.10  medio=   27.79
  [vs_escolta_D] gen 25/25  mejor=  127.91  medio=   28.81
  Entrenamiento terminado. Fitness del mejor: 127.91
  repeticion 1/5 completada (13 escenarios)
  repeticion 2/5 completada (13 escenarios)
  repeticion 3/5 completada (13 escenarios)
  repeticion 4/5 completada (13 escenarios)
  repeticion 5/5 completada (13 escenarios)

[11/16] Configuracion tecnica_seleccion=ruleta  (p20_m0.15_gaussiana_ruleta_uniforme_aleatorio_deep)
  [vs_tipo_A] sensores congelados (IV.2 del PDF): escudo_objetivo
  [vs_tipo_A] gen  1/25  mejor=   49.40  medio=   32.75
  [vs_tipo_A] gen  2/25  mejor=   42.95  medio=   22.40
  [vs_tipo_A] gen  3/25  mejor=  115.26  medio=   21.52
  [vs_tipo_A] gen  4/25  mejor=   89.65  medio=   36.92
  [vs_tipo_A] gen  5/25  mejor=   82.74  medio=   31.03
  [vs_tipo_A] gen  6/25  mejor=  163.28  medio=   43.47
  [vs_tipo_A] gen  7/25  mejor=   89.65  medio=   26.66
  [vs_tipo_A] gen  8/25  mejor=  137.36  medio=   37.53
  [vs_tipo_A] gen  9/25  mejor=  237.37  medio=   61.77
  [vs_tipo_A] gen 10/25  mejor=  119.02  medio=   28.32
  [vs_tipo_A] gen 11/25  mejor=  137.36  medio=   22.47
  [vs_tipo_A] gen 12/25  mejor=  237.37  medio=   77.13
  [vs_tipo_A] gen 13/25  mejor=  109.10  medio=   36.11
  [vs_tipo_A] gen 14/25  mejor=  149.89  medio=   59.14
  [vs_tipo_A] gen 15/25  mejor=  233.20  medio=   88.21
  [vs_tipo_A] gen 16/25  mejor=  109.10  medio=   39.46
  [vs_tipo_A] gen 17/25  mejor=  149.89  medio=   54.30
  [vs_tipo_A] gen 18/25  mejor=  233.20  medio=   75.52
  [vs_tipo_A] gen 19/25  mejor=  199.96  medio=   59.36
  [vs_tipo_A] gen 20/25  mejor=  182.85  medio=   51.31
  [vs_tipo_A] gen 21/25  mejor=  136.07  medio=   71.53
  [vs_tipo_A] gen 22/25  mejor=  135.69  medio=   35.36
  [vs_tipo_A] gen 23/25  mejor=  182.85  medio=   66.89
  [vs_tipo_A] gen 24/25  mejor=  187.11  medio=   97.23
  [vs_tipo_A] gen 25/25  mejor=  228.54  medio=   67.16
  [vs_tipo_B] sin sensores congelados
  [vs_tipo_B] gen  1/25  mejor=  189.43  medio=   57.93
  [vs_tipo_B] gen  2/25  mejor=  187.31  medio=   90.50
  [vs_tipo_B] gen  3/25  mejor=  193.01  medio=  104.46
  [vs_tipo_B] gen  4/25  mejor=  182.95  medio=   87.93
  [vs_tipo_B] gen  5/25  mejor=  196.12  medio=   98.10
  [vs_tipo_B] gen  6/25  mejor=  193.01  medio=  101.52
  [vs_tipo_B] gen  7/25  mejor=  183.23  medio=   97.45
  [vs_tipo_B] gen  8/25  mejor=  204.04  medio=  106.76
  [vs_tipo_B] gen  9/25  mejor=  191.26  medio=   91.11
  [vs_tipo_B] gen 10/25  mejor=  191.21  medio=  105.64
  [vs_tipo_B] gen 11/25  mejor=  195.28  medio=   69.91
  [vs_tipo_B] gen 12/25  mejor=  195.14  medio=   74.17
  [vs_tipo_B] gen 13/25  mejor=  196.01  medio=   87.70
  [vs_tipo_B] gen 14/25  mejor=  198.44  medio=  119.20
  [vs_tipo_B] gen 15/25  mejor=  199.67  medio=  137.75
  [vs_tipo_B] gen 16/25  mejor=  196.00  medio=  105.97
  [vs_tipo_B] gen 17/25  mejor=  198.13  medio=  130.13
  [vs_tipo_B] gen 18/25  mejor=  199.22  medio=  108.39
  [vs_tipo_B] gen 19/25  mejor=  204.18  medio=  153.13
  [vs_tipo_B] gen 20/25  mejor=  203.66  medio=  118.82
  [vs_tipo_B] gen 21/25  mejor=  202.58  medio=  102.91
  [vs_tipo_B] gen 22/25  mejor=  204.18  medio=  112.66
  [vs_tipo_B] gen 23/25  mejor=  203.66  medio=  133.71
  [vs_tipo_B] gen 24/25  mejor=  202.58  medio=  110.79
  [vs_tipo_B] gen 25/25  mejor=  204.18  medio=  124.92
  [vs_tipo_C] sensores congelados (IV.2 del PDF): escudo_objetivo
  [vs_tipo_C] gen  1/25  mejor=   90.75  medio=    3.01
  [vs_tipo_C] gen  2/25  mejor=   82.90  medio=   36.41
  [vs_tipo_C] gen  3/25  mejor=   73.72  medio=    4.58
  [vs_tipo_C] gen  4/25  mejor=  169.13  medio=   41.66
  [vs_tipo_C] gen  5/25  mejor=   76.39  medio=   19.63
  [vs_tipo_C] gen  6/25  mejor=  175.17  medio=   26.38
  [vs_tipo_C] gen  7/25  mejor=  169.23  medio=   48.50
  [vs_tipo_C] gen  8/25  mejor=  173.76  medio=   44.26
  [vs_tipo_C] gen  9/25  mejor=  175.17  medio=   56.17
  [vs_tipo_C] gen 10/25  mejor=  190.06  medio=   55.04
  [vs_tipo_C] gen 11/25  mejor=  180.00  medio=   56.59
  [vs_tipo_C] gen 12/25  mejor=  186.21  medio=   44.48
  [vs_tipo_C] gen 13/25  mejor=  173.82  medio=   54.89
  [vs_tipo_C] gen 14/25  mejor=  180.00  medio=   43.57
  [vs_tipo_C] gen 15/25  mejor=  195.45  medio=   79.10
  [vs_tipo_C] gen 16/25  mejor=  193.35  medio=   82.38
  [vs_tipo_C] gen 17/25  mejor=  199.94  medio=   68.49
  [vs_tipo_C] gen 18/25  mejor=  234.15  medio=  113.29
  [vs_tipo_C] gen 19/25  mejor=  231.38  medio=   89.62
  [vs_tipo_C] gen 20/25  mejor=  191.64  medio=  121.45
  [vs_tipo_C] gen 21/25  mejor=  192.09  medio=   90.87
  [vs_tipo_C] gen 22/25  mejor=  185.25  medio=  110.45
  [vs_tipo_C] gen 23/25  mejor=  191.64  medio=  109.39
  [vs_tipo_C] gen 24/25  mejor=  244.02  medio=  116.67
  [vs_tipo_C] gen 25/25  mejor=  206.81  medio=   91.16
  [vs_humano_bot] sin sensores congelados
  [vs_humano_bot] gen  1/25  mejor=  -19.48  medio=  -23.22
  [vs_humano_bot] gen  2/25  mejor=    2.72  medio=  -20.44
  [vs_humano_bot] gen  3/25  mejor=   39.50  medio=  -15.08
  [vs_humano_bot] gen  4/25  mejor=   14.51  medio=  -13.88
  [vs_humano_bot] gen  5/25  mejor=   24.23  medio=  -10.14
  [vs_humano_bot] gen  6/25  mejor=   39.50  medio=   -3.07
  [vs_humano_bot] gen  7/25  mejor=   22.44  medio=   -8.00
  [vs_humano_bot] gen  8/25  mejor=   23.00  medio=  -15.69
  [vs_humano_bot] gen  9/25  mejor=   39.88  medio=   10.80
  [vs_humano_bot] gen 10/25  mejor=   36.26  medio=   -6.85
  [vs_humano_bot] gen 11/25  mejor=   38.73  medio=   -5.93
  [vs_humano_bot] gen 12/25  mejor=   55.78  medio=   15.55
  [vs_humano_bot] gen 13/25  mejor=   31.21  medio=   -7.97
  [vs_humano_bot] gen 14/25  mejor=   48.22  medio=  -10.81
  [vs_humano_bot] gen 15/25  mejor=   36.30  medio=   -0.93
  [vs_humano_bot] gen 16/25  mejor=   41.56  medio=   -4.38
  [vs_humano_bot] gen 17/25  mejor=   15.37  medio=   -7.83
  [vs_humano_bot] gen 18/25  mejor=   45.79  medio=    8.80
  [vs_humano_bot] gen 19/25  mejor=   38.26  medio=   -5.02
  [vs_humano_bot] gen 20/25  mejor=    9.96  medio=  -12.83
  [vs_humano_bot] gen 21/25  mejor=  142.29  medio=   36.96
  [vs_humano_bot] gen 22/25  mejor=  103.66  medio=   17.77
  [vs_humano_bot] gen 23/25  mejor=   26.88  medio=   -4.06
  [vs_humano_bot] gen 24/25  mejor=   79.04  medio=   21.23
  [vs_humano_bot] gen 25/25  mejor=   45.96  medio=    5.76
  [vs_escolta_D] sensores congelados (IV.2 del PDF): escudo_objetivo
  [vs_escolta_D] gen  1/25  mejor=  125.81  medio=   79.45
  [vs_escolta_D] gen  2/25  mejor=  116.41  medio=   37.63
  [vs_escolta_D] gen  3/25  mejor=   94.42  medio=   43.49
  [vs_escolta_D] gen  4/25  mejor=  204.76  medio=   87.30
  [vs_escolta_D] gen  5/25  mejor=  140.25  medio=   61.26
  [vs_escolta_D] gen  6/25  mejor=  191.94  medio=   83.26
  [vs_escolta_D] gen  7/25  mejor=  209.92  medio=   81.34
  [vs_escolta_D] gen  8/25  mejor=  246.86  medio=   50.99
  [vs_escolta_D] gen  9/25  mejor=  294.10  medio=  111.77
  [vs_escolta_D] gen 10/25  mejor=  172.74  medio=   90.16
  [vs_escolta_D] gen 11/25  mejor=  246.86  medio=   84.88
  [vs_escolta_D] gen 12/25  mejor=  294.10  medio=  109.17
  [vs_escolta_D] gen 13/25  mejor=  238.44  medio=  141.77
  [vs_escolta_D] gen 14/25  mejor=  150.00  medio=   79.37
  [vs_escolta_D] gen 15/25  mejor=  182.48  medio=   83.03
  [vs_escolta_D] gen 16/25  mejor=  191.69  medio=   91.57
  [vs_escolta_D] gen 17/25  mejor=  165.70  medio=   71.05
  [vs_escolta_D] gen 18/25  mejor=  175.06  medio=   85.75
  [vs_escolta_D] gen 19/25  mejor=  162.23  medio=   92.34
  [vs_escolta_D] gen 20/25  mejor=  210.99  medio=   96.14
  [vs_escolta_D] gen 21/25  mejor=  201.26  medio=   70.57
  [vs_escolta_D] gen 22/25  mejor=  168.83  medio=   61.01
  [vs_escolta_D] gen 23/25  mejor=  185.37  medio=   68.94
  [vs_escolta_D] gen 24/25  mejor=  268.37  medio=   70.76
  [vs_escolta_D] gen 25/25  mejor=  213.62  medio=  101.39
  Entrenamiento terminado. Fitness del mejor: 213.62
  repeticion 1/5 completada (13 escenarios)
  repeticion 2/5 completada (13 escenarios)
  repeticion 3/5 completada (13 escenarios)
  repeticion 4/5 completada (13 escenarios)
  repeticion 5/5 completada (13 escenarios)

[12/16] Configuracion tecnica_cruce=un_punto  (p20_m0.15_gaussiana_torneo_un_punto_aleatorio_deep)
  [vs_tipo_A] sensores congelados (IV.2 del PDF): escudo_objetivo
  [vs_tipo_A] gen  1/25  mejor=   49.40  medio=   32.75
  [vs_tipo_A] gen  2/25  mejor=   30.95  medio=   15.37
  [vs_tipo_A] gen  3/25  mejor=   47.09  medio=    9.05
  [vs_tipo_A] gen  4/25  mejor=   50.21  medio=   28.41
  [vs_tipo_A] gen  5/25  mejor=   48.95  medio=   26.63
  [vs_tipo_A] gen  6/25  mejor=   54.51  medio=   19.18
  [vs_tipo_A] gen  7/25  mejor=  160.77  medio=   46.47
  [vs_tipo_A] gen  8/25  mejor=  111.15  medio=   21.51
  [vs_tipo_A] gen  9/25  mejor=  166.73  medio=   29.18
  [vs_tipo_A] gen 10/25  mejor=  249.35  medio=   37.62
  [vs_tipo_A] gen 11/25  mejor=  149.64  medio=   43.82
  [vs_tipo_A] gen 12/25  mejor=  136.14  medio=   19.26
  [vs_tipo_A] gen 13/25  mejor=  249.35  medio=   49.70
  [vs_tipo_A] gen 14/25  mejor=  149.64  medio=   35.38
  [vs_tipo_A] gen 15/25  mejor=  135.89  medio=   35.14
  [vs_tipo_A] gen 16/25  mejor=  249.35  medio=   65.44
  [vs_tipo_A] gen 17/25  mejor=  149.64  medio=   47.93
  [vs_tipo_A] gen 18/25  mejor=  129.38  medio=   35.10
  [vs_tipo_A] gen 19/25  mejor=  249.35  medio=   51.41
  [vs_tipo_A] gen 20/25  mejor=  149.64  medio=   39.28
  [vs_tipo_A] gen 21/25  mejor=  129.38  medio=   42.53
  [vs_tipo_A] gen 22/25  mejor=  249.35  medio=   56.30
  [vs_tipo_A] gen 23/25  mejor=  149.64  medio=   41.45
  [vs_tipo_A] gen 24/25  mejor=  129.38  medio=   49.64
  [vs_tipo_A] gen 25/25  mejor=  249.35  medio=   61.53
  [vs_tipo_B] sin sensores congelados
  [vs_tipo_B] gen  1/25  mejor=  193.80  medio=   39.19
  [vs_tipo_B] gen  2/25  mejor=  196.42  medio=   49.70
  [vs_tipo_B] gen  3/25  mejor=  199.01  medio=   82.66
  [vs_tipo_B] gen  4/25  mejor=  206.24  medio=  100.97
  [vs_tipo_B] gen  5/25  mejor=  199.76  medio=   87.36
  [vs_tipo_B] gen  6/25  mejor=  205.42  medio=   86.11
  [vs_tipo_B] gen  7/25  mejor=  206.24  medio=  112.79
  [vs_tipo_B] gen  8/25  mejor=  211.06  medio=  129.30
  [vs_tipo_B] gen  9/25  mejor=  205.79  medio=   60.59
  [vs_tipo_B] gen 10/25  mejor=  202.90  medio=   97.37
  [vs_tipo_B] gen 11/25  mejor=  211.06  medio=   85.38
  [vs_tipo_B] gen 12/25  mejor=  205.79  medio=  116.17
  [vs_tipo_B] gen 13/25  mejor=  202.90  medio=  111.59
  [vs_tipo_B] gen 14/25  mejor=  211.06  medio=   98.32
  [vs_tipo_B] gen 15/25  mejor=  205.79  medio=  107.95
  [vs_tipo_B] gen 16/25  mejor=  202.90  medio=   94.46
  [vs_tipo_B] gen 17/25  mejor=  211.06  medio=  114.99
  [vs_tipo_B] gen 18/25  mejor=  205.79  medio=   95.70
  [vs_tipo_B] gen 19/25  mejor=  202.90  medio=  116.67
  [vs_tipo_B] gen 20/25  mejor=  211.06  medio=  130.22
  [vs_tipo_B] gen 21/25  mejor=  205.79  medio=  130.98
  [vs_tipo_B] gen 22/25  mejor=  202.90  medio=  102.77
  [vs_tipo_B] gen 23/25  mejor=  211.06  medio=  114.94
  [vs_tipo_B] gen 24/25  mejor=  207.14  medio=  107.30
  [vs_tipo_B] gen 25/25  mejor=  202.90  medio=   90.46
  [vs_tipo_C] sensores congelados (IV.2 del PDF): escudo_objetivo
  [vs_tipo_C] gen  1/25  mejor=   82.67  medio=   16.45
  [vs_tipo_C] gen  2/25  mejor=   90.63  medio=   20.66
  [vs_tipo_C] gen  3/25  mejor=   91.11  medio=    2.08
  [vs_tipo_C] gen  4/25  mejor=   78.07  medio=    8.23
  [vs_tipo_C] gen  5/25  mejor=  170.80  medio=   41.87
  [vs_tipo_C] gen  6/25  mejor=  163.86  medio=   36.96
  [vs_tipo_C] gen  7/25  mejor=  103.94  medio=   47.73
  [vs_tipo_C] gen  8/25  mejor=  171.11  medio=   76.22
  [vs_tipo_C] gen  9/25  mejor=  173.02  medio=  113.87
  [vs_tipo_C] gen 10/25  mejor=  128.50  medio=   50.16
  [vs_tipo_C] gen 11/25  mejor=  171.31  medio=   70.63
  [vs_tipo_C] gen 12/25  mejor=  176.20  medio=   72.86
  [vs_tipo_C] gen 13/25  mejor=  172.71  medio=   93.22
  [vs_tipo_C] gen 14/25  mejor=  171.21  medio=   81.86
  [vs_tipo_C] gen 15/25  mejor=  172.71  medio=   99.71
  [vs_tipo_C] gen 16/25  mejor=  170.44  medio=   77.35
  [vs_tipo_C] gen 17/25  mejor=  171.31  medio=   94.21
  [vs_tipo_C] gen 18/25  mejor=  174.39  medio=   60.07
  [vs_tipo_C] gen 19/25  mejor=  170.23  medio=   65.74
  [vs_tipo_C] gen 20/25  mejor=  171.31  medio=   79.75
  [vs_tipo_C] gen 21/25  mejor=  174.27  medio=   48.53
  [vs_tipo_C] gen 22/25  mejor=  170.72  medio=   46.24
  [vs_tipo_C] gen 23/25  mejor=  170.64  medio=   35.77
  [vs_tipo_C] gen 24/25  mejor=  174.27  medio=   33.26
  [vs_tipo_C] gen 25/25  mejor=  170.72  medio=   44.86
  [vs_humano_bot] sin sensores congelados
  [vs_humano_bot] gen  1/25  mejor=   91.62  medio=  -12.58
  [vs_humano_bot] gen  2/25  mejor=   12.39  medio=  -12.56
  [vs_humano_bot] gen  3/25  mejor=   90.30  medio=   -6.39
  [vs_humano_bot] gen  4/25  mejor=   90.30  medio=   -4.10
  [vs_humano_bot] gen  5/25  mejor=   -7.80  medio=  -12.02
  [vs_humano_bot] gen  6/25  mejor=   33.92  medio=   -9.27
  [vs_humano_bot] gen  7/25  mejor=   90.30  medio=   -3.86
  [vs_humano_bot] gen  8/25  mejor=   -7.80  medio=  -14.68
  [vs_humano_bot] gen  9/25  mejor=   32.13  medio=   -9.11
  [vs_humano_bot] gen 10/25  mejor=    8.77  medio=   -7.48
  [vs_humano_bot] gen 11/25  mejor=   15.56  medio=   -7.79
  [vs_humano_bot] gen 12/25  mejor=   32.13  medio=  -13.55
  [vs_humano_bot] gen 13/25  mejor=   29.51  medio=   -6.13
  [vs_humano_bot] gen 14/25  mejor=   23.92  medio=  -12.24
  [vs_humano_bot] gen 15/25  mejor=   13.43  medio=  -15.36
  [vs_humano_bot] gen 16/25  mejor=    8.77  medio=  -10.18
  [vs_humano_bot] gen 17/25  mejor=    2.57  medio=   -9.84
  [vs_humano_bot] gen 18/25  mejor=   20.92  medio=   -9.19
  [vs_humano_bot] gen 19/25  mejor=   30.50  medio=   -4.42
  [vs_humano_bot] gen 20/25  mejor=   -7.80  medio=   -9.96
  [vs_humano_bot] gen 21/25  mejor=   52.20  medio=   -5.16
  [vs_humano_bot] gen 22/25  mejor=   16.20  medio=   -6.59
  [vs_humano_bot] gen 23/25  mejor=   36.99  medio=   -1.98
  [vs_humano_bot] gen 24/25  mejor=   59.48  medio=   15.32
  [vs_humano_bot] gen 25/25  mejor=   23.63  medio=   -2.97
  [vs_escolta_D] sensores congelados (IV.2 del PDF): escudo_objetivo
  [vs_escolta_D] gen  1/25  mejor=   73.68  medio=    3.04
  [vs_escolta_D] gen  2/25  mejor=  171.43  medio=   39.09
  [vs_escolta_D] gen  3/25  mejor=  118.69  medio=   46.22
  [vs_escolta_D] gen  4/25  mejor=  182.69  medio=   75.66
  [vs_escolta_D] gen  5/25  mejor=  184.39  medio=   54.09
  [vs_escolta_D] gen  6/25  mejor=  132.41  medio=   40.03
  [vs_escolta_D] gen  7/25  mejor=  153.83  medio=   92.16
  [vs_escolta_D] gen  8/25  mejor=  118.65  medio=   58.47
  [vs_escolta_D] gen  9/25  mejor=  122.26  medio=   49.34
  [vs_escolta_D] gen 10/25  mejor=  226.51  medio=  116.72
  [vs_escolta_D] gen 11/25  mejor=  170.49  medio=   64.47
  [vs_escolta_D] gen 12/25  mejor=  127.59  medio=   48.99
  [vs_escolta_D] gen 13/25  mejor=  225.72  medio=  113.16
  [vs_escolta_D] gen 14/25  mejor=  178.36  medio=   77.69
  [vs_escolta_D] gen 15/25  mejor=   90.03  medio=   43.54
  [vs_escolta_D] gen 16/25  mejor=  231.28  medio=  109.37
  [vs_escolta_D] gen 17/25  mejor=  220.66  medio=   79.76
  [vs_escolta_D] gen 18/25  mejor=  148.80  medio=   63.70
  [vs_escolta_D] gen 19/25  mejor=  179.65  medio=  100.79
  [vs_escolta_D] gen 20/25  mejor=  175.21  medio=   67.69
  [vs_escolta_D] gen 21/25  mejor=  112.55  medio=   47.74
  [vs_escolta_D] gen 22/25  mejor=  179.65  medio=   94.81
  [vs_escolta_D] gen 23/25  mejor=  207.54  medio=   68.57
  [vs_escolta_D] gen 24/25  mejor=  243.54  medio=   49.89
  [vs_escolta_D] gen 25/25  mejor=  173.52  medio=  116.05
  Entrenamiento terminado. Fitness del mejor: 173.52
  repeticion 1/5 completada (13 escenarios)
  repeticion 2/5 completada (13 escenarios)
  repeticion 3/5 completada (13 escenarios)
  repeticion 4/5 completada (13 escenarios)
  repeticion 5/5 completada (13 escenarios)

[13/16] Configuracion thresholding=umbral_fijo  (p20_m0.15_gaussiana_torneo_uniforme_aleatorio_deep)
  [vs_tipo_A] sensores congelados (IV.2 del PDF): escudo_objetivo
  [vs_tipo_A] gen  1/25  mejor=   48.45  medio=   32.67
  [vs_tipo_A] gen  2/25  mejor=   35.97  medio=   11.65
  [vs_tipo_A] gen  3/25  mejor=   94.13  medio=   15.38
  [vs_tipo_A] gen  4/25  mejor=   51.34  medio=   25.31
  [vs_tipo_A] gen  5/25  mejor=   18.95  medio=   17.64
  [vs_tipo_A] gen  6/25  mejor=   42.59  medio=   16.60
  [vs_tipo_A] gen  7/25  mejor=   62.11  medio=   32.55
  [vs_tipo_A] gen  8/25  mejor=  113.45  medio=   24.47
  [vs_tipo_A] gen  9/25  mejor=  148.96  medio=   37.18
  [vs_tipo_A] gen 10/25  mejor=  120.45  medio=   43.05
  [vs_tipo_A] gen 11/25  mejor=   71.54  medio=   22.80
  [vs_tipo_A] gen 12/25  mejor=  148.96  medio=   36.62
  [vs_tipo_A] gen 13/25  mejor=  120.45  medio=   44.82
  [vs_tipo_A] gen 14/25  mejor=  155.95  medio=   31.19
  [vs_tipo_A] gen 15/25  mejor=  234.30  medio=   53.82
  [vs_tipo_A] gen 16/25  mejor=  194.01  medio=   51.31
  [vs_tipo_A] gen 17/25  mejor=  228.59  medio=   63.94
  [vs_tipo_A] gen 18/25  mejor=  235.93  medio=   69.09
  [vs_tipo_A] gen 19/25  mejor=  194.01  medio=   46.56
  [vs_tipo_A] gen 20/25  mejor=  228.59  medio=   52.28
  [vs_tipo_A] gen 21/25  mejor=  235.93  medio=   66.39
  [vs_tipo_A] gen 22/25  mejor=  194.01  medio=   64.27
  [vs_tipo_A] gen 23/25  mejor=  228.59  medio=   51.14
  [vs_tipo_A] gen 24/25  mejor=  235.93  medio=   69.07
  [vs_tipo_A] gen 25/25  mejor=  194.01  medio=   43.09
  [vs_tipo_B] sin sensores congelados
  [vs_tipo_B] gen  1/25  mejor=  101.15  medio=   35.18
  [vs_tipo_B] gen  2/25  mejor=  199.73  medio=   45.36
  [vs_tipo_B] gen  3/25  mejor=  193.64  medio=   75.06
  [vs_tipo_B] gen  4/25  mejor=  188.22  medio=   59.52
  [vs_tipo_B] gen  5/25  mejor=  199.73  medio=   77.65
  [vs_tipo_B] gen  6/25  mejor=  193.64  medio=   85.11
  [vs_tipo_B] gen  7/25  mejor=  188.22  medio=   73.61
  [vs_tipo_B] gen  8/25  mejor=  199.73  medio=   69.25
  [vs_tipo_B] gen  9/25  mejor=  193.64  medio=  103.89
  [vs_tipo_B] gen 10/25  mejor=  188.22  medio=   77.59
  [vs_tipo_B] gen 11/25  mejor=  199.73  medio=   70.85
  [vs_tipo_B] gen 12/25  mejor=  193.64  medio=   77.81
  [vs_tipo_B] gen 13/25  mejor=  194.13  medio=   75.67
  [vs_tipo_B] gen 14/25  mejor=  199.73  medio=   85.43
  [vs_tipo_B] gen 15/25  mejor=  194.94  medio=   76.92
  [vs_tipo_B] gen 16/25  mejor=  191.27  medio=   81.54
  [vs_tipo_B] gen 17/25  mejor=  199.76  medio=  100.04
  [vs_tipo_B] gen 18/25  mejor=  199.07  medio=  162.48
  [vs_tipo_B] gen 19/25  mejor=  199.98  medio=  135.07
  [vs_tipo_B] gen 20/25  mejor=  208.45  medio=  119.14
  [vs_tipo_B] gen 21/25  mejor=  208.44  medio=  121.60
  [vs_tipo_B] gen 22/25  mejor=  208.79  medio=  126.60
  [vs_tipo_B] gen 23/25  mejor=  208.45  medio=  121.47
  [vs_tipo_B] gen 24/25  mejor=  208.44  medio=  109.97
  [vs_tipo_B] gen 25/25  mejor=  208.79  medio=   81.97
  [vs_tipo_C] sensores congelados (IV.2 del PDF): escudo_objetivo
  [vs_tipo_C] gen  1/25  mejor=  126.76  medio=   48.37
  [vs_tipo_C] gen  2/25  mejor=  194.90  medio=   74.30
  [vs_tipo_C] gen  3/25  mejor=  161.72  medio=   68.76
  [vs_tipo_C] gen  4/25  mejor=  182.98  medio=   62.37
  [vs_tipo_C] gen  5/25  mejor=  200.53  medio=   87.23
  [vs_tipo_C] gen  6/25  mejor=  161.72  medio=   51.11
  [vs_tipo_C] gen  7/25  mejor=  207.21  medio=   64.61
  [vs_tipo_C] gen  8/25  mejor=  158.30  medio=   60.91
  [vs_tipo_C] gen  9/25  mejor=  148.50  medio=   64.22
  [vs_tipo_C] gen 10/25  mejor=  207.21  medio=   58.84
  [vs_tipo_C] gen 11/25  mejor=  161.39  medio=   64.10
  [vs_tipo_C] gen 12/25  mejor=  230.56  medio=   74.53
  [vs_tipo_C] gen 13/25  mejor=  152.44  medio=   43.03
  [vs_tipo_C] gen 14/25  mejor=  164.75  medio=   60.53
  [vs_tipo_C] gen 15/25  mejor=  230.56  medio=   56.68
  [vs_tipo_C] gen 16/25  mejor=  206.69  medio=   51.35
  [vs_tipo_C] gen 17/25  mejor=  175.96  medio=   80.32
  [vs_tipo_C] gen 18/25  mejor=  230.56  medio=   92.70
  [vs_tipo_C] gen 19/25  mejor=  222.87  medio=   62.32
  [vs_tipo_C] gen 20/25  mejor=  162.08  medio=   80.84
  [vs_tipo_C] gen 21/25  mejor=  217.52  medio=   69.88
  [vs_tipo_C] gen 22/25  mejor=  150.94  medio=   43.95
  [vs_tipo_C] gen 23/25  mejor=  176.71  medio=   66.52
  [vs_tipo_C] gen 24/25  mejor=  222.87  medio=   92.90
  [vs_tipo_C] gen 25/25  mejor=  192.13  medio=   91.29
  [vs_humano_bot] sin sensores congelados
  [vs_humano_bot] gen  1/25  mejor=    0.00  medio=  -13.70
  [vs_humano_bot] gen  2/25  mejor=   20.76  medio=   -9.53
  [vs_humano_bot] gen  3/25  mejor=   48.11  medio=    1.79
  [vs_humano_bot] gen  4/25  mejor=  113.42  medio=    0.41
  [vs_humano_bot] gen  5/25  mejor=   38.56  medio=    0.29
  [vs_humano_bot] gen  6/25  mejor=   38.84  medio=    6.74
  [vs_humano_bot] gen  7/25  mejor=   33.51  medio=   -4.15
  [vs_humano_bot] gen  8/25  mejor=   59.08  medio=    4.93
  [vs_humano_bot] gen  9/25  mejor=   72.59  medio=   14.14
  [vs_humano_bot] gen 10/25  mejor=   33.02  medio=    5.15
  [vs_humano_bot] gen 11/25  mejor=   64.20  medio=    2.07
  [vs_humano_bot] gen 12/25  mejor=  101.35  medio=    9.13
  [vs_humano_bot] gen 13/25  mejor=   38.05  medio=    4.18
  [vs_humano_bot] gen 14/25  mejor=   55.50  medio=    4.99
  [vs_humano_bot] gen 15/25  mejor=  101.35  medio=   29.50
  [vs_humano_bot] gen 16/25  mejor=   38.05  medio=   -3.24
  [vs_humano_bot] gen 17/25  mejor=   58.07  medio=   18.21
  [vs_humano_bot] gen 18/25  mejor=  101.35  medio=   24.69
  [vs_humano_bot] gen 19/25  mejor=   49.29  medio=   -1.80
  [vs_humano_bot] gen 20/25  mejor=   55.50  medio=    7.29
  [vs_humano_bot] gen 21/25  mejor=  101.35  medio=   28.61
  [vs_humano_bot] gen 22/25  mejor=   51.43  medio=    2.64
  [vs_humano_bot] gen 23/25  mejor=   73.68  medio=   16.79
  [vs_humano_bot] gen 24/25  mejor=  101.35  medio=   20.87
  [vs_humano_bot] gen 25/25  mejor=   38.05  medio=   -3.30
  [vs_escolta_D] sensores congelados (IV.2 del PDF): escudo_objetivo
  [vs_escolta_D] gen  1/25  mejor=  175.42  medio=   77.47
  [vs_escolta_D] gen  2/25  mejor=  168.46  medio=   52.12
  [vs_escolta_D] gen  3/25  mejor=  192.31  medio=   59.88
  [vs_escolta_D] gen  4/25  mejor=  179.82  medio=   88.95
  [vs_escolta_D] gen  5/25  mejor=  150.73  medio=   47.13
  [vs_escolta_D] gen  6/25  mejor=  129.04  medio=   60.19
  [vs_escolta_D] gen  7/25  mejor=  167.11  medio=   79.42
  [vs_escolta_D] gen  8/25  mejor=  150.88  medio=   77.54
  [vs_escolta_D] gen  9/25  mejor=  169.89  medio=   78.88
  [vs_escolta_D] gen 10/25  mejor=  231.77  medio=  109.13
  [vs_escolta_D] gen 11/25  mejor=  153.89  medio=   59.72
  [vs_escolta_D] gen 12/25  mejor=  191.79  medio=   75.29
  [vs_escolta_D] gen 13/25  mejor=  231.77  medio=  113.23
  [vs_escolta_D] gen 14/25  mejor=  183.12  medio=   73.70
  [vs_escolta_D] gen 15/25  mejor=  169.89  medio=   79.88
  [vs_escolta_D] gen 16/25  mejor=  261.62  medio=  126.27
  [vs_escolta_D] gen 17/25  mejor=  255.46  medio=   88.15
  [vs_escolta_D] gen 18/25  mejor=  187.64  medio=   80.81
  [vs_escolta_D] gen 19/25  mejor=  346.02  medio=  136.58
  [vs_escolta_D] gen 20/25  mejor=  214.60  medio=   87.47
  [vs_escolta_D] gen 21/25  mejor=  168.22  medio=   84.05
  [vs_escolta_D] gen 22/25  mejor=  346.02  medio=  139.54
  [vs_escolta_D] gen 23/25  mejor=  223.61  medio=   90.54
  [vs_escolta_D] gen 24/25  mejor=  219.17  medio=  109.02
  [vs_escolta_D] gen 25/25  mejor=  346.02  medio=  135.99
  Entrenamiento terminado. Fitness del mejor: 346.02
  repeticion 1/5 completada (13 escenarios)
  repeticion 2/5 completada (13 escenarios)
  repeticion 3/5 completada (13 escenarios)
  repeticion 4/5 completada (13 escenarios)
  repeticion 5/5 completada (13 escenarios)

[14/16] Configuracion thresholding=muestreo_softmax  (p20_m0.15_gaussiana_torneo_uniforme_aleatorio_deep)
  [vs_tipo_A] sensores congelados (IV.2 del PDF): escudo_objetivo
  [vs_tipo_A] gen  1/25  mejor=   59.96  medio=   41.25
  [vs_tipo_A] gen  2/25  mejor=  137.44  medio=   73.48
  [vs_tipo_A] gen  3/25  mejor=  133.91  medio=   65.93
  [vs_tipo_A] gen  4/25  mejor=  114.00  medio=   49.31
  [vs_tipo_A] gen  5/25  mejor=  168.54  medio=   83.14
  [vs_tipo_A] gen  6/25  mejor=  143.04  medio=   76.83
  [vs_tipo_A] gen  7/25  mejor=  116.86  medio=   51.51
  [vs_tipo_A] gen  8/25  mejor=  184.53  medio=   94.00
  [vs_tipo_A] gen  9/25  mejor=  125.32  medio=   86.41
  [vs_tipo_A] gen 10/25  mejor=  116.40  medio=   51.18
  [vs_tipo_A] gen 11/25  mejor=  175.37  medio=   85.94
  [vs_tipo_A] gen 12/25  mejor=  131.46  medio=   83.31
  [vs_tipo_A] gen 13/25  mejor=  118.75  medio=   54.32
  [vs_tipo_A] gen 14/25  mejor=  203.13  medio=   75.91
  [vs_tipo_A] gen 15/25  mejor=  159.07  medio=   81.39
  [vs_tipo_A] gen 16/25  mejor=  117.75  medio=   50.16
  [vs_tipo_A] gen 17/25  mejor=  223.98  medio=  107.75
  [vs_tipo_A] gen 18/25  mejor=  134.85  medio=   90.37
  [vs_tipo_A] gen 19/25  mejor=  114.15  medio=   46.85
  [vs_tipo_A] gen 20/25  mejor=  203.13  medio=   85.44
  [vs_tipo_A] gen 21/25  mejor=  136.56  medio=   74.06
  [vs_tipo_A] gen 22/25  mejor=  140.91  medio=   57.68
  [vs_tipo_A] gen 23/25  mejor=  190.95  medio=   96.49
  [vs_tipo_A] gen 24/25  mejor=  117.63  medio=   74.99
  [vs_tipo_A] gen 25/25  mejor=  114.09  medio=   49.42
  [vs_tipo_B] sin sensores congelados
  [vs_tipo_B] gen  1/25  mejor=   91.30  medio=   68.63
  [vs_tipo_B] gen  2/25  mejor=   16.20  medio=   -5.43
  [vs_tipo_B] gen  3/25  mejor=  186.59  medio=   67.80
  [vs_tipo_B] gen  4/25  mejor=  186.28  medio=   92.93
  [vs_tipo_B] gen  5/25  mejor=   99.92  medio=   31.41
  [vs_tipo_B] gen  6/25  mejor=  199.10  medio=  125.18
  [vs_tipo_B] gen  7/25  mejor=  186.65  medio=   79.67
  [vs_tipo_B] gen  8/25  mejor=  192.62  medio=   46.52
  [vs_tipo_B] gen  9/25  mejor=  195.94  medio=  116.39
  [vs_tipo_B] gen 10/25  mejor=  195.51  medio=   96.23
  [vs_tipo_B] gen 11/25  mejor=  193.95  medio=   68.07
  [vs_tipo_B] gen 12/25  mejor=  195.13  medio=  150.34
  [vs_tipo_B] gen 13/25  mejor=  191.99  medio=   92.98
  [vs_tipo_B] gen 14/25  mejor=  199.70  medio=   94.64
  [vs_tipo_B] gen 15/25  mejor=  202.50  medio=  134.24
  [vs_tipo_B] gen 16/25  mejor=  202.37  medio=   99.05
  [vs_tipo_B] gen 17/25  mejor=  214.80  medio=   94.16
  [vs_tipo_B] gen 18/25  mejor=  218.69  medio=  126.19
  [vs_tipo_B] gen 19/25  mejor=  216.39  medio=   94.16
  [vs_tipo_B] gen 20/25  mejor=  214.80  medio=   76.76
  [vs_tipo_B] gen 21/25  mejor=  218.69  medio=  139.60
  [vs_tipo_B] gen 22/25  mejor=  216.39  medio=  113.23
  [vs_tipo_B] gen 23/25  mejor=  215.15  medio=   93.81
  [vs_tipo_B] gen 24/25  mejor=  218.69  medio=  116.77
  [vs_tipo_B] gen 25/25  mejor=  217.61  medio=   64.75
  [vs_tipo_C] sensores congelados (IV.2 del PDF): escudo_objetivo
  [vs_tipo_C] gen  1/25  mejor=   54.20  medio=   18.15
  [vs_tipo_C] gen  2/25  mejor=  134.16  medio=   10.28
  [vs_tipo_C] gen  3/25  mejor=  114.72  medio=   36.75
  [vs_tipo_C] gen  4/25  mejor=  109.94  medio=   44.34
  [vs_tipo_C] gen  5/25  mejor=  175.63  medio=   45.74
  [vs_tipo_C] gen  6/25  mejor=  114.72  medio=   44.60
  [vs_tipo_C] gen  7/25  mejor=  128.50  medio=   57.61
  [vs_tipo_C] gen  8/25  mejor=  183.37  medio=   78.22
  [vs_tipo_C] gen  9/25  mejor=  122.17  medio=   74.72
  [vs_tipo_C] gen 10/25  mejor=  128.42  medio=   67.73
  [vs_tipo_C] gen 11/25  mejor=  214.05  medio=   85.63
  [vs_tipo_C] gen 12/25  mejor=  128.18  medio=   69.23
  [vs_tipo_C] gen 13/25  mejor=  128.42  medio=   61.84
  [vs_tipo_C] gen 14/25  mejor=  214.05  medio=  106.48
  [vs_tipo_C] gen 15/25  mejor=  137.24  medio=   97.48
  [vs_tipo_C] gen 16/25  mejor=  130.61  medio=   64.37
  [vs_tipo_C] gen 17/25  mejor=  214.05  medio=  118.63
  [vs_tipo_C] gen 18/25  mejor=  127.89  medio=   98.05
  [vs_tipo_C] gen 19/25  mejor=  128.42  medio=   54.45
  [vs_tipo_C] gen 20/25  mejor=  214.05  medio=  109.18
  [vs_tipo_C] gen 21/25  mejor=  127.89  medio=   76.43
  [vs_tipo_C] gen 22/25  mejor=  128.42  medio=   59.07
  [vs_tipo_C] gen 23/25  mejor=  214.05  medio=   99.67
  [vs_tipo_C] gen 24/25  mejor=  127.89  medio=   79.04
  [vs_tipo_C] gen 25/25  mejor=  128.42  medio=   67.25
  [vs_humano_bot] sin sensores congelados
  [vs_humano_bot] gen  1/25  mejor=    9.25  medio=  -12.49
  [vs_humano_bot] gen  2/25  mejor=   41.31  medio=   -5.86
  [vs_humano_bot] gen  3/25  mejor=   50.82  medio=   11.72
  [vs_humano_bot] gen  4/25  mejor=    7.90  medio=  -12.50
  [vs_humano_bot] gen  5/25  mejor=   48.23  medio=   14.10
  [vs_humano_bot] gen  6/25  mejor=   56.24  medio=   19.41
  [vs_humano_bot] gen  7/25  mejor=   36.06  medio=   -1.99
  [vs_humano_bot] gen  8/25  mejor=  140.94  medio=   11.81
  [vs_humano_bot] gen  9/25  mejor=  151.83  medio=   22.65
  [vs_humano_bot] gen 10/25  mejor=   18.67  medio=    0.44
  [vs_humano_bot] gen 11/25  mejor=  139.65  medio=   11.32
  [vs_humano_bot] gen 12/25  mejor=  143.13  medio=   25.13
  [vs_humano_bot] gen 13/25  mejor=   25.53  medio=   -2.07
  [vs_humano_bot] gen 14/25  mejor=   30.02  medio=    4.39
  [vs_humano_bot] gen 15/25  mejor=   82.59  medio=   28.00
  [vs_humano_bot] gen 16/25  mejor=   38.57  medio=    1.94
  [vs_humano_bot] gen 17/25  mejor=  140.20  medio=   10.62
  [vs_humano_bot] gen 18/25  mejor=  133.68  medio=   37.83
  [vs_humano_bot] gen 19/25  mejor=   26.63  medio=   -3.92
  [vs_humano_bot] gen 20/25  mejor=  135.70  medio=    6.97
  [vs_humano_bot] gen 21/25  mejor=  151.09  medio=   26.61
  [vs_humano_bot] gen 22/25  mejor=   29.49  medio=   -1.14
  [vs_humano_bot] gen 23/25  mejor=   54.04  medio=   17.81
  [vs_humano_bot] gen 24/25  mejor=  134.33  medio=   36.87
  [vs_humano_bot] gen 25/25  mejor=   31.01  medio=   -4.89
  [vs_escolta_D] sensores congelados (IV.2 del PDF): escudo_objetivo
  [vs_escolta_D] gen  1/25  mejor=  127.46  medio=   56.55
  [vs_escolta_D] gen  2/25  mejor=   57.47  medio=   16.48
  [vs_escolta_D] gen  3/25  mejor=  148.39  medio=   55.97
  [vs_escolta_D] gen  4/25  mejor=  152.41  medio=   69.60
  [vs_escolta_D] gen  5/25  mejor=   72.48  medio=   22.24
  [vs_escolta_D] gen  6/25  mejor=  179.45  medio=   74.96
  [vs_escolta_D] gen  7/25  mejor=  149.50  medio=   74.41
  [vs_escolta_D] gen  8/25  mejor=   61.54  medio=   16.96
  [vs_escolta_D] gen  9/25  mejor=  179.45  medio=   85.08
  [vs_escolta_D] gen 10/25  mejor=  190.89  medio=   72.67
  [vs_escolta_D] gen 11/25  mejor=  155.25  medio=   44.95
  [vs_escolta_D] gen 12/25  mejor=  249.83  medio=  113.21
  [vs_escolta_D] gen 13/25  mejor=  182.29  medio=   94.79
  [vs_escolta_D] gen 14/25  mejor=  106.46  medio=   45.37
  [vs_escolta_D] gen 15/25  mejor=  166.61  medio=   87.50
  [vs_escolta_D] gen 16/25  mejor=  165.48  medio=  106.08
  [vs_escolta_D] gen 17/25  mejor=  196.56  medio=   49.00
  [vs_escolta_D] gen 18/25  mejor=  228.17  medio=   86.36
  [vs_escolta_D] gen 19/25  mejor=  204.33  medio=  108.92
  [vs_escolta_D] gen 20/25  mejor=  192.93  medio=   66.70
  [vs_escolta_D] gen 21/25  mejor=  174.91  medio=   97.08
  [vs_escolta_D] gen 22/25  mejor=  168.67  medio=   99.65
  [vs_escolta_D] gen 23/25  mejor=  192.93  medio=   72.47
  [vs_escolta_D] gen 24/25  mejor=  185.71  medio=   97.06
  [vs_escolta_D] gen 25/25  mejor=  197.71  medio=   78.06
  Entrenamiento terminado. Fitness del mejor: 197.71
  repeticion 1/5 completada (13 escenarios)
  repeticion 2/5 completada (13 escenarios)
  repeticion 3/5 completada (13 escenarios)
  repeticion 4/5 completada (13 escenarios)
  repeticion 5/5 completada (13 escenarios)

[15/16] Configuracion topologia=shallow  (p20_m0.15_gaussiana_torneo_uniforme_aleatorio_shallow)
  [vs_tipo_A] sensores congelados (IV.2 del PDF): escudo_objetivo
  [vs_tipo_A] gen  1/25  mejor=   46.92  medio=   24.47
  [vs_tipo_A] gen  2/25  mejor=   84.65  medio=   22.34
  [vs_tipo_A] gen  3/25  mejor=   62.62  medio=   22.45
  [vs_tipo_A] gen  4/25  mejor=   68.59  medio=   42.65
  [vs_tipo_A] gen  5/25  mejor=   99.62  medio=   33.97
  [vs_tipo_A] gen  6/25  mejor=  134.31  medio=   38.64
  [vs_tipo_A] gen  7/25  mejor=   87.65  medio=   29.36
  [vs_tipo_A] gen  8/25  mejor=   96.73  medio=   36.08
  [vs_tipo_A] gen  9/25  mejor=  158.97  medio=   52.30
  [vs_tipo_A] gen 10/25  mejor=  169.15  medio=   40.23
  [vs_tipo_A] gen 11/25  mejor=  132.36  medio=   57.79
  [vs_tipo_A] gen 12/25  mejor=  232.68  medio=  115.19
  [vs_tipo_A] gen 13/25  mejor=  198.19  medio=   78.30
  [vs_tipo_A] gen 14/25  mejor=  195.45  medio=   88.67
  [vs_tipo_A] gen 15/25  mejor=  240.98  medio=  156.53
  [vs_tipo_A] gen 16/25  mejor=  195.86  medio=  100.87
  [vs_tipo_A] gen 17/25  mejor=  204.74  medio=  115.29
  [vs_tipo_A] gen 18/25  mejor=  237.64  medio=  158.03
  [vs_tipo_A] gen 19/25  mejor=  197.86  medio=  120.57
  [vs_tipo_A] gen 20/25  mejor=  204.74  medio=  120.31
  [vs_tipo_A] gen 21/25  mejor=  244.47  medio=  184.08
  [vs_tipo_A] gen 22/25  mejor=  180.43  medio=  105.34
  [vs_tipo_A] gen 23/25  mejor=  176.17  medio=  107.36
  [vs_tipo_A] gen 24/25  mejor=  239.13  medio=  176.49
  [vs_tipo_A] gen 25/25  mejor=  206.71  medio=   99.78
  [vs_tipo_B] sin sensores congelados
  [vs_tipo_B] gen  1/25  mejor=   83.78  medio=    1.23
  [vs_tipo_B] gen  2/25  mejor=  175.18  medio=   87.68
  [vs_tipo_B] gen  3/25  mejor=   83.55  medio=   56.15
  [vs_tipo_B] gen  4/25  mejor=   83.83  medio=   74.63
  [vs_tipo_B] gen  5/25  mejor=  180.01  medio=  141.32
  [vs_tipo_B] gen  6/25  mejor=   91.38  medio=   53.03
  [vs_tipo_B] gen  7/25  mejor=   86.31  medio=   39.32
  [vs_tipo_B] gen  8/25  mejor=  185.60  medio=  114.70
  [vs_tipo_B] gen  9/25  mejor=  171.05  medio=   77.19
  [vs_tipo_B] gen 10/25  mejor=   89.02  medio=   53.62
  [vs_tipo_B] gen 11/25  mejor=  175.21  medio=   57.84
  [vs_tipo_B] gen 12/25  mejor=  172.93  medio=   66.44
  [vs_tipo_B] gen 13/25  mejor=  114.80  medio=   70.13
  [vs_tipo_B] gen 14/25  mejor=  195.37  medio=   81.34
  [vs_tipo_B] gen 15/25  mejor=  196.13  medio=  110.19
  [vs_tipo_B] gen 16/25  mejor=  198.34  medio=  108.94
  [vs_tipo_B] gen 17/25  mejor=  195.37  medio=   97.96
  [vs_tipo_B] gen 18/25  mejor=  197.79  medio=  143.37
  [vs_tipo_B] gen 19/25  mejor=  196.10  medio=  168.90
  [vs_tipo_B] gen 20/25  mejor=  201.60  medio=  168.08
  [vs_tipo_B] gen 21/25  mejor=  201.97  medio=  166.79
  [vs_tipo_B] gen 22/25  mejor=  202.12  medio=  169.72
  [vs_tipo_B] gen 23/25  mejor=  200.58  medio=  142.46
  [vs_tipo_B] gen 24/25  mejor=  204.31  medio=  149.97
  [vs_tipo_B] gen 25/25  mejor=  202.93  medio=  159.94
  [vs_tipo_C] sensores congelados (IV.2 del PDF): escudo_objetivo
  [vs_tipo_C] gen  1/25  mejor=  140.21  medio=   76.51
  [vs_tipo_C] gen  2/25  mejor=  226.52  medio=  108.90
  [vs_tipo_C] gen  3/25  mejor=  219.25  medio=  107.93
  [vs_tipo_C] gen  4/25  mejor=  206.25  medio=  102.91
  [vs_tipo_C] gen  5/25  mejor=  226.52  medio=  125.02
  [vs_tipo_C] gen  6/25  mejor=  219.25  medio=  155.66
  [vs_tipo_C] gen  7/25  mejor=  206.25  medio=   94.72
  [vs_tipo_C] gen  8/25  mejor=  226.52  medio=  118.89
  [vs_tipo_C] gen  9/25  mejor=  219.25  medio=  132.50
  [vs_tipo_C] gen 10/25  mejor=  206.25  medio=   96.33
  [vs_tipo_C] gen 11/25  mejor=  240.65  medio=  118.03
  [vs_tipo_C] gen 12/25  mejor=  226.11  medio=  109.76
  [vs_tipo_C] gen 13/25  mejor=  206.25  medio=  111.99
  [vs_tipo_C] gen 14/25  mejor=  226.52  medio=  121.92
  [vs_tipo_C] gen 15/25  mejor=  219.25  medio=  137.19
  [vs_tipo_C] gen 16/25  mejor=  206.25  medio=  113.36
  [vs_tipo_C] gen 17/25  mejor=  226.52  medio=  116.84
  [vs_tipo_C] gen 18/25  mejor=  219.32  medio=  129.65
  [vs_tipo_C] gen 19/25  mejor=  206.25  medio=  123.34
  [vs_tipo_C] gen 20/25  mejor=  226.52  medio=  111.83
  [vs_tipo_C] gen 21/25  mejor=  219.25  medio=  119.38
  [vs_tipo_C] gen 22/25  mejor=  208.34  medio=  113.14
  [vs_tipo_C] gen 23/25  mejor=  226.52  medio=  119.69
  [vs_tipo_C] gen 24/25  mejor=  223.39  medio=  150.06
  [vs_tipo_C] gen 25/25  mejor=  206.25  medio=  109.27
  [vs_humano_bot] sin sensores congelados
  [vs_humano_bot] gen  1/25  mejor=   20.98  medio=   -9.34
  [vs_humano_bot] gen  2/25  mejor=   48.52  medio=   -6.55
  [vs_humano_bot] gen  3/25  mejor=   63.03  medio=   32.43
  [vs_humano_bot] gen  4/25  mejor=   27.82  medio=   -0.17
  [vs_humano_bot] gen  5/25  mejor=   41.34  medio=    4.83
  [vs_humano_bot] gen  6/25  mejor=   78.84  medio=   36.16
  [vs_humano_bot] gen  7/25  mejor=   32.13  medio=    9.13
  [vs_humano_bot] gen  8/25  mejor=   30.78  medio=    1.08
  [vs_humano_bot] gen  9/25  mejor=   87.90  medio=   38.95
  [vs_humano_bot] gen 10/25  mejor=   48.58  medio=   18.93
  [vs_humano_bot] gen 11/25  mejor=   35.48  medio=   12.19
  [vs_humano_bot] gen 12/25  mejor=  123.26  medio=   34.88
  [vs_humano_bot] gen 13/25  mejor=   30.06  medio=   10.44
  [vs_humano_bot] gen 14/25  mejor=   48.53  medio=    6.64
  [vs_humano_bot] gen 15/25  mejor=   95.76  medio=   46.58
  [vs_humano_bot] gen 16/25  mejor=   65.59  medio=   15.22
  [vs_humano_bot] gen 17/25  mejor=   65.08  medio=    6.62
  [vs_humano_bot] gen 18/25  mejor=   93.73  medio=   39.16
  [vs_humano_bot] gen 19/25  mejor=  111.24  medio=   14.08
  [vs_humano_bot] gen 20/25  mejor=   41.30  medio=    6.83
  [vs_humano_bot] gen 21/25  mejor=   93.73  medio=   30.98
  [vs_humano_bot] gen 22/25  mejor=   65.59  medio=   14.35
  [vs_humano_bot] gen 23/25  mejor=   41.30  medio=    4.26
  [vs_humano_bot] gen 24/25  mejor=   93.73  medio=   32.77
  [vs_humano_bot] gen 25/25  mejor=   65.59  medio=   14.28
  [vs_escolta_D] sensores congelados (IV.2 del PDF): escudo_objetivo
  [vs_escolta_D] gen  1/25  mejor=  136.48  medio=   91.57
  [vs_escolta_D] gen  2/25  mejor=  165.85  medio=   80.99
  [vs_escolta_D] gen  3/25  mejor=  195.37  medio=   99.72
  [vs_escolta_D] gen  4/25  mejor=  277.43  medio=  137.97
  [vs_escolta_D] gen  5/25  mejor=  203.00  medio=  108.50
  [vs_escolta_D] gen  6/25  mejor=  176.34  medio=  107.26
  [vs_escolta_D] gen  7/25  mejor=  297.65  medio=  115.31
  [vs_escolta_D] gen  8/25  mejor=  231.14  medio=  102.45
  [vs_escolta_D] gen  9/25  mejor=  209.14  medio=  115.07
  [vs_escolta_D] gen 10/25  mejor=  297.94  medio=  134.38
  [vs_escolta_D] gen 11/25  mejor=  164.98  medio=  104.18
  [vs_escolta_D] gen 12/25  mejor=  186.74  medio=  103.63
  [vs_escolta_D] gen 13/25  mejor=  178.86  medio=  103.61
  [vs_escolta_D] gen 14/25  mejor=  182.85  medio=  111.65
  [vs_escolta_D] gen 15/25  mejor=  197.76  medio=  111.33
  [vs_escolta_D] gen 16/25  mejor=  254.38  medio=  130.36
  [vs_escolta_D] gen 17/25  mejor=  242.03  medio=  112.67
  [vs_escolta_D] gen 18/25  mejor=  197.39  medio=  104.74
  [vs_escolta_D] gen 19/25  mejor=  275.19  medio=  155.39
  [vs_escolta_D] gen 20/25  mejor=  220.86  medio=  113.02
  [vs_escolta_D] gen 21/25  mejor=  195.96  medio=  113.51
  [vs_escolta_D] gen 22/25  mejor=  287.52  medio=  147.73
  [vs_escolta_D] gen 23/25  mejor=  201.16  medio=  121.25
  [vs_escolta_D] gen 24/25  mejor=  266.85  medio=   98.65
  [vs_escolta_D] gen 25/25  mejor=  327.25  medio=  138.41
  Entrenamiento terminado. Fitness del mejor: 327.25
  repeticion 1/5 completada (13 escenarios)
  repeticion 2/5 completada (13 escenarios)
  repeticion 3/5 completada (13 escenarios)
  repeticion 4/5 completada (13 escenarios)
  repeticion 5/5 completada (13 escenarios)

[16/16] Configuracion topologia=profunda_16-12-8  (p20_m0.15_gaussiana_torneo_uniforme_aleatorio_deep)
  [vs_tipo_A] sensores congelados (IV.2 del PDF): escudo_objetivo
  [vs_tipo_A] gen  1/25  mejor=   45.34  medio=   17.66
  [vs_tipo_A] gen  2/25  mejor=   93.43  medio=   17.37
  [vs_tipo_A] gen  3/25  mejor=   45.82  medio=   12.10
  [vs_tipo_A] gen  4/25  mejor=   79.67  medio=   36.66
  [vs_tipo_A] gen  5/25  mejor=   93.43  medio=   29.49
  [vs_tipo_A] gen  6/25  mejor=   86.51  medio=   22.89
  [vs_tipo_A] gen  7/25  mejor=   57.71  medio=   41.51
  [vs_tipo_A] gen  8/25  mejor=   38.30  medio=   18.06
  [vs_tipo_A] gen  9/25  mejor=   49.59  medio=   17.66
  [vs_tipo_A] gen 10/25  mejor=   60.25  medio=   41.80
  [vs_tipo_A] gen 11/25  mejor=   76.66  medio=   25.96
  [vs_tipo_A] gen 12/25  mejor=   92.28  medio=   29.74
  [vs_tipo_A] gen 13/25  mejor=   75.56  medio=   28.57
  [vs_tipo_A] gen 14/25  mejor=   57.23  medio=   24.77
  [vs_tipo_A] gen 15/25  mejor=  123.93  medio=   25.87
  [vs_tipo_A] gen 16/25  mejor=  113.97  medio=   41.90
  [vs_tipo_A] gen 17/25  mejor=  116.73  medio=   29.90
  [vs_tipo_A] gen 18/25  mejor=   87.29  medio=   26.20
  [vs_tipo_A] gen 19/25  mejor=   58.20  medio=   28.28
  [vs_tipo_A] gen 20/25  mejor=   77.08  medio=   27.72
  [vs_tipo_A] gen 21/25  mejor=  188.72  medio=   48.95
  [vs_tipo_A] gen 22/25  mejor=  117.65  medio=   50.69
  [vs_tipo_A] gen 23/25  mejor=  112.14  medio=   44.41
  [vs_tipo_A] gen 24/25  mejor=  188.72  medio=   69.10
  [vs_tipo_A] gen 25/25  mejor=  140.80  medio=   61.63
  [vs_tipo_B] sin sensores congelados
  [vs_tipo_B] gen  1/25  mejor=  177.96  medio=   65.98
  [vs_tipo_B] gen  2/25  mejor=  177.23  medio=   60.01
  [vs_tipo_B] gen  3/25  mejor=  185.65  medio=   74.82
  [vs_tipo_B] gen  4/25  mejor=  181.62  medio=   59.23
  [vs_tipo_B] gen  5/25  mejor=  191.70  medio=   87.00
  [vs_tipo_B] gen  6/25  mejor=  178.89  medio=   68.04
  [vs_tipo_B] gen  7/25  mejor=  193.40  medio=   60.12
  [vs_tipo_B] gen  8/25  mejor=  198.16  medio=   75.60
  [vs_tipo_B] gen  9/25  mejor=  194.22  medio=   87.47
  [vs_tipo_B] gen 10/25  mejor=  193.40  medio=  112.86
  [vs_tipo_B] gen 11/25  mejor=  194.12  medio=   93.30
  [vs_tipo_B] gen 12/25  mejor=  197.60  medio=   74.17
  [vs_tipo_B] gen 13/25  mejor=  191.37  medio=   66.63
  [vs_tipo_B] gen 14/25  mejor=  194.94  medio=  120.87
  [vs_tipo_B] gen 15/25  mejor=  197.60  medio=   97.58
  [vs_tipo_B] gen 16/25  mejor=  191.52  medio=   94.51
  [vs_tipo_B] gen 17/25  mejor=  200.60  medio=  103.59
  [vs_tipo_B] gen 18/25  mejor=  200.04  medio=  111.86
  [vs_tipo_B] gen 19/25  mejor=  200.30  medio=  115.52
  [vs_tipo_B] gen 20/25  mejor=  200.60  medio=   70.24
  [vs_tipo_B] gen 21/25  mejor=  200.04  medio=   98.29
  [vs_tipo_B] gen 22/25  mejor=  200.30  medio=   99.36
  [vs_tipo_B] gen 23/25  mejor=  206.09  medio=   84.51
  [vs_tipo_B] gen 24/25  mejor=  206.07  medio=   74.05
  [vs_tipo_B] gen 25/25  mejor=  199.91  medio=   73.45
  [vs_tipo_C] sensores congelados (IV.2 del PDF): escudo_objetivo
  [vs_tipo_C] gen  1/25  mejor=  186.99  medio=   34.05
  [vs_tipo_C] gen  2/25  mejor=  153.30  medio=   53.64
  [vs_tipo_C] gen  3/25  mejor=  187.24  medio=   70.40
  [vs_tipo_C] gen  4/25  mejor=  130.32  medio=   55.50
  [vs_tipo_C] gen  5/25  mejor=  147.73  medio=   65.51
  [vs_tipo_C] gen  6/25  mejor=  187.24  medio=   61.18
  [vs_tipo_C] gen  7/25  mejor=  194.19  medio=   62.10
  [vs_tipo_C] gen  8/25  mejor=  160.98  medio=   80.78
  [vs_tipo_C] gen  9/25  mejor=  187.24  medio=   72.68
  [vs_tipo_C] gen 10/25  mejor=  149.75  medio=   67.17
  [vs_tipo_C] gen 11/25  mejor=  208.45  medio=   95.15
  [vs_tipo_C] gen 12/25  mejor=  175.29  medio=   83.75
  [vs_tipo_C] gen 13/25  mejor=  178.35  medio=   94.17
  [vs_tipo_C] gen 14/25  mejor=  208.45  medio=   97.66
  [vs_tipo_C] gen 15/25  mejor=  197.66  medio=   77.65
  [vs_tipo_C] gen 16/25  mejor=  196.17  medio=   83.17
  [vs_tipo_C] gen 17/25  mejor=  218.23  medio=   90.43
  [vs_tipo_C] gen 18/25  mejor=  210.98  medio=  112.94
  [vs_tipo_C] gen 19/25  mejor=  196.17  medio=  106.75
  [vs_tipo_C] gen 20/25  mejor=  235.93  medio=  107.32
  [vs_tipo_C] gen 21/25  mejor=  222.43  medio=  119.04
  [vs_tipo_C] gen 22/25  mejor=  213.33  medio=   94.08
  [vs_tipo_C] gen 23/25  mejor=  225.69  medio=  108.40
  [vs_tipo_C] gen 24/25  mejor=  212.11  medio=  118.03
  [vs_tipo_C] gen 25/25  mejor=  213.33  medio=   99.41
  [vs_humano_bot] sin sensores congelados
  [vs_humano_bot] gen  1/25  mejor=   33.17  medio=   -9.26
  [vs_humano_bot] gen  2/25  mejor=   29.51  medio=    2.82
  [vs_humano_bot] gen  3/25  mejor=   52.57  medio=   11.03
  [vs_humano_bot] gen  4/25  mejor=   42.83  medio=   -4.17
  [vs_humano_bot] gen  5/25  mejor=   54.94  medio=    3.84
  [vs_humano_bot] gen  6/25  mejor=   47.74  medio=   19.86
  [vs_humano_bot] gen  7/25  mejor=   47.74  medio=    4.37
  [vs_humano_bot] gen  8/25  mejor=   37.74  medio=   -0.36
  [vs_humano_bot] gen  9/25  mejor=   58.90  medio=    4.16
  [vs_humano_bot] gen 10/25  mejor=   49.96  medio=    3.90
  [vs_humano_bot] gen 11/25  mejor=   68.84  medio=    6.29
  [vs_humano_bot] gen 12/25  mejor=   75.49  medio=   11.20
  [vs_humano_bot] gen 13/25  mejor=   49.30  medio=   -0.83
  [vs_humano_bot] gen 14/25  mejor=   33.17  medio=    5.76
  [vs_humano_bot] gen 15/25  mejor=   60.58  medio=   16.92
  [vs_humano_bot] gen 16/25  mejor=   45.29  medio=    2.66
  [vs_humano_bot] gen 17/25  mejor=   48.47  medio=    7.70
  [vs_humano_bot] gen 18/25  mejor=   81.47  medio=   13.49
  [vs_humano_bot] gen 19/25  mejor=   46.32  medio=   -0.77
  [vs_humano_bot] gen 20/25  mejor=   36.67  medio=    6.48
  [vs_humano_bot] gen 21/25  mejor=   36.67  medio=    2.63
  [vs_humano_bot] gen 22/25  mejor=   46.56  medio=    0.70
  [vs_humano_bot] gen 23/25  mejor=   42.64  medio=    5.45
  [vs_humano_bot] gen 24/25  mejor=  127.51  medio=   15.09
  [vs_humano_bot] gen 25/25  mejor=   35.15  medio=   -6.35
  [vs_escolta_D] sensores congelados (IV.2 del PDF): escudo_objetivo
  [vs_escolta_D] gen  1/25  mejor=  232.12  medio=   98.45
  [vs_escolta_D] gen  2/25  mejor=  198.05  medio=   59.19
  [vs_escolta_D] gen  3/25  mejor=  160.21  medio=   77.51
  [vs_escolta_D] gen  4/25  mejor=  197.67  medio=  103.96
  [vs_escolta_D] gen  5/25  mejor=  171.30  medio=   84.80
  [vs_escolta_D] gen  6/25  mejor=  304.91  medio=   96.67
  [vs_escolta_D] gen  7/25  mejor=  250.88  medio=   88.32
  [vs_escolta_D] gen  8/25  mejor=  197.85  medio=   78.10
  [vs_escolta_D] gen  9/25  mejor=  273.22  medio=   94.43
  [vs_escolta_D] gen 10/25  mejor=  183.70  medio=   76.25
  [vs_escolta_D] gen 11/25  mejor=  209.86  medio=   72.27
  [vs_escolta_D] gen 12/25  mejor=  237.60  medio=   95.31
  [vs_escolta_D] gen 13/25  mejor=  226.76  medio=   87.75
  [vs_escolta_D] gen 14/25  mejor=  247.95  medio=  113.62
  [vs_escolta_D] gen 15/25  mejor=  317.79  medio=  111.49
  [vs_escolta_D] gen 16/25  mejor=  273.09  medio=   98.58
  [vs_escolta_D] gen 17/25  mejor=  175.81  medio=   98.81
  [vs_escolta_D] gen 18/25  mejor=  207.67  medio=  114.39
  [vs_escolta_D] gen 19/25  mejor=  237.73  medio=  102.94
  [vs_escolta_D] gen 20/25  mejor=  251.05  medio=   99.54
  [vs_escolta_D] gen 21/25  mejor=  206.12  medio=   83.29
  [vs_escolta_D] gen 22/25  mejor=  181.07  medio=  104.93
  [vs_escolta_D] gen 23/25  mejor=  192.22  medio=   89.30
  [vs_escolta_D] gen 24/25  mejor=  151.46  medio=   74.23
  [vs_escolta_D] gen 25/25  mejor=  357.84  medio=  127.55
  Entrenamiento terminado. Fitness del mejor: 357.84
  repeticion 1/5 completada (13 escenarios)
  repeticion 2/5 completada (13 escenarios)
  repeticion 3/5 completada (13 escenarios)
  repeticion 4/5 completada (13 escenarios)
  repeticion 5/5 completada (13 escenarios)

Archivos escritos:
  res://results_v2/benchmark.csv
  res://results_v2/benchmark.json
  res://results_v2/benchmark.xlsx
  res://results_v2/benchmark_cualitativo.md

Listo en 23741.6 s. 1040 filas registradas.
TERMINADO_CON_CODIGO_0
