acc_BuscarPocion,acc_Defender,acc_Distancia,acc_Huir,acc_Melee,acc_Perseguir,agentes_total,agentes_vivos,dano_hecho_agente,dano_recibido_agente,dps_agente,dps_oponente,duracion_s,elite,episodios_por_individuo,escenario,escenario_label,fitness,fuerza_mutacion,ganador,generaciones,kills_agente,motivo_fin,nivel,num_pobladores,oponentes_total,oponentes_vivos,pesos_iniciales,pociones_agente,repeticion,semilla,tam_torneo,tasa_exito,tasa_mutacion,tasa_seleccion,tecnica_cruce,tecnica_mutacion,tecnica_seleccion,thresholding,ticks,ticks_en_combate,ticks_inactivo,tiempo_vida_agente_s,tiempo_vida_oponente_s,topologia,valor_umbral,valor_variable,variable_barrida
0.0000,0.0000,0.7500,0.0263,0.0000,0.2237,1.0000,0.0000,48.0000,88.0000,6.3717,11.6814,7.5333,2.0000,2.0000,s01_A_1v1,Un enemigo tipo A vs 1 agente,18.1780,0.4000,oponente,25.0000,0.0000,bando_enemigo_eliminado,validation,20.0000,1.0000,1.0000,aleatorio,0.0000,0.0000,20260408.0000,3.0000,0.0000,0.1500,0.5000,uniforme,gaussiana,torneo,softmax_argmax,452.0000,179.0000,0.0000,7.5333,7.5333,7-10-6-6,0.2500,base,base
0.0000,0.0000,0.5316,0.0000,0.0000,0.4684,1.0000,1.0000,72.0000,26.0000,9.2111,3.3262,7.8167,2.0000,2.0000,s02_B_1v1,Un enemigo tipo B vs 1 agente,167.3760,0.4000,agente,25.0000,1.0000,bando_jugador_eliminado,validation,20.0000,1.0000,0.0000,aleatorio,0.0000,0.0000,20260539.0000,3.0000,1.0000,0.1500,0.5000,uniforme,gaussiana,torneo,softmax_argmax,469.0000,0.0000,0.0000,7.8167,7.8167,7-10-6-6,0.2500,base,base
0.0000,0.0000,0.7097,0.0000,0.0000,0.2903,1.0000,1.0000,24.0000,0.0000,3.8919,0.0000,6.1667,2.0000,2.0000,s03_C_1v1,Un enemigo tipo C vs 1 agente,65.4800,0.4000,agente,25.0000,0.0000,bando_jugador_eliminado,validation,20.0000,1.0000,0.0000,aleatorio,0.0000,0.0000,20260670.0000,3.0000,0.0000,0.1500,0.5000,uniforme,gaussiana,torneo,softmax_argmax,370.0000,0.0000,0.0000,6.1667,6.1667,7-10-6-6,0.2500,base,base
0.0000,0.0000,0.8430,0.0000,0.0000,0.1570,1.0000,1.0000,144.0000,0.0000,11.9668,0.0000,12.0333,2.0000,2.0000,s04_humano_1v1,Un jugador humano (bot) vs 1 agente,246.8880,0.4000,agente,25.0000,1.0000,bando_jugador_eliminado,validation,20.0000,1.0000,0.0000,aleatorio,0.0000,0.0000,20260801.0000,3.0000,1.0000,0.1500,0.5000,uniforme,gaussiana,torneo,softmax_argmax,722.0000,0.0000,0.0000,12.0333,12.0333,7-10-6-6,0.2500,base,base
0.0000,0.0000,0.6500,0.1500,0.0500,0.1500,1.0000,0.0000,44.0000,88.0000,22.7586,45.5172,1.9333,2.0000,2.0000,s05_A_varios,Varios enemigos tipo A vs 1 agente,10.9140,0.4000,oponente,25.0000,0.0000,bando_enemigo_eliminado,validation,20.0000,3.0000,3.0000,aleatorio,0.0000,0.0000,20260932.0000,3.0000,0.0000,0.1500,0.5000,uniforme,gaussiana,torneo,softmax_argmax,116.0000,115.0000,0.0000,1.9333,1.9333,7-10-6-6,0.2500,base,base
0.0550,0.8250,0.0883,0.0067,0.0067,0.0183,1.0000,1.0000,72.0000,65.0000,1.2000,1.5407,60.0000,2.0000,2.0000,s06_B_varios,Varios enemigos tipo B vs 1 agente,225.6300,0.4000,empate,25.0000,1.0000,tiempo_agotado,validation,20.0000,3.0000,2.0000,aleatorio,1.0000,0.0000,20261063.0000,3.0000,0.3333,0.1500,0.5000,uniforme,gaussiana,torneo,softmax_argmax,3600.0000,3416.0000,0.0000,60.0000,42.1889,7-10-6-6,0.2500,base,base
0.0000,0.0889,0.5333,0.1111,0.0222,0.2444,1.0000,0.0000,60.0000,86.4000,13.4328,19.3433,4.4667,2.0000,2.0000,s07_C_varios,Varios enemigos tipo C vs 1 agente,35.8420,0.4000,oponente,25.0000,0.0000,bando_enemigo_eliminado,validation,20.0000,3.0000,3.0000,aleatorio,0.0000,0.0000,20261194.0000,3.0000,0.0000,0.1500,0.5000,uniforme,gaussiana,torneo,softmax_argmax,268.0000,267.0000,0.0000,4.4667,4.4667,7-10-6-6,0.2500,base,base
0.0000,0.0000,0.7143,0.0714,0.0714,0.1429,1.0000,0.0000,32.0000,90.0000,23.7037,66.6667,1.3500,2.0000,2.0000,s08_mixto_1agente,Varios de todos los enemigos vs 1 agente,-2.7760,0.4000,oponente,25.0000,0.0000,bando_enemigo_eliminado,validation,20.0000,6.0000,6.0000,aleatorio,0.0000,0.0000,20261325.0000,3.0000,0.0000,0.1500,0.5000,uniforme,gaussiana,torneo,softmax_argmax,81.0000,80.0000,0.0000,1.3500,1.3500,7-10-6-6,0.2500,base,base
0.0000,0.0000,0.6338,0.1051,0.0220,0.2390,3.0000,0.0000,160.0000,275.0000,34.7407,42.9688,7.3500,2.0000,2.0000,s09_mixto_varios,Varios de todos los enemigos vs varios agentes,123.5460,0.4000,oponente,25.0000,1.0000,bando_enemigo_eliminado,validation,20.0000,6.0000,4.0000,aleatorio,0.0000,0.0000,20261456.0000,3.0000,0.1667,0.1500,0.5000,uniforme,gaussiana,torneo,softmax_argmax,441.0000,466.0000,0.0000,4.6056,6.4000,7-10-6-6,0.2500,base,base
0.0000,0.0192,0.5391,0.0000,0.0940,0.3476,3.0000,0.0000,84.0000,291.2000,5.8356,15.8548,18.3667,2.0000,2.0000,s10_humano_varios,Un jugador humano (bot) vs varios agentes,27.1840,0.4000,oponente,25.0000,0.0000,bando_enemigo_eliminado,validation,20.0000,1.0000,1.0000,aleatorio,0.0000,0.0000,20261587.0000,3.0000,0.0000,0.1500,0.5000,uniforme,gaussiana,torneo,softmax_argmax,1102.0000,1538.0000,0.0000,14.3944,18.3667,7-10-6-6,0.2500,base,base
0.0000,0.0000,0.6949,0.0508,0.0339,0.2203,1.0000,1.0000,140.0000,48.0000,11.9318,4.0909,11.7333,2.0000,2.0000,s11_D_1v1,Un enemigo tipo D (sanador) vs 1 agente,236.5760,0.4000,agente,25.0000,1.0000,bando_jugador_eliminado,validation,20.0000,1.0000,0.0000,aleatorio,0.0000,0.0000,20261718.0000,3.0000,1.0000,0.1500,0.5000,uniforme,gaussiana,torneo,softmax_argmax,704.0000,192.0000,0.0000,11.7333,11.7333,7-10-6-6,0.2500,base,base
0.0000,0.0000,0.6500,0.1500,0.0500,0.1500,1.0000,0.0000,44.0000,88.0000,22.7586,45.5172,1.9333,2.0000,2.0000,s12_escolta,Dos tipo A escoltados por un sanador vs 1 agente,10.9140,0.4000,oponente,25.0000,0.0000,bando_enemigo_eliminado,validation,20.0000,3.0000,3.0000,aleatorio,0.0000,0.0000,20261849.0000,3.0000,0.0000,0.1500,0.5000,uniforme,gaussiana,torneo,softmax_argmax,116.0000,115.0000,0.0000,1.9333,1.9333,7-10-6-6,0.2500,base,base
0.0000,0.0000,0.6316,0.1053,0.1053,0.1579,1.0000,0.0000,52.0000,96.0000,28.1081,51.8919,1.8500,2.0000,2.0000,s13_mixto_sanador,"Uno de cada tipo, sanador incluido, vs 1 agente",16.7440,0.4000,oponente,25.0000,0.0000,bando_enemigo_eliminado,validation,20.0000,5.0000,5.0000,aleatorio,0.0000,0.0000,20261980.0000,3.0000,0.0000,0.1500,0.5000,uniforme,gaussiana,torneo,softmax_argmax,111.0000,110.0000,0.0000,1.8500,1.8500,7-10-6-6,0.2500,base,base
0.0000,0.0000,0.7500,0.0263,0.0000,0.2237,1.0000,0.0000,48.0000,88.0000,6.3717,11.6814,7.5333,2.0000,2.0000,s01_A_1v1,Un enemigo tipo A vs 1 agente,18.1780,0.4000,oponente,25.0000,0.0000,bando_enemigo_eliminado,validation,20.0000,1.0000,1.0000,aleatorio,0.0000,1.0000,20268327.0000,3.0000,0.0000,0.1500,0.5000,uniforme,gaussiana,torneo,softmax_argmax,452.0000,179.0000,0.0000,7.5333,7.5333,7-10-6-6,0.2500,base,base
0.0000,0.0000,0.5316,0.0000,0.0000,0.4684,1.0000,1.0000,72.0000,26.0000,9.2111,3.3262,7.8167,2.0000,2.0000,s02_B_1v1,Un enemigo tipo B vs 1 agente,167.3760,0.4000,agente,25.0000,1.0000,bando_jugador_eliminado,validation,20.0000,1.0000,0.0000,aleatorio,0.0000,1.0000,20268458.0000,3.0000,1.0000,0.1500,0.5000,uniforme,gaussiana,torneo,softmax_argmax,469.0000,0.0000,0.0000,7.8167,7.8167,7-10-6-6,0.2500,base,base
0.0000,0.0000,0.7097,0.0000,0.0000,0.2903,1.0000,1.0000,24.0000,0.0000,3.8919,0.0000,6.1667,2.0000,2.0000,s03_C_1v1,Un enemigo tipo C vs 1 agente,65.4800,0.4000,agente,25.0000,0.0000,bando_jugador_eliminado,validation,20.0000,1.0000,0.0000,aleatorio,0.0000,1.0000,20268589.0000,3.0000,0.0000,0.1500,0.5000,uniforme,gaussiana,torneo,softmax_argmax,370.0000,0.0000,0.0000,6.1667,6.1667,7-10-6-6,0.2500,base,base
0.0000,0.0000,0.8430,0.0000,0.0000,0.1570,1.0000,1.0000,144.0000,0.0000,11.9668,0.0000,12.0333,2.0000,2.0000,s04_humano_1v1,Un jugador humano (bot) vs 1 agente,246.8880,0.4000,agente,25.0000,1.0000,bando_jugador_eliminado,validation,20.0000,1.0000,0.0000,aleatorio,0.0000,1.0000,20268720.0000,3.0000,1.0000,0.1500,0.5000,uniforme,gaussiana,torneo,softmax_argmax,722.0000,0.0000,0.0000,12.0333,12.0333,7-10-6-6,0.2500,base,base
0.0000,0.0000,0.6500,0.1500,0.0500,0.1500,1.0000,0.0000,44.0000,88.0000,22.7586,45.5172,1.9333,2.0000,2.0000,s05_A_varios,Varios enemigos tipo A vs 1 agente,10.9140,0.4000,oponente,25.0000,0.0000,bando_enemigo_eliminado,validation,20.0000,3.0000,3.0000,aleatorio,0.0000,1.0000,20268851.0000,3.0000,0.0000,0.1500,0.5000,uniforme,gaussiana,torneo,softmax_argmax,116.0000,115.0000,0.0000,1.9333,1.9333,7-10-6-6,0.2500,base,base
0.0550,0.8250,0.0883,0.0067,0.0067,0.0183,1.0000,1.0000,72.0000,65.0000,1.2000,1.5407,60.0000,2.0000,2.0000,s06_B_varios,Varios enemigos tipo B vs 1 agente,225.6300,0.4000,empate,25.0000,1.0000,tiempo_agotado,validation,20.0000,3.0000,2.0000,aleatorio,1.0000,1.0000,20268982.0000,3.0000,0.3333,0.1500,0.5000,uniforme,gaussiana,torneo,softmax_argmax,3600.0000,3416.0000,0.0000,60.0000,42.1889,7-10-6-6,0.2500,base,base
0.0000,0.0889,0.5333,0.1111,0.0222,0.2444,1.0000,0.0000,60.0000,86.4000,13.4328,19.3433,4.4667,2.0000,2.0000,s07_C_varios,Varios enemigos tipo C vs 1 agente,35.8420,0.4000,oponente,25.0000,0.0000,bando_enemigo_eliminado,validation,20.0000,3.0000,3.0000,aleatorio,0.0000,1.0000,20269113.0000,3.0000,0.0000,0.1500,0.5000,uniforme,gaussiana,torneo,softmax_argmax,268.0000,267.0000,0.0000,4.4667,4.4667,7-10-6-6,0.2500,base,base
0.0000,0.0000,0.7143,0.0714,0.0714,0.1429,1.0000,0.0000,32.0000,90.0000,23.7037,66.6667,1.3500,2.0000,2.0000,s08_mixto_1agente,Varios de todos los enemigos vs 1 agente,-2.7760,0.4000,oponente,25.0000,0.0000,bando_enemigo_eliminado,validation,20.0000,6.0000,6.0000,aleatorio,0.0000,1.0000,20269244.0000,3.0000,0.0000,0.1500,0.5000,uniforme,gaussiana,torneo,softmax_argmax,81.0000,80.0000,0.0000,1.3500,1.3500,7-10-6-6,0.2500,base,base
0.0000,0.0000,0.6338,0.1051,0.0220,0.2390,3.0000,0.0000,160.0000,275.0000,34.7407,42.9688,7.3500,2.0000,2.0000,s09_mixto_varios,Varios de todos los enemigos vs varios agentes,123.5460,0.4000,oponente,25.0000,1.0000,bando_enemigo_eliminado,validation,20.0000,6.0000,4.0000,aleatorio,0.0000,1.0000,20269375.0000,3.0000,0.1667,0.1500,0.5000,uniforme,gaussiana,torneo,softmax_argmax,441.0000,466.0000,0.0000,4.6056,6.4000,7-10-6-6,0.2500,base,base
0.0000,0.0192,0.5391,0.0000,0.0940,0.3476,3.0000,0.0000,84.0000,291.2000,5.8356,15.8548,18.3667,2.0000,2.0000,s10_humano_varios,Un jugador humano (bot) vs varios agentes,27.1840,0.4000,oponente,25.0000,0.0000,bando_enemigo_eliminado,validation,20.0000,1.0000,1.0000,aleatorio,0.0000,1.0000,20269506.0000,3.0000,0.0000,0.1500,0.5000,uniforme,gaussiana,torneo,softmax_argmax,1102.0000,1538.0000,0.0000,14.3944,18.3667,7-10-6-6,0.2500,base,base
0.0000,0.0000,0.6949,0.0508,0.0339,0.2203,1.0000,1.0000,140.0000,48.0000,11.9318,4.0909,11.7333,2.0000,2.0000,s11_D_1v1,Un enemigo tipo D (sanador) vs 1 agente,236.5760,0.4000,agente,25.0000,1.0000,bando_jugador_eliminado,validation,20.0000,1.0000,0.0000,aleatorio,0.0000,1.0000,20269637.0000,3.0000,1.0000,0.1500,0.5000,uniforme,gaussiana,torneo,softmax_argmax,704.0000,192.0000,0.0000,11.7333,11.7333,7-10-6-6,0.2500,base,base
0.0000,0.0000,0.6500,0.1500,0.0500,0.1500,1.0000,0.0000,44.0000,88.0000,22.7586,45.5172,1.9333,2.0000,2.0000,s12_escolta,Dos tipo A escoltados por un sanador vs 1 agente,10.9140,0.4000,oponente,25.0000,0.0000,bando_enemigo_eliminado,validation,20.0000,3.0000,3.0000,aleatorio,0.0000,1.0000,20269768.0000,3.0000,0.0000,0.1500,0.5000,uniforme,gaussiana,torneo,softmax_argmax,116.0000,115.0000,0.0000,1.9333,1.9333,7-10-6-6,0.2500,base,base
0.0000,0.0000,0.6316,0.1053,0.1053,0.1579,1.0000,0.0000,52.0000,96.0000,28.1081,51.8919,1.8500,2.0000,2.0000,s13_mixto_sanador,"Uno de cada tipo, sanador incluido, vs 1 agente",16.7440,0.4000,oponente,25.0000,0.0000,bando_enemigo_eliminado,validation,20.0000,5.0000,5.0000,aleatorio,0.0000,1.0000,20269899.0000,3.0000,0.0000,0.1500,0.5000,uniforme,gaussiana,torneo,softmax_argmax,111.0000,110.0000,0.0000,1.8500,1.8500,7-10-6-6,0.2500,base,base
0.0000,0.0000,0.7500,0.0263,0.0000,0.2237,1.0000,0.0000,48.0000,88.0000,6.3717,11.6814,7.5333,2.0000,2.0000,s01_A_1v1,Un enemigo tipo A vs 1 agente,18.1780,0.4000,oponente,25.0000,0.0000,bando_enemigo_eliminado,validation,20.0000,1.0000,1.0000,aleatorio,0.0000,2.0000,20276246.0000,3.0000,0.0000,0.1500,0.5000,uniforme,gaussiana,torneo,softmax_argmax,452.0000,179.0000,0.0000,7.5333,7.5333,7-10-6-6,0.2500,base,base
0.0000,0.0000,0.5316,0.0000,0.0000,0.4684,1.0000,1.0000,72.0000,26.0000,9.2111,3.3262,7.8167,2.0000,2.0000,s02_B_1v1,Un enemigo tipo B vs 1 agente,167.3760,0.4000,agente,25.0000,1.0000,bando_jugador_eliminado,validation,20.0000,1.0000,0.0000,aleatorio,0.0000,2.0000,20276377.0000,3.0000,1.0000,0.1500,0.5000,uniforme,gaussiana,torneo,softmax_argmax,469.0000,0.0000,0.0000,7.8167,7.8167,7-10-6-6,0.2500,base,base
0.0000,0.0000,0.7097,0.0000,0.0000,0.2903,1.0000,1.0000,24.0000,0.0000,3.8919,0.0000,6.1667,2.0000,2.0000,s03_C_1v1,Un enemigo tipo C vs 1 agente,65.4800,0.4000,agente,25.0000,0.0000,bando_jugador_eliminado,validation,20.0000,1.0000,0.0000,aleatorio,0.0000,2.0000,20276508.0000,3.0000,0.0000,0.1500,0.5000,uniforme,gaussiana,torneo,softmax_argmax,370.0000,0.0000,0.0000,6.1667,6.1667,7-10-6-6,0.2500,base,base
0.0000,0.0000,0.8430,0.0000,0.0000,0.1570,1.0000,1.0000,144.0000,0.0000,11.9668,0.0000,12.0333,2.0000,2.0000,s04_humano_1v1,Un jugador humano (bot) vs 1 agente,246.8880,0.4000,agente,25.0000,1.0000,bando_jugador_eliminado,validation,20.0000,1.0000,0.0000,aleatorio,0.0000,2.0000,20276639.0000,3.0000,1.0000,0.1500,0.5000,uniforme,gaussiana,torneo,softmax_argmax,722.0000,0.0000,0.0000,12.0333,12.0333,7-10-6-6,0.2500,base,base
0.0000,0.0000,0.6500,0.1500,0.0500,0.1500,1.0000,0.0000,44.0000,88.0000,22.7586,45.5172,1.9333,2.0000,2.0000,s05_A_varios,Varios enemigos tipo A vs 1 agente,10.9140,0.4000,oponente,25.0000,0.0000,bando_enemigo_eliminado,validation,20.0000,3.0000,3.0000,aleatorio,0.0000,2.0000,20276770.0000,3.0000,0.0000,0.1500,0.5000,uniforme,gaussiana,torneo,softmax_argmax,116.0000,115.0000,0.0000,1.9333,1.9333,7-10-6-6,0.2500,base,base
0.0550,0.8250,0.0883,0.0067,0.0067,0.0183,1.0000,1.0000,72.0000,65.0000,1.2000,1.5407,60.0000,2.0000,2.0000,s06_B_varios,Varios enemigos tipo B vs 1 agente,225.6300,0.4000,empate,25.0000,1.0000,tiempo_agotado,validation,20.0000,3.0000,2.0000,aleatorio,1.0000,2.0000,20276901.0000,3.0000,0.3333,0.1500,0.5000,uniforme,gaussiana,torneo,softmax_argmax,3600.0000,3416.0000,0.0000,60.0000,42.1889,7-10-6-6,0.2500,base,base
0.0000,0.0889,0.5333,0.1111,0.0222,0.2444,1.0000,0.0000,60.0000,86.4000,13.4328,19.3433,4.4667,2.0000,2.0000,s07_C_varios,Varios enemigos tipo C vs 1 agente,35.8420,0.4000,oponente,25.0000,0.0000,bando_enemigo_eliminado,validation,20.0000,3.0000,3.0000,aleatorio,0.0000,2.0000,20277032.0000,3.0000,0.0000,0.1500,0.5000,uniforme,gaussiana,torneo,softmax_argmax,268.0000,267.0000,0.0000,4.4667,4.4667,7-10-6-6,0.2500,base,base
0.0000,0.0000,0.7143,0.0714,0.0714,0.1429,1.0000,0.0000,32.0000,90.0000,23.7037,66.6667,1.3500,2.0000,2.0000,s08_mixto_1agente,Varios de todos los enemigos vs 1 agente,-2.7760,0.4000,oponente,25.0000,0.0000,bando_enemigo_eliminado,validation,20.0000,6.0000,6.0000,aleatorio,0.0000,2.0000,20277163.0000,3.0000,0.0000,0.1500,0.5000,uniforme,gaussiana,torneo,softmax_argmax,81.0000,80.0000,0.0000,1.3500,1.3500,7-10-6-6,0.2500,base,base
0.0000,0.0000,0.6338,0.1051,0.0220,0.2390,3.0000,0.0000,160.0000,275.0000,34.7407,42.9688,7.3500,2.0000,2.0000,s09_mixto_varios,Varios de todos los enemigos vs varios agentes,123.5460,0.4000,oponente,25.0000,1.0000,bando_enemigo_eliminado,validation,20.0000,6.0000,4.0000,aleatorio,0.0000,2.0000,20277294.0000,3.0000,0.1667,0.1500,0.5000,uniforme,gaussiana,torneo,softmax_argmax,441.0000,466.0000,0.0000,4.6056,6.4000,7-10-6-6,0.2500,base,base
0.0000,0.0192,0.5391,0.0000,0.0940,0.3476,3.0000,0.0000,84.0000,291.2000,5.8356,15.8548,18.3667,2.0000,2.0000,s10_humano_varios,Un jugador humano (bot) vs varios agentes,27.1840,0.4000,oponente,25.0000,0.0000,bando_enemigo_eliminado,validation,20.0000,1.0000,1.0000,aleatorio,0.0000,2.0000,20277425.0000,3.0000,0.0000,0.1500,0.5000,uniforme,gaussiana,torneo,softmax_argmax,1102.0000,1538.0000,0.0000,14.3944,18.3667,7-10-6-6,0.2500,base,base
0.0000,0.0000,0.6949,0.0508,0.0339,0.2203,1.0000,1.0000,140.0000,48.0000,11.9318,4.0909,11.7333,2.0000,2.0000,s11_D_1v1,Un enemigo tipo D (sanador) vs 1 agente,236.5760,0.4000,agente,25.0000,1.0000,bando_jugador_eliminado,validation,20.0000,1.0000,0.0000,aleatorio,0.0000,2.0000,20277556.0000,3.0000,1.0000,0.1500,0.5000,uniforme,gaussiana,torneo,softmax_argmax,704.0000,192.0000,0.0000,11.7333,11.7333,7-10-6-6,0.2500,base,base
0.0000,0.0000,0.6500,0.1500,0.0500,0.1500,1.0000,0.0000,44.0000,88.0000,22.7586,45.5172,1.9333,2.0000,2.0000,s12_escolta,Dos tipo A escoltados por un sanador vs 1 agente,10.9140,0.4000,oponente,25.0000,0.0000,bando_enemigo_eliminado,validation,20.0000,3.0000,3.0000,aleatorio,0.0000,2.0000,20277687.0000,3.0000,0.0000,0.1500,0.5000,uniforme,gaussiana,torneo,softmax_argmax,116.0000,115.0000,0.0000,1.9333,1.9333,7-10-6-6,0.2500,base,base
0.0000,0.0000,0.6316,0.1053,0.1053,0.1579,1.0000,0.0000,52.0000,96.0000,28.1081,51.8919,1.8500,2.0000,2.0000,s13_mixto_sanador,"Uno de cada tipo, sanador incluido, vs 1 agente",16.7440,0.4000,oponente,25.0000,0.0000,bando_enemigo_eliminado,validation,20.0000,5.0000,5.0000,aleatorio,0.0000,2.0000,20277818.0000,3.0000,0.0000,0.1500,0.5000,uniforme,gaussiana,torneo,softmax_argmax,111.0000,110.0000,0.0000,1.8500,1.8500,7-10-6-6,0.2500,base,base
0.0000,0.0000,0.7500,0.0263,0.0000,0.2237,1.0000,0.0000,48.0000,88.0000,6.3717,11.6814,7.5333,2.0000,2.0000,s01_A_1v1,Un enemigo tipo A vs 1 agente,18.1780,0.4000,oponente,25.0000,0.0000,bando_enemigo_eliminado,validation,20.0000,1.0000,1.0000,aleatorio,0.0000,3.0000,20284165.0000,3.0000,0.0000,0.1500,0.5000,uniforme,gaussiana,torneo,softmax_argmax,452.0000,179.0000,0.0000,7.5333,7.5333,7-10-6-6,0.2500,base,base
0.0000,0.0000,0.5316,0.0000,0.0000,0.4684,1.0000,1.0000,72.0000,26.0000,9.2111,3.3262,7.8167,2.0000,2.0000,s02_B_1v1,Un enemigo tipo B vs 1 agente,167.3760,0.4000,agente,25.0000,1.0000,bando_jugador_eliminado,validation,20.0000,1.0000,0.0000,aleatorio,0.0000,3.0000,20284296.0000,3.0000,1.0000,0.1500,0.5000,uniforme,gaussiana,torneo,softmax_argmax,469.0000,0.0000,0.0000,7.8167,7.8167,7-10-6-6,0.2500,base,base
0.0000,0.0000,0.7097,0.0000,0.0000,0.2903,1.0000,1.0000,24.0000,0.0000,3.8919,0.0000,6.1667,2.0000,2.0000,s03_C_1v1,Un enemigo tipo C vs 1 agente,65.4800,0.4000,agente,25.0000,0.0000,bando_jugador_eliminado,validation,20.0000,1.0000,0.0000,aleatorio,0.0000,3.0000,20284427.0000,3.0000,0.0000,0.1500,0.5000,uniforme,gaussiana,torneo,softmax_argmax,370.0000,0.0000,0.0000,6.1667,6.1667,7-10-6-6,0.2500,base,base
0.0000,0.0000,0.8430,0.0000,0.0000,0.1570,1.0000,1.0000,144.0000,0.0000,11.9668,0.0000,12.0333,2.0000,2.0000,s04_humano_1v1,Un jugador humano (bot) vs 1 agente,246.8880,0.4000,agente,25.0000,1.0000,bando_jugador_eliminado,validation,20.0000,1.0000,0.0000,aleatorio,0.0000,3.0000,20284558.0000,3.0000,1.0000,0.1500,0.5000,uniforme,gaussiana,torneo,softmax_argmax,722.0000,0.0000,0.0000,12.0333,12.0333,7-10-6-6,0.2500,base,base
0.0000,0.0000,0.6500,0.1500,0.0500,0.1500,1.0000,0.0000,44.0000,88.0000,22.7586,45.5172,1.9333,2.0000,2.0000,s05_A_varios,Varios enemigos tipo A vs 1 agente,10.9140,0.4000,oponente,25.0000,0.0000,bando_enemigo_eliminado,validation,20.0000,3.0000,3.0000,aleatorio,0.0000,3.0000,20284689.0000,3.0000,0.0000,0.1500,0.5000,uniforme,gaussiana,torneo,softmax_argmax,116.0000,115.0000,0.0000,1.9333,1.9333,7-10-6-6,0.2500,base,base
0.0550,0.8250,0.0883,0.0067,0.0067,0.0183,1.0000,1.0000,72.0000,65.0000,1.2000,1.5407,60.0000,2.0000,2.0000,s06_B_varios,Varios enemigos tipo B vs 1 agente,225.6300,0.4000,empate,25.0000,1.0000,tiempo_agotado,validation,20.0000,3.0000,2.0000,aleatorio,1.0000,3.0000,20284820.0000,3.0000,0.3333,0.1500,0.5000,uniforme,gaussiana,torneo,softmax_argmax,3600.0000,3416.0000,0.0000,60.0000,42.1889,7-10-6-6,0.2500,base,base
0.0000,0.0889,0.5333,0.1111,0.0222,0.2444,1.0000,0.0000,60.0000,86.4000,13.4328,19.3433,4.4667,2.0000,2.0000,s07_C_varios,Varios enemigos tipo C vs 1 agente,35.8420,0.4000,oponente,25.0000,0.0000,bando_enemigo_eliminado,validation,20.0000,3.0000,3.0000,aleatorio,0.0000,3.0000,20284951.0000,3.0000,0.0000,0.1500,0.5000,uniforme,gaussiana,torneo,softmax_argmax,268.0000,267.0000,0.0000,4.4667,4.4667,7-10-6-6,0.2500,base,base
0.0000,0.0000,0.7143,0.0714,0.0714,0.1429,1.0000,0.0000,32.0000,90.0000,23.7037,66.6667,1.3500,2.0000,2.0000,s08_mixto_1agente,Varios de todos los enemigos vs 1 agente,-2.7760,0.4000,oponente,25.0000,0.0000,bando_enemigo_eliminado,validation,20.0000,6.0000,6.0000,aleatorio,0.0000,3.0000,20285082.0000,3.0000,0.0000,0.1500,0.5000,uniforme,gaussiana,torneo,softmax_argmax,81.0000,80.0000,0.0000,1.3500,1.3500,7-10-6-6,0.2500,base,base
0.0000,0.0000,0.6338,0.1051,0.0220,0.2390,3.0000,0.0000,160.0000,275.0000,34.7407,42.9688,7.3500,2.0000,2.0000,s09_mixto_varios,Varios de todos los enemigos vs varios agentes,123.5460,0.4000,oponente,25.0000,1.0000,bando_enemigo_eliminado,validation,20.0000,6.0000,4.0000,aleatorio,0.0000,3.0000,20285213.0000,3.0000,0.1667,0.1500,0.5000,uniforme,gaussiana,torneo,softmax_argmax,441.0000,466.0000,0.0000,4.6056,6.4000,7-10-6-6,0.2500,base,base
0.0000,0.0192,0.5391,0.0000,0.0940,0.3476,3.0000,0.0000,84.0000,291.2000,5.8356,15.8548,18.3667,2.0000,2.0000,s10_humano_varios,Un jugador humano (bot) vs varios agentes,27.1840,0.4000,oponente,25.0000,0.0000,bando_enemigo_eliminado,validation,20.0000,1.0000,1.0000,aleatorio,0.0000,3.0000,20285344.0000,3.0000,0.0000,0.1500,0.5000,uniforme,gaussiana,torneo,softmax_argmax,1102.0000,1538.0000,0.0000,14.3944,18.3667,7-10-6-6,0.2500,base,base
0.0000,0.0000,0.6949,0.0508,0.0339,0.2203,1.0000,1.0000,140.0000,48.0000,11.9318,4.0909,11.7333,2.0000,2.0000,s11_D_1v1,Un enemigo tipo D (sanador) vs 1 agente,236.5760,0.4000,agente,25.0000,1.0000,bando_jugador_eliminado,validation,20.0000,1.0000,0.0000,aleatorio,0.0000,3.0000,20285475.0000,3.0000,1.0000,0.1500,0.5000,uniforme,gaussiana,torneo,softmax_argmax,704.0000,192.0000,0.0000,11.7333,11.7333,7-10-6-6,0.2500,base,base
0.0000,0.0000,0.6500,0.1500,0.0500,0.1500,1.0000,0.0000,44.0000,88.0000,22.7586,45.5172,1.9333,2.0000,2.0000,s12_escolta,Dos tipo A escoltados por un sanador vs 1 agente,10.9140,0.4000,oponente,25.0000,0.0000,bando_enemigo_eliminado,validation,20.0000,3.0000,3.0000,aleatorio,0.0000,3.0000,20285606.0000,3.0000,0.0000,0.1500,0.5000,uniforme,gaussiana,torneo,softmax_argmax,116.0000,115.0000,0.0000,1.9333,1.9333,7-10-6-6,0.2500,base,base
0.0000,0.0000,0.6316,0.1053,0.1053,0.1579,1.0000,0.0000,52.0000,96.0000,28.1081,51.8919,1.8500,2.0000,2.0000,s13_mixto_sanador,"Uno de cada tipo, sanador incluido, vs 1 agente",16.7440,0.4000,oponente,25.0000,0.0000,bando_enemigo_eliminado,validation,20.0000,5.0000,5.0000,aleatorio,0.0000,3.0000,20285737.0000,3.0000,0.0000,0.1500,0.5000,uniforme,gaussiana,torneo,softmax_argmax,111.0000,110.0000,0.0000,1.8500,1.8500,7-10-6-6,0.2500,base,base
0.0000,0.0000,0.7500,0.0263,0.0000,0.2237,1.0000,0.0000,48.0000,88.0000,6.3717,11.6814,7.5333,2.0000,2.0000,s01_A_1v1,Un enemigo tipo A vs 1 agente,18.1780,0.4000,oponente,25.0000,0.0000,bando_enemigo_eliminado,validation,20.0000,1.0000,1.0000,aleatorio,0.0000,4.0000,20292084.0000,3.0000,0.0000,0.1500,0.5000,uniforme,gaussiana,torneo,softmax_argmax,452.0000,179.0000,0.0000,7.5333,7.5333,7-10-6-6,0.2500,base,base
0.0000,0.0000,0.5316,0.0000,0.0000,0.4684,1.0000,1.0000,72.0000,26.0000,9.2111,3.3262,7.8167,2.0000,2.0000,s02_B_1v1,Un enemigo tipo B vs 1 agente,167.3760,0.4000,agente,25.0000,1.0000,bando_jugador_eliminado,validation,20.0000,1.0000,0.0000,aleatorio,0.0000,4.0000,20292215.0000,3.0000,1.0000,0.1500,0.5000,uniforme,gaussiana,torneo,softmax_argmax,469.0000,0.0000,0.0000,7.8167,7.8167,7-10-6-6,0.2500,base,base
0.0000,0.0000,0.7097,0.0000,0.0000,0.2903,1.0000,1.0000,24.0000,0.0000,3.8919,0.0000,6.1667,2.0000,2.0000,s03_C_1v1,Un enemigo tipo C vs 1 agente,65.4800,0.4000,agente,25.0000,0.0000,bando_jugador_eliminado,validation,20.0000,1.0000,0.0000,aleatorio,0.0000,4.0000,20292346.0000,3.0000,0.0000,0.1500,0.5000,uniforme,gaussiana,torneo,softmax_argmax,370.0000,0.0000,0.0000,6.1667,6.1667,7-10-6-6,0.2500,base,base
0.0000,0.0000,0.8430,0.0000,0.0000,0.1570,1.0000,1.0000,144.0000,0.0000,11.9668,0.0000,12.0333,2.0000,2.0000,s04_humano_1v1,Un jugador humano (bot) vs 1 agente,246.8880,0.4000,agente,25.0000,1.0000,bando_jugador_eliminado,validation,20.0000,1.0000,0.0000,aleatorio,0.0000,4.0000,20292477.0000,3.0000,1.0000,0.1500,0.5000,uniforme,gaussiana,torneo,softmax_argmax,722.0000,0.0000,0.0000,12.0333,12.0333,7-10-6-6,0.2500,base,base
0.0000,0.0000,0.6500,0.1500,0.0500,0.1500,1.0000,0.0000,44.0000,88.0000,22.7586,45.5172,1.9333,2.0000,2.0000,s05_A_varios,Varios enemigos tipo A vs 1 agente,10.9140,0.4000,oponente,25.0000,0.0000,bando_enemigo_eliminado,validation,20.0000,3.0000,3.0000,aleatorio,0.0000,4.0000,20292608.0000,3.0000,0.0000,0.1500,0.5000,uniforme,gaussiana,torneo,softmax_argmax,116.0000,115.0000,0.0000,1.9333,1.9333,7-10-6-6,0.2500,base,base
0.0550,0.8250,0.0883,0.0067,0.0067,0.0183,1.0000,1.0000,72.0000,65.0000,1.2000,1.5407,60.0000,2.0000,2.0000,s06_B_varios,Varios enemigos tipo B vs 1 agente,225.6300,0.4000,empate,25.0000,1.0000,tiempo_agotado,validation,20.0000,3.0000,2.0000,aleatorio,1.0000,4.0000,20292739.0000,3.0000,0.3333,0.1500,0.5000,uniforme,gaussiana,torneo,softmax_argmax,3600.0000,3416.0000,0.0000,60.0000,42.1889,7-10-6-6,0.2500,base,base
0.0000,0.0889,0.5333,0.1111,0.0222,0.2444,1.0000,0.0000,60.0000,86.4000,13.4328,19.3433,4.4667,2.0000,2.0000,s07_C_varios,Varios enemigos tipo C vs 1 agente,35.8420,0.4000,oponente,25.0000,0.0000,bando_enemigo_eliminado,validation,20.0000,3.0000,3.0000,aleatorio,0.0000,4.0000,20292870.0000,3.0000,0.0000,0.1500,0.5000,uniforme,gaussiana,torneo,softmax_argmax,268.0000,267.0000,0.0000,4.4667,4.4667,7-10-6-6,0.2500,base,base
0.0000,0.0000,0.7143,0.0714,0.0714,0.1429,1.0000,0.0000,32.0000,90.0000,23.7037,66.6667,1.3500,2.0000,2.0000,s08_mixto_1agente,Varios de todos los enemigos vs 1 agente,-2.7760,0.4000,oponente,25.0000,0.0000,bando_enemigo_eliminado,validation,20.0000,6.0000,6.0000,aleatorio,0.0000,4.0000,20293001.0000,3.0000,0.0000,0.1500,0.5000,uniforme,gaussiana,torneo,softmax_argmax,81.0000,80.0000,0.0000,1.3500,1.3500,7-10-6-6,0.2500,base,base
0.0000,0.0000,0.6338,0.1051,0.0220,0.2390,3.0000,0.0000,160.0000,275.0000,34.7407,42.9688,7.3500,2.0000,2.0000,s09_mixto_varios,Varios de todos los enemigos vs varios agentes,123.5460,0.4000,oponente,25.0000,1.0000,bando_enemigo_eliminado,validation,20.0000,6.0000,4.0000,aleatorio,0.0000,4.0000,20293132.0000,3.0000,0.1667,0.1500,0.5000,uniforme,gaussiana,torneo,softmax_argmax,441.0000,466.0000,0.0000,4.6056,6.4000,7-10-6-6,0.2500,base,base
0.0000,0.0192,0.5391,0.0000,0.0940,0.3476,3.0000,0.0000,84.0000,291.2000,5.8356,15.8548,18.3667,2.0000,2.0000,s10_humano_varios,Un jugador humano (bot) vs varios agentes,27.1840,0.4000,oponente,25.0000,0.0000,bando_enemigo_eliminado,validation,20.0000,1.0000,1.0000,aleatorio,0.0000,4.0000,20293263.0000,3.0000,0.0000,0.1500,0.5000,uniforme,gaussiana,torneo,softmax_argmax,1102.0000,1538.0000,0.0000,14.3944,18.3667,7-10-6-6,0.2500,base,base
0.0000,0.0000,0.6949,0.0508,0.0339,0.2203,1.0000,1.0000,140.0000,48.0000,11.9318,4.0909,11.7333,2.0000,2.0000,s11_D_1v1,Un enemigo tipo D (sanador) vs 1 agente,236.5760,0.4000,agente,25.0000,1.0000,bando_jugador_eliminado,validation,20.0000,1.0000,0.0000,aleatorio,0.0000,4.0000,20293394.0000,3.0000,1.0000,0.1500,0.5000,uniforme,gaussiana,torneo,softmax_argmax,704.0000,192.0000,0.0000,11.7333,11.7333,7-10-6-6,0.2500,base,base
0.0000,0.0000,0.6500,0.1500,0.0500,0.1500,1.0000,0.0000,44.0000,88.0000,22.7586,45.5172,1.9333,2.0000,2.0000,s12_escolta,Dos tipo A escoltados por un sanador vs 1 agente,10.9140,0.4000,oponente,25.0000,0.0000,bando_enemigo_eliminado,validation,20.0000,3.0000,3.0000,aleatorio,0.0000,4.0000,20293525.0000,3.0000,0.0000,0.1500,0.5000,uniforme,gaussiana,torneo,softmax_argmax,116.0000,115.0000,0.0000,1.9333,1.9333,7-10-6-6,0.2500,base,base
0.0000,0.0000,0.6316,0.1053,0.1053,0.1579,1.0000,0.0000,52.0000,96.0000,28.1081,51.8919,1.8500,2.0000,2.0000,s13_mixto_sanador,"Uno de cada tipo, sanador incluido, vs 1 agente",16.7440,0.4000,oponente,25.0000,0.0000,bando_enemigo_eliminado,validation,20.0000,5.0000,5.0000,aleatorio,0.0000,4.0000,20293656.0000,3.0000,0.0000,0.1500,0.5000,uniforme,gaussiana,torneo,softmax_argmax,111.0000,110.0000,0.0000,1.8500,1.8500,7-10-6-6,0.2500,base,base
0.0000,0.0000,0.7973,0.0000,0.0000,0.2027,1.0000,0.0000,36.0000,88.0000,4.8869,11.9457,7.3667,2.0000,2.0000,s01_A_1v1,Un enemigo tipo A vs 1 agente,5.8380,0.4000,oponente,25.0000,0.0000,bando_enemigo_eliminado,validation,10.0000,1.0000,1.0000,aleatorio,0.0000,0.0000,20260408.0000,3.0000,0.0000,0.1500,0.5000,uniforme,gaussiana,torneo,softmax_argmax,442.0000,169.0000,0.0000,7.3667,7.3667,7-10-6-6,0.2500,10,num_pobladores
0.0000,0.0000,0.5190,0.0000,0.0000,0.4810,1.0000,1.0000,72.0000,39.0000,9.2111,4.9893,7.8167,2.0000,2.0000,s02_B_1v1,Un enemigo tipo B vs 1 agente,164.1260,0.4000,agente,25.0000,1.0000,bando_jugador_eliminado,validation,10.0000,1.0000,0.0000,aleatorio,0.0000,0.0000,20260539.0000,3.0000,1.0000,0.1500,0.5000,uniforme,gaussiana,torneo,softmax_argmax,469.0000,0.0000,0.0000,7.8167,7.8167,7-10-6-6,0.2500,10,num_pobladores
0.0000,0.0000,0.7097,0.0000,0.0000,0.2903,1.0000,1.0000,36.0000,0.0000,5.8696,0.0000,6.1333,2.0000,2.0000,s03_C_1v1,Un enemigo tipo C vs 1 agente,77.4720,0.4000,agente,25.0000,0.0000,bando_jugador_eliminado,validation,10.0000,1.0000,0.0000,aleatorio,0.0000,0.0000,20260670.0000,3.0000,0.0000,0.1500,0.5000,uniforme,gaussiana,torneo,softmax_argmax,368.0000,0.0000,0.0000,6.1333,6.1333,7-10-6-6,0.2500,10,num_pobladores
0.0000,0.0000,0.7059,0.0000,0.0000,0.2941,1.0000,0.0000,12.0000,96.0000,1.4229,11.3834,8.4333,2.0000,2.0000,s04_humano_1v1,Un jugador humano (bot) vs 1 agente,-18.4660,0.4000,oponente,25.0000,0.0000,bando_enemigo_eliminado,validation,10.0000,1.0000,1.0000,aleatorio,0.0000,0.0000,20260801.0000,3.0000,0.0000,0.1500,0.5000,uniforme,gaussiana,torneo,softmax_argmax,506.0000,217.0000,0.0000,8.4333,8.4333,7-10-6-6,0.2500,10,num_pobladores
0.0000,0.0000,1.0000,0.0000,0.0000,0.0000,1.0000,0.0000,0.0000,88.0000,0.0000,45.5172,1.9333,2.0000,2.0000,s05_A_varios,Varios enemigos tipo A vs 1 agente,-33.0860,0.4000,oponente,25.0000,0.0000,bando_enemigo_eliminado,validation,10.0000,3.0000,3.0000,aleatorio,0.0000,0.0000,20260932.0000,3.0000,0.0000,0.1500,0.5000,uniforme,gaussiana,torneo,softmax_argmax,116.0000,115.0000,0.0000,1.9333,1.9333,7-10-6-6,0.2500,10,num_pobladores
0.0000,0.0000,0.7442,0.0000,0.0000,0.2558,1.0000,0.0000,204.0000,91.0000,9.5031,6.6775,21.4667,2.0000,2.0000,s06_B_varios,Varios enemigos tipo B vs 1 agente,310.8420,0.4000,oponente,25.0000,2.0000,bando_enemigo_eliminado,validation,10.0000,3.0000,1.0000,aleatorio,0.0000,0.0000,20261063.0000,3.0000,0.6667,0.1500,0.5000,uniforme,gaussiana,torneo,softmax_argmax,1288.0000,648.0000,0.0000,21.4667,13.6278,7-10-6-6,0.2500,10,num_pobladores
0.0000,0.0000,1.0000,0.0000,0.0000,0.0000,1.0000,0.0000,60.0000,96.0000,13.0435,20.8696,4.6000,2.0000,2.0000,s07_C_varios,Varios enemigos tipo C vs 1 agente,27.3540,0.4000,oponente,25.0000,0.0000,bando_enemigo_eliminado,validation,10.0000,3.0000,3.0000,aleatorio,0.0000,0.0000,20261194.0000,3.0000,0.0000,0.1500,0.5000,uniforme,gaussiana,torneo,softmax_argmax,276.0000,175.0000,0.0000,4.6000,4.6000,7-10-6-6,0.2500,10,num_pobladores
0.0000,0.0000,1.0000,0.0000,0.0000,0.0000,1.0000,0.0000,0.0000,90.0000,0.0000,62.7907,1.4333,2.0000,2.0000,s08_mixto_1agente,Varios de todos los enemigos vs 1 agente,-34.6060,0.4000,oponente,25.0000,0.0000,bando_enemigo_eliminado,validation,10.0000,6.0000,6.0000,aleatorio,0.0000,0.0000,20261325.0000,3.0000,0.0000,0.1500,0.5000,uniforme,gaussiana,torneo,softmax_argmax,86.0000,85.0000,0.0000,1.4333,1.4333,7-10-6-6,0.2500,10,num_pobladores
0.0000,0.0000,0.9758,0.0000,0.0000,0.0242,3.0000,1.0000,168.0000,245.0000,29.2174,33.4091,10.9500,2.0000,2.0000,s09_mixto_varios,Varios de todos los enemigos vs varios agentes,331.0900,0.4000,agente,25.0000,2.0000,bando_jugador_eliminado,validation,10.0000,6.0000,0.0000,aleatorio,0.0000,0.0000,20261456.0000,3.0000,0.3333,0.1500,0.5000,uniforme,gaussiana,torneo,softmax_argmax,657.0000,340.0000,0.0000,5.7500,7.3333,7-10-6-6,0.2500,10,num_pobladores
0.0000,0.0000,0.4368,0.0000,0.0000,0.5632,3.0000,3.0000,36.0000,64.0000,4.1538,7.3846,8.6667,2.0000,2.0000,s10_humano_varios,Un jugador humano (bot) vs varios agentes,162.7400,0.4000,agente,25.0000,0.0000,bando_jugador_eliminado,validation,10.0000,1.0000,0.0000,aleatorio,0.0000,0.0000,20261587.0000,3.0000,0.0000,0.1500,0.5000,uniforme,gaussiana,torneo,softmax_argmax,520.0000,550.0000,0.0000,8.6667,8.6667,7-10-6-6,0.2500,10,num_pobladores
0.0000,0.0000,0.8839,0.0000,0.0000,0.1161,1.0000,1.0000,144.0000,48.0000,9.2903,3.0968,15.5000,2.0000,2.0000,s11_D_1v1,Un enemigo tipo D (sanador) vs 1 agente,243.7600,0.4000,agente,25.0000,1.0000,bando_jugador_eliminado,validation,10.0000,1.0000,0.0000,aleatorio,0.0000,0.0000,20261718.0000,3.0000,1.0000,0.1500,0.5000,uniforme,gaussiana,torneo,softmax_argmax,930.0000,268.0000,0.0000,15.5000,15.5000,7-10-6-6,0.2500,10,num_pobladores
0.0000,0.0000,1.0000,0.0000,0.0000,0.0000,1.0000,0.0000,0.0000,88.0000,0.0000,45.5172,1.9333,2.0000,2.0000,s12_escolta,Dos tipo A escoltados por un sanador vs 1 agente,-33.0860,0.4000,oponente,25.0000,0.0000,bando_enemigo_eliminado,validation,10.0000,3.0000,3.0000,aleatorio,0.0000,0.0000,20261849.0000,3.0000,0.0000,0.1500,0.5000,uniforme,gaussiana,torneo,softmax_argmax,116.0000,115.0000,0.0000,1.9333,1.9333,7-10-6-6,0.2500,10,num_pobladores
0.0000,0.0000,1.0000,0.0000,0.0000,0.0000,1.0000,0.0000,0.0000,88.0000,0.0000,51.8664,1.9333,2.0000,2.0000,s13_mixto_sanador,"Uno de cada tipo, sanador incluido, vs 1 agente",-33.0860,0.4000,oponente,25.0000,0.0000,bando_enemigo_eliminado,validation,10.0000,5.0000,4.0000,aleatorio,0.0000,0.0000,20261980.0000,3.0000,0.0000,0.1500,0.5000,uniforme,gaussiana,torneo,softmax_argmax,116.0000,115.0000,0.0000,1.9333,1.6967,7-10-6-6,0.2500,10,num_pobladores
0.0000,0.0000,0.7973,0.0000,0.0000,0.2027,1.0000,0.0000,36.0000,88.0000,4.8869,11.9457,7.3667,2.0000,2.0000,s01_A_1v1,Un enemigo tipo A vs 1 agente,5.8380,0.4000,oponente,25.0000,0.0000,bando_enemigo_eliminado,validation,10.0000,1.0000,1.0000,aleatorio,0.0000,1.0000,20268327.0000,3.0000,0.0000,0.1500,0.5000,uniforme,gaussiana,torneo,softmax_argmax,442.0000,169.0000,0.0000,7.3667,7.3667,7-10-6-6,0.2500,10,num_pobladores
0.0000,0.0000,0.5190,0.0000,0.0000,0.4810,1.0000,1.0000,72.0000,39.0000,9.2111,4.9893,7.8167,2.0000,2.0000,s02_B_1v1,Un enemigo tipo B vs 1 agente,164.1260,0.4000,agente,25.0000,1.0000,bando_jugador_eliminado,validation,10.0000,1.0000,0.0000,aleatorio,0.0000,1.0000,20268458.0000,3.0000,1.0000,0.1500,0.5000,uniforme,gaussiana,torneo,softmax_argmax,469.0000,0.0000,0.0000,7.8167,7.8167,7-10-6-6,0.2500,10,num_pobladores
0.0000,0.0000,0.7097,0.0000,0.0000,0.2903,1.0000,1.0000,36.0000,0.0000,5.8696,0.0000,6.1333,2.0000,2.0000,s03_C_1v1,Un enemigo tipo C vs 1 agente,77.4720,0.4000,agente,25.0000,0.0000,bando_jugador_eliminado,validation,10.0000,1.0000,0.0000,aleatorio,0.0000,1.0000,20268589.0000,3.0000,0.0000,0.1500,0.5000,uniforme,gaussiana,torneo,softmax_argmax,368.0000,0.0000,0.0000,6.1333,6.1333,7-10-6-6,0.2500,10,num_pobladores
0.0000,0.0000,0.7059,0.0000,0.0000,0.2941,1.0000,0.0000,12.0000,96.0000,1.4229,11.3834,8.4333,2.0000,2.0000,s04_humano_1v1,Un jugador humano (bot) vs 1 agente,-18.4660,0.4000,oponente,25.0000,0.0000,bando_enemigo_eliminado,validation,10.0000,1.0000,1.0000,aleatorio,0.0000,1.0000,20268720.0000,3.0000,0.0000,0.1500,0.5000,uniforme,gaussiana,torneo,softmax_argmax,506.0000,217.0000,0.0000,8.4333,8.4333,7-10-6-6,0.2500,10,num_pobladores
0.0000,0.0000,1.0000,0.0000,0.0000,0.0000,1.0000,0.0000,0.0000,88.0000,0.0000,45.5172,1.9333,2.0000,2.0000,s05_A_varios,Varios enemigos tipo A vs 1 agente,-33.0860,0.4000,oponente,25.0000,0.0000,bando_enemigo_eliminado,validation,10.0000,3.0000,3.0000,aleatorio,0.0000,1.0000,20268851.0000,3.0000,0.0000,0.1500,0.5000,uniforme,gaussiana,torneo,softmax_argmax,116.0000,115.0000,0.0000,1.9333,1.9333,7-10-6-6,0.2500,10,num_pobladores
0.0000,0.0000,0.7442,0.0000,0.0000,0.2558,1.0000,0.0000,204.0000,91.0000,9.5031,6.6775,21.4667,2.0000,2.0000,s06_B_varios,Varios enemigos tipo B vs 1 agente,310.8420,0.4000,oponente,25.0000,2.0000,bando_enemigo_eliminado,validation,10.0000,3.0000,1.0000,aleatorio,0.0000,1.0000,20268982.0000,3.0000,0.6667,0.1500,0.5000,uniforme,gaussiana,torneo,softmax_argmax,1288.0000,648.0000,0.0000,21.4667,13.6278,7-10-6-6,0.2500,10,num_pobladores
0.0000,0.0000,1.0000,0.0000,0.0000,0.0000,1.0000,0.0000,60.0000,96.0000,13.0435,20.8696,4.6000,2.0000,2.0000,s07_C_varios,Varios enemigos tipo C vs 1 agente,27.3540,0.4000,oponente,25.0000,0.0000,bando_enemigo_eliminado,validation,10.0000,3.0000,3.0000,aleatorio,0.0000,1.0000,20269113.0000,3.0000,0.0000,0.1500,0.5000,uniforme,gaussiana,torneo,softmax_argmax,276.0000,175.0000,0.0000,4.6000,4.6000,7-10-6-6,0.2500,10,num_pobladores
0.0000,0.0000,1.0000,0.0000,0.0000,0.0000,1.0000,0.0000,0.0000,90.0000,0.0000,62.7907,1.4333,2.0000,2.0000,s08_mixto_1agente,Varios de todos los enemigos vs 1 agente,-34.6060,0.4000,oponente,25.0000,0.0000,bando_enemigo_eliminado,validation,10.0000,6.0000,6.0000,aleatorio,0.0000,1.0000,20269244.0000,3.0000,0.0000,0.1500,0.5000,uniforme,gaussiana,torneo,softmax_argmax,86.0000,85.0000,0.0000,1.4333,1.4333,7-10-6-6,0.2500,10,num_pobladores
0.0000,0.0000,0.9758,0.0000,0.0000,0.0242,3.0000,1.0000,168.0000,245.0000,29.2174,33.4091,10.9500,2.0000,2.0000,s09_mixto_varios,Varios de todos los enemigos vs varios agentes,331.0900,0.4000,agente,25.0000,2.0000,bando_jugador_eliminado,validation,10.0000,6.0000,0.0000,aleatorio,0.0000,1.0000,20269375.0000,3.0000,0.3333,0.1500,0.5000,uniforme,gaussiana,torneo,softmax_argmax,657.0000,340.0000,0.0000,5.7500,7.3333,7-10-6-6,0.2500,10,num_pobladores
0.0000,0.0000,0.4368,0.0000,0.0000,0.5632,3.0000,3.0000,36.0000,64.0000,4.1538,7.3846,8.6667,2.0000,2.0000,s10_humano_varios,Un jugador humano (bot) vs varios agentes,162.7400,0.4000,agente,25.0000,0.0000,bando_jugador_eliminado,validation,10.0000,1.0000,0.0000,aleatorio,0.0000,1.0000,20269506.0000,3.0000,0.0000,0.1500,0.5000,uniforme,gaussiana,torneo,softmax_argmax,520.0000,550.0000,0.0000,8.6667,8.6667,7-10-6-6,0.2500,10,num_pobladores
0.0000,0.0000,0.8839,0.0000,0.0000,0.1161,1.0000,1.0000,144.0000,48.0000,9.2903,3.0968,15.5000,2.0000,2.0000,s11_D_1v1,Un enemigo tipo D (sanador) vs 1 agente,243.7600,0.4000,agente,25.0000,1.0000,bando_jugador_eliminado,validation,10.0000,1.0000,0.0000,aleatorio,0.0000,1.0000,20269637.0000,3.0000,1.0000,0.1500,0.5000,uniforme,gaussiana,torneo,softmax_argmax,930.0000,268.0000,0.0000,15.5000,15.5000,7-10-6-6,0.2500,10,num_pobladores
0.0000,0.0000,1.0000,0.0000,0.0000,0.0000,1.0000,0.0000,0.0000,88.0000,0.0000,45.5172,1.9333,2.0000,2.0000,s12_escolta,Dos tipo A escoltados por un sanador vs 1 agente,-33.0860,0.4000,oponente,25.0000,0.0000,bando_enemigo_eliminado,validation,10.0000,3.0000,3.0000,aleatorio,0.0000,1.0000,20269768.0000,3.0000,0.0000,0.1500,0.5000,uniforme,gaussiana,torneo,softmax_argmax,116.0000,115.0000,0.0000,1.9333,1.9333,7-10-6-6,0.2500,10,num_pobladores
0.0000,0.0000,1.0000,0.0000,0.0000,0.0000,1.0000,0.0000,0.0000,88.0000,0.0000,51.8664,1.9333,2.0000,2.0000,s13_mixto_sanador,"Uno de cada tipo, sanador incluido, vs 1 agente",-33.0860,0.4000,oponente,25.0000,0.0000,bando_enemigo_eliminado,validation,10.0000,5.0000,4.0000,aleatorio,0.0000,1.0000,20269899.0000,3.0000,0.0000,0.1500,0.5000,uniforme,gaussiana,torneo,softmax_argmax,116.0000,115.0000,0.0000,1.9333,1.6967,7-10-6-6,0.2500,10,num_pobladores
0.0000,0.0000,0.7973,0.0000,0.0000,0.2027,1.0000,0.0000,36.0000,88.0000,4.8869,11.9457,7.3667,2.0000,2.0000,s01_A_1v1,Un enemigo tipo A vs 1 agente,5.8380,0.4000,oponente,25.0000,0.0000,bando_enemigo_eliminado,validation,10.0000,1.0000,1.0000,aleatorio,0.0000,2.0000,20276246.0000,3.0000,0.0000,0.1500,0.5000,uniforme,gaussiana,torneo,softmax_argmax,442.0000,169.0000,0.0000,7.3667,7.3667,7-10-6-6,0.2500,10,num_pobladores
0.0000,0.0000,0.5190,0.0000,0.0000,0.4810,1.0000,1.0000,72.0000,39.0000,9.2111,4.9893,7.8167,2.0000,2.0000,s02_B_1v1,Un enemigo tipo B vs 1 agente,164.1260,0.4000,agente,25.0000,1.0000,bando_jugador_eliminado,validation,10.0000,1.0000,0.0000,aleatorio,0.0000,2.0000,20276377.0000,3.0000,1.0000,0.1500,0.5000,uniforme,gaussiana,torneo,softmax_argmax,469.0000,0.0000,0.0000,7.8167,7.8167,7-10-6-6,0.2500,10,num_pobladores
0.0000,0.0000,0.7097,0.0000,0.0000,0.2903,1.0000,1.0000,36.0000,0.0000,5.8696,0.0000,6.1333,2.0000,2.0000,s03_C_1v1,Un enemigo tipo C vs 1 agente,77.4720,0.4000,agente,25.0000,0.0000,bando_jugador_eliminado,validation,10.0000,1.0000,0.0000,aleatorio,0.0000,2.0000,20276508.0000,3.0000,0.0000,0.1500,0.5000,uniforme,gaussiana,torneo,softmax_argmax,368.0000,0.0000,0.0000,6.1333,6.1333,7-10-6-6,0.2500,10,num_pobladores
0.0000,0.0000,0.7059,0.0000,0.0000,0.2941,1.0000,0.0000,12.0000,96.0000,1.4229,11.3834,8.4333,2.0000,2.0000,s04_humano_1v1,Un jugador humano (bot) vs 1 agente,-18.4660,0.4000,oponente,25.0000,0.0000,bando_enemigo_eliminado,validation,10.0000,1.0000,1.0000,aleatorio,0.0000,2.0000,20276639.0000,3.0000,0.0000,0.1500,0.5000,uniforme,gaussiana,torneo,softmax_argmax,506.0000,217.0000,0.0000,8.4333,8.4333,7-10-6-6,0.2500,10,num_pobladores
0.0000,0.0000,1.0000,0.0000,0.0000,0.0000,1.0000,0.0000,0.0000,88.0000,0.0000,45.5172,1.9333,2.0000,2.0000,s05_A_varios,Varios enemigos tipo A vs 1 agente,-33.0860,0.4000,oponente,25.0000,0.0000,bando_enemigo_eliminado,validation,10.0000,3.0000,3.0000,aleatorio,0.0000,2.0000,20276770.0000,3.0000,0.0000,0.1500,0.5000,uniforme,gaussiana,torneo,softmax_argmax,116.0000,115.0000,0.0000,1.9333,1.9333,7-10-6-6,0.2500,10,num_pobladores
0.0000,0.0000,0.7442,0.0000,0.0000,0.2558,1.0000,0.0000,204.0000,91.0000,9.5031,6.6775,21.4667,2.0000,2.0000,s06_B_varios,Varios enemigos tipo B vs 1 agente,310.8420,0.4000,oponente,25.0000,2.0000,bando_enemigo_eliminado,validation,10.0000,3.0000,1.0000,aleatorio,0.0000,2.0000,20276901.0000,3.0000,0.6667,0.1500,0.5000,uniforme,gaussiana,torneo,softmax_argmax,1288.0000,648.0000,0.0000,21.4667,13.6278,7-10-6-6,0.2500,10,num_pobladores
0.0000,0.0000,1.0000,0.0000,0.0000,0.0000,1.0000,0.0000,60.0000,96.0000,13.0435,20.8696,4.6000,2.0000,2.0000,s07_C_varios,Varios enemigos tipo C vs 1 agente,27.3540,0.4000,oponente,25.0000,0.0000,bando_enemigo_eliminado,validation,10.0000,3.0000,3.0000,aleatorio,0.0000,2.0000,20277032.0000,3.0000,0.0000,0.1500,0.5000,uniforme,gaussiana,torneo,softmax_argmax,276.0000,175.0000,0.0000,4.6000,4.6000,7-10-6-6,0.2500,10,num_pobladores
0.0000,0.0000,1.0000,0.0000,0.0000,0.0000,1.0000,0.0000,0.0000,90.0000,0.0000,62.7907,1.4333,2.0000,2.0000,s08_mixto_1agente,Varios de todos los enemigos vs 1 agente,-34.6060,0.4000,oponente,25.0000,0.0000,bando_enemigo_eliminado,validation,10.0000,6.0000,6.0000,aleatorio,0.0000,2.0000,20277163.0000,3.0000,0.0000,0.1500,0.5000,uniforme,gaussiana,torneo,softmax_argmax,86.0000,85.0000,0.0000,1.4333,1.4333,7-10-6-6,0.2500,10,num_pobladores
0.0000,0.0000,0.9758,0.0000,0.0000,0.0242,3.0000,1.0000,168.0000,245.0000,29.2174,33.4091,10.9500,2.0000,2.0000,s09_mixto_varios,Varios de todos los enemigos vs varios agentes,331.0900,0.4000,agente,25.0000,2.0000,bando_jugador_eliminado,validation,10.0000,6.0000,0.0000,aleatorio,0.0000,2.0000,20277294.0000,3.0000,0.3333,0.1500,0.5000,uniforme,gaussiana,torneo,softmax_argmax,657.0000,340.0000,0.0000,5.7500,7.3333,7-10-6-6,0.2500,10,num_pobladores
0.0000,0.0000,0.4368,0.0000,0.0000,0.5632,3.0000,3.0000,36.0000,64.0000,4.1538,7.3846,8.6667,2.0000,2.0000,s10_humano_varios,Un jugador humano (bot) vs varios agentes,162.7400,0.4000,agente,25.0000,0.0000,bando_jugador_eliminado,validation,10.0000,1.0000,0.0000,aleatorio,0.0000,2.0000,20277425.0000,3.0000,0.0000,0.1500,0.5000,uniforme,gaussiana,torneo,softmax_argmax,520.0000,550.0000,0.0000,8.6667,8.6667,7-10-6-6,0.2500,10,num_pobladores
0.0000,0.0000,0.8839,0.0000,0.0000,0.1161,1.0000,1.0000,144.0000,48.0000,9.2903,3.0968,15.5000,2.0000,2.0000,s11_D_1v1,Un enemigo tipo D (sanador) vs 1 agente,243.7600,0.4000,agente,25.0000,1.0000,bando_jugador_eliminado,validation,10.0000,1.0000,0.0000,aleatorio,0.0000,2.0000,20277556.0000,3.0000,1.0000,0.1500,0.5000,uniforme,gaussiana,torneo,softmax_argmax,930.0000,268.0000,0.0000,15.5000,15.5000,7-10-6-6,0.2500,10,num_pobladores
0.0000,0.0000,1.0000,0.0000,0.0000,0.0000,1.0000,0.0000,0.0000,88.0000,0.0000,45.5172,1.9333,2.0000,2.0000,s12_escolta,Dos tipo A escoltados por un sanador vs 1 agente,-33.0860,0.4000,oponente,25.0000,0.0000,bando_enemigo_eliminado,validation,10.0000,3.0000,3.0000,aleatorio,0.0000,2.0000,20277687.0000,3.0000,0.0000,0.1500,0.5000,uniforme,gaussiana,torneo,softmax_argmax,116.0000,115.0000,0.0000,1.9333,1.9333,7-10-6-6,0.2500,10,num_pobladores
0.0000,0.0000,1.0000,0.0000,0.0000,0.0000,1.0000,0.0000,0.0000,88.0000,0.0000,51.8664,1.9333,2.0000,2.0000,s13_mixto_sanador,"Uno de cada tipo, sanador incluido, vs 1 agente",-33.0860,0.4000,oponente,25.0000,0.0000,bando_enemigo_eliminado,validation,10.0000,5.0000,4.0000,aleatorio,0.0000,2.0000,20277818.0000,3.0000,0.0000,0.1500,0.5000,uniforme,gaussiana,torneo,softmax_argmax,116.0000,115.0000,0.0000,1.9333,1.6967,7-10-6-6,0.2500,10,num_pobladores
0.0000,0.0000,0.7973,0.0000,0.0000,0.2027,1.0000,0.0000,36.0000,88.0000,4.8869,11.9457,7.3667,2.0000,2.0000,s01_A_1v1,Un enemigo tipo A vs 1 agente,5.8380,0.4000,oponente,25.0000,0.0000,bando_enemigo_eliminado,validation,10.0000,1.0000,1.0000,aleatorio,0.0000,3.0000,20284165.0000,3.0000,0.0000,0.1500,0.5000,uniforme,gaussiana,torneo,softmax_argmax,442.0000,169.0000,0.0000,7.3667,7.3667,7-10-6-6,0.2500,10,num_pobladores
0.0000,0.0000,0.5190,0.0000,0.0000,0.4810,1.0000,1.0000,72.0000,39.0000,9.2111,4.9893,7.8167,2.0000,2.0000,s02_B_1v1,Un enemigo tipo B vs 1 agente,164.1260,0.4000,agente,25.0000,1.0000,bando_jugador_eliminado,validation,10.0000,1.0000,0.0000,aleatorio,0.0000,3.0000,20284296.0000,3.0000,1.0000,0.1500,0.5000,uniforme,gaussiana,torneo,softmax_argmax,469.0000,0.0000,0.0000,7.8167,7.8167,7-10-6-6,0.2500,10,num_pobladores
0.0000,0.0000,0.7097,0.0000,0.0000,0.2903,1.0000,1.0000,36.0000,0.0000,5.8696,0.0000,6.1333,2.0000,2.0000,s03_C_1v1,Un enemigo tipo C vs 1 agente,77.4720,0.4000,agente,25.0000,0.0000,bando_jugador_eliminado,validation,10.0000,1.0000,0.0000,aleatorio,0.0000,3.0000,20284427.0000,3.0000,0.0000,0.1500,0.5000,uniforme,gaussiana,torneo,softmax_argmax,368.0000,0.0000,0.0000,6.1333,6.1333,7-10-6-6,0.2500,10,num_pobladores
0.0000,0.0000,0.7059,0.0000,0.0000,0.2941,1.0000,0.0000,12.0000,96.0000,1.4229,11.3834,8.4333,2.0000,2.0000,s04_humano_1v1,Un jugador humano (bot) vs 1 agente,-18.4660,0.4000,oponente,25.0000,0.0000,bando_enemigo_eliminado,validation,10.0000,1.0000,1.0000,aleatorio,0.0000,3.0000,20284558.0000,3.0000,0.0000,0.1500,0.5000,uniforme,gaussiana,torneo,softmax_argmax,506.0000,217.0000,0.0000,8.4333,8.4333,7-10-6-6,0.2500,10,num_pobladores
0.0000,0.0000,1.0000,0.0000,0.0000,0.0000,1.0000,0.0000,0.0000,88.0000,0.0000,45.5172,1.9333,2.0000,2.0000,s05_A_varios,Varios enemigos tipo A vs 1 agente,-33.0860,0.4000,oponente,25.0000,0.0000,bando_enemigo_eliminado,validation,10.0000,3.0000,3.0000,aleatorio,0.0000,3.0000,20284689.0000,3.0000,0.0000,0.1500,0.5000,uniforme,gaussiana,torneo,softmax_argmax,116.0000,115.0000,0.0000,1.9333,1.9333,7-10-6-6,0.2500,10,num_pobladores
0.0000,0.0000,0.7442,0.0000,0.0000,0.2558,1.0000,0.0000,204.0000,91.0000,9.5031,6.6775,21.4667,2.0000,2.0000,s06_B_varios,Varios enemigos tipo B vs 1 agente,310.8420,0.4000,oponente,25.0000,2.0000,bando_enemigo_eliminado,validation,10.0000,3.0000,1.0000,aleatorio,0.0000,3.0000,20284820.0000,3.0000,0.6667,0.1500,0.5000,uniforme,gaussiana,torneo,softmax_argmax,1288.0000,648.0000,0.0000,21.4667,13.6278,7-10-6-6,0.2500,10,num_pobladores
0.0000,0.0000,1.0000,0.0000,0.0000,0.0000,1.0000,0.0000,60.0000,96.0000,13.0435,20.8696,4.6000,2.0000,2.0000,s07_C_varios,Varios enemigos tipo C vs 1 agente,27.3540,0.4000,oponente,25.0000,0.0000,bando_enemigo_eliminado,validation,10.0000,3.0000,3.0000,aleatorio,0.0000,3.0000,20284951.0000,3.0000,0.0000,0.1500,0.5000,uniforme,gaussiana,torneo,softmax_argmax,276.0000,175.0000,0.0000,4.6000,4.6000,7-10-6-6,0.2500,10,num_pobladores
0.0000,0.0000,1.0000,0.0000,0.0000,0.0000,1.0000,0.0000,0.0000,90.0000,0.0000,62.7907,1.4333,2.0000,2.0000,s08_mixto_1agente,Varios de todos los enemigos vs 1 agente,-34.6060,0.4000,oponente,25.0000,0.0000,bando_enemigo_eliminado,validation,10.0000,6.0000,6.0000,aleatorio,0.0000,3.0000,20285082.0000,3.0000,0.0000,0.1500,0.5000,uniforme,gaussiana,torneo,softmax_argmax,86.0000,85.0000,0.0000,1.4333,1.4333,7-10-6-6,0.2500,10,num_pobladores
0.0000,0.0000,0.9758,0.0000,0.0000,0.0242,3.0000,1.0000,168.0000,245.0000,29.2174,33.4091,10.9500,2.0000,2.0000,s09_mixto_varios,Varios de todos los enemigos vs varios agentes,331.0900,0.4000,agente,25.0000,2.0000,bando_jugador_eliminado,validation,10.0000,6.0000,0.0000,aleatorio,0.0000,3.0000,20285213.0000,3.0000,0.3333,0.1500,0.5000,uniforme,gaussiana,torneo,softmax_argmax,657.0000,340.0000,0.0000,5.7500,7.3333,7-10-6-6,0.2500,10,num_pobladores
0.0000,0.0000,0.4368,0.0000,0.0000,0.5632,3.0000,3.0000,36.0000,64.0000,4.1538,7.3846,8.6667,2.0000,2.0000,s10_humano_varios,Un jugador humano (bot) vs varios agentes,162.7400,0.4000,agente,25.0000,0.0000,bando_jugador_eliminado,validation,10.0000,1.0000,0.0000,aleatorio,0.0000,3.0000,20285344.0000,3.0000,0.0000,0.1500,0.5000,uniforme,gaussiana,torneo,softmax_argmax,520.0000,550.0000,0.0000,8.6667,8.6667,7-10-6-6,0.2500,10,num_pobladores
0.0000,0.0000,0.8839,0.0000,0.0000,0.1161,1.0000,1.0000,144.0000,48.0000,9.2903,3.0968,15.5000,2.0000,2.0000,s11_D_1v1,Un enemigo tipo D (sanador) vs 1 agente,243.7600,0.4000,agente,25.0000,1.0000,bando_jugador_eliminado,validation,10.0000,1.0000,0.0000,aleatorio,0.0000,3.0000,20285475.0000,3.0000,1.0000,0.1500,0.5000,uniforme,gaussiana,torneo,softmax_argmax,930.0000,268.0000,0.0000,15.5000,15.5000,7-10-6-6,0.2500,10,num_pobladores
0.0000,0.0000,1.0000,0.0000,0.0000,0.0000,1.0000,0.0000,0.0000,88.0000,0.0000,45.5172,1.9333,2.0000,2.0000,s12_escolta,Dos tipo A escoltados por un sanador vs 1 agente,-33.0860,0.4000,oponente,25.0000,0.0000,bando_enemigo_eliminado,validation,10.0000,3.0000,3.0000,aleatorio,0.0000,3.0000,20285606.0000,3.0000,0.0000,0.1500,0.5000,uniforme,gaussiana,torneo,softmax_argmax,116.0000,115.0000,0.0000,1.9333,1.9333,7-10-6-6,0.2500,10,num_pobladores
0.0000,0.0000,1.0000,0.0000,0.0000,0.0000,1.0000,0.0000,0.0000,88.0000,0.0000,51.8664,1.9333,2.0000,2.0000,s13_mixto_sanador,"Uno de cada tipo, sanador incluido, vs 1 agente",-33.0860,0.4000,oponente,25.0000,0.0000,bando_enemigo_eliminado,validation,10.0000,5.0000,4.0000,aleatorio,0.0000,3.0000,20285737.0000,3.0000,0.0000,0.1500,0.5000,uniforme,gaussiana,torneo,softmax_argmax,116.0000,115.0000,0.0000,1.9333,1.6967,7-10-6-6,0.2500,10,num_pobladores
0.0000,0.0000,0.7973,0.0000,0.0000,0.2027,1.0000,0.0000,36.0000,88.0000,4.8869,11.9457,7.3667,2.0000,2.0000,s01_A_1v1,Un enemigo tipo A vs 1 agente,5.8380,0.4000,oponente,25.0000,0.0000,bando_enemigo_eliminado,validation,10.0000,1.0000,1.0000,aleatorio,0.0000,4.0000,20292084.0000,3.0000,0.0000,0.1500,0.5000,uniforme,gaussiana,torneo,softmax_argmax,442.0000,169.0000,0.0000,7.3667,7.3667,7-10-6-6,0.2500,10,num_pobladores
0.0000,0.0000,0.5190,0.0000,0.0000,0.4810,1.0000,1.0000,72.0000,39.0000,9.2111,4.9893,7.8167,2.0000,2.0000,s02_B_1v1,Un enemigo tipo B vs 1 agente,164.1260,0.4000,agente,25.0000,1.0000,bando_jugador_eliminado,validation,10.0000,1.0000,0.0000,aleatorio,0.0000,4.0000,20292215.0000,3.0000,1.0000,0.1500,0.5000,uniforme,gaussiana,torneo,softmax_argmax,469.0000,0.0000,0.0000,7.8167,7.8167,7-10-6-6,0.2500,10,num_pobladores
0.0000,0.0000,0.7097,0.0000,0.0000,0.2903,1.0000,1.0000,36.0000,0.0000,5.8696,0.0000,6.1333,2.0000,2.0000,s03_C_1v1,Un enemigo tipo C vs 1 agente,77.4720,0.4000,agente,25.0000,0.0000,bando_jugador_eliminado,validation,10.0000,1.0000,0.0000,aleatorio,0.0000,4.0000,20292346.0000,3.0000,0.0000,0.1500,0.5000,uniforme,gaussiana,torneo,softmax_argmax,368.0000,0.0000,0.0000,6.1333,6.1333,7-10-6-6,0.2500,10,num_pobladores
0.0000,0.0000,0.7059,0.0000,0.0000,0.2941,1.0000,0.0000,12.0000,96.0000,1.4229,11.3834,8.4333,2.0000,2.0000,s04_humano_1v1,Un jugador humano (bot) vs 1 agente,-18.4660,0.4000,oponente,25.0000,0.0000,bando_enemigo_eliminado,validation,10.0000,1.0000,1.0000,aleatorio,0.0000,4.0000,20292477.0000,3.0000,0.0000,0.1500,0.5000,uniforme,gaussiana,torneo,softmax_argmax,506.0000,217.0000,0.0000,8.4333,8.4333,7-10-6-6,0.2500,10,num_pobladores
0.0000,0.0000,1.0000,0.0000,0.0000,0.0000,1.0000,0.0000,0.0000,88.0000,0.0000,45.5172,1.9333,2.0000,2.0000,s05_A_varios,Varios enemigos tipo A vs 1 agente,-33.0860,0.4000,oponente,25.0000,0.0000,bando_enemigo_eliminado,validation,10.0000,3.0000,3.0000,aleatorio,0.0000,4.0000,20292608.0000,3.0000,0.0000,0.1500,0.5000,uniforme,gaussiana,torneo,softmax_argmax,116.0000,115.0000,0.0000,1.9333,1.9333,7-10-6-6,0.2500,10,num_pobladores
0.0000,0.0000,0.7442,0.0000,0.0000,0.2558,1.0000,0.0000,204.0000,91.0000,9.5031,6.6775,21.4667,2.0000,2.0000,s06_B_varios,Varios enemigos tipo B vs 1 agente,310.8420,0.4000,oponente,25.0000,2.0000,bando_enemigo_eliminado,validation,10.0000,3.0000,1.0000,aleatorio,0.0000,4.0000,20292739.0000,3.0000,0.6667,0.1500,0.5000,uniforme,gaussiana,torneo,softmax_argmax,1288.0000,648.0000,0.0000,21.4667,13.6278,7-10-6-6,0.2500,10,num_pobladores
0.0000,0.0000,1.0000,0.0000,0.0000,0.0000,1.0000,0.0000,60.0000,96.0000,13.0435,20.8696,4.6000,2.0000,2.0000,s07_C_varios,Varios enemigos tipo C vs 1 agente,27.3540,0.4000,oponente,25.0000,0.0000,bando_enemigo_eliminado,validation,10.0000,3.0000,3.0000,aleatorio,0.0000,4.0000,20292870.0000,3.0000,0.0000,0.1500,0.5000,uniforme,gaussiana,torneo,softmax_argmax,276.0000,175.0000,0.0000,4.6000,4.6000,7-10-6-6,0.2500,10,num_pobladores
0.0000,0.0000,1.0000,0.0000,0.0000,0.0000,1.0000,0.0000,0.0000,90.0000,0.0000,62.7907,1.4333,2.0000,2.0000,s08_mixto_1agente,Varios de todos los enemigos vs 1 agente,-34.6060,0.4000,oponente,25.0000,0.0000,bando_enemigo_eliminado,validation,10.0000,6.0000,6.0000,aleatorio,0.0000,4.0000,20293001.0000,3.0000,0.0000,0.1500,0.5000,uniforme,gaussiana,torneo,softmax_argmax,86.0000,85.0000,0.0000,1.4333,1.4333,7-10-6-6,0.2500,10,num_pobladores
0.0000,0.0000,0.9758,0.0000,0.0000,0.0242,3.0000,1.0000,168.0000,245.0000,29.2174,33.4091,10.9500,2.0000,2.0000,s09_mixto_varios,Varios de todos los enemigos vs varios agentes,331.0900,0.4000,agente,25.0000,2.0000,bando_jugador_eliminado,validation,10.0000,6.0000,0.0000,aleatorio,0.0000,4.0000,20293132.0000,3.0000,0.3333,0.1500,0.5000,uniforme,gaussiana,torneo,softmax_argmax,657.0000,340.0000,0.0000,5.7500,7.3333,7-10-6-6,0.2500,10,num_pobladores
0.0000,0.0000,0.4368,0.0000,0.0000,0.5632,3.0000,3.0000,36.0000,64.0000,4.1538,7.3846,8.6667,2.0000,2.0000,s10_humano_varios,Un jugador humano (bot) vs varios agentes,162.7400,0.4000,agente,25.0000,0.0000,bando_jugador_eliminado,validation,10.0000,1.0000,0.0000,aleatorio,0.0000,4.0000,20293263.0000,3.0000,0.0000,0.1500,0.5000,uniforme,gaussiana,torneo,softmax_argmax,520.0000,550.0000,0.0000,8.6667,8.6667,7-10-6-6,0.2500,10,num_pobladores
0.0000,0.0000,0.8839,0.0000,0.0000,0.1161,1.0000,1.0000,144.0000,48.0000,9.2903,3.0968,15.5000,2.0000,2.0000,s11_D_1v1,Un enemigo tipo D (sanador) vs 1 agente,243.7600,0.4000,agente,25.0000,1.0000,bando_jugador_eliminado,validation,10.0000,1.0000,0.0000,aleatorio,0.0000,4.0000,20293394.0000,3.0000,1.0000,0.1500,0.5000,uniforme,gaussiana,torneo,softmax_argmax,930.0000,268.0000,0.0000,15.5000,15.5000,7-10-6-6,0.2500,10,num_pobladores
0.0000,0.0000,1.0000,0.0000,0.0000,0.0000,1.0000,0.0000,0.0000,88.0000,0.0000,45.5172,1.9333,2.0000,2.0000,s12_escolta,Dos tipo A escoltados por un sanador vs 1 agente,-33.0860,0.4000,oponente,25.0000,0.0000,bando_enemigo_eliminado,validation,10.0000,3.0000,3.0000,aleatorio,0.0000,4.0000,20293525.0000,3.0000,0.0000,0.1500,0.5000,uniforme,gaussiana,torneo,softmax_argmax,116.0000,115.0000,0.0000,1.9333,1.9333,7-10-6-6,0.2500,10,num_pobladores
0.0000,0.0000,1.0000,0.0000,0.0000,0.0000,1.0000,0.0000,0.0000,88.0000,0.0000,51.8664,1.9333,2.0000,2.0000,s13_mixto_sanador,"Uno de cada tipo, sanador incluido, vs 1 agente",-33.0860,0.4000,oponente,25.0000,0.0000,bando_enemigo_eliminado,validation,10.0000,5.0000,4.0000,aleatorio,0.0000,4.0000,20293656.0000,3.0000,0.0000,0.1500,0.5000,uniforme,gaussiana,torneo,softmax_argmax,116.0000,115.0000,0.0000,1.9333,1.6967,7-10-6-6,0.2500,10,num_pobladores
0.3983,0.0000,0.4746,0.0000,0.0000,0.1271,1.0000,1.0000,132.0000,22.0000,11.1864,1.8644,11.8000,2.0000,2.0000,s01_A_1v1,Un enemigo tipo A vs 1 agente,249.6920,0.4000,agente,25.0000,1.0000,bando_jugador_eliminado,validation,50.0000,1.0000,0.0000,aleatorio,1.0000,0.0000,20260408.0000,3.0000,1.0000,0.1500,0.5000,uniforme,gaussiana,torneo,softmax_argmax,708.0000,412.0000,0.0000,11.8000,11.8000,7-10-6-6,0.2500,50,num_pobladores
0.1058,0.0000,0.1154,0.0000,0.0000,0.7788,1.0000,1.0000,72.0000,0.0000,6.9231,0.0000,10.4000,2.0000,2.0000,s02_B_1v1,Un enemigo tipo B vs 1 agente,174.4960,0.4000,agente,25.0000,1.0000,bando_jugador_eliminado,validation,50.0000,1.0000,0.0000,aleatorio,0.0000,0.0000,20260539.0000,3.0000,1.0000,0.1500,0.5000,uniforme,gaussiana,torneo,softmax_argmax,624.0000,0.0000,0.0000,10.4000,10.4000,7-10-6-6,0.2500,50,num_pobladores
0.3727,0.0000,0.5000,0.0000,0.0000,0.1273,1.0000,1.0000,108.0000,72.0000,9.8182,6.5455,11.0000,2.0000,2.0000,s03_C_1v1,Un enemigo tipo C vs 1 agente,202.3200,0.4000,agente,25.0000,1.0000,bando_jugador_eliminado,validation,50.0000,1.0000,0.0000,aleatorio,1.0000,0.0000,20260670.0000,3.0000,1.0000,0.1500,0.5000,uniforme,gaussiana,torneo,softmax_argmax,660.0000,56.0000,0.0000,11.0000,11.0000,7-10-6-6,0.2500,50,num_pobladores
0.3869,0.0000,0.4307,0.0000,0.0000,0.1825,1.0000,0.0000,12.0000,128.0000,0.8802,9.3888,13.6333,2.0000,2.0000,s04_humano_1v1,Un jugador humano (bot) vs 1 agente,-8.1580,0.4000,oponente,25.0000,0.0000,bando_enemigo_eliminado,validation,50.0000,1.0000,1.0000,aleatorio,1.0000,0.0000,20260801.0000,3.0000,0.0000,0.1500,0.5000,uniforme,gaussiana,torneo,softmax_argmax,818.0000,519.0000,0.0000,13.6333,13.6333,7-10-6-6,0.2500,50,num_pobladores
0.7500,0.0000,0.2500,0.0000,0.0000,0.0000,1.0000,0.0000,24.0000,88.0000,8.5714,31.4286,2.8000,2.0000,2.0000,s05_A_varios,Varios enemigos tipo A vs 1 agente,-7.3180,0.4000,oponente,25.0000,0.0000,bando_enemigo_eliminado,validation,50.0000,3.0000,3.0000,aleatorio,0.0000,0.0000,20260932.0000,3.0000,0.0000,0.1500,0.5000,uniforme,gaussiana,torneo,softmax_argmax,168.0000,167.0000,0.0000,2.8000,2.8000,7-10-6-6,0.2500,50,num_pobladores
0.3844,0.0000,0.1962,0.0000,0.0000,0.4194,1.0000,1.0000,220.8000,52.0000,5.9381,2.0446,37.1833,2.0000,2.0000,s06_B_varios,Varios enemigos tipo B vs 1 agente,488.0740,0.4000,agente,25.0000,3.0000,bando_jugador_eliminado,validation,50.0000,3.0000,0.0000,aleatorio,1.0000,0.0000,20261063.0000,3.0000,1.0000,0.1500,0.5000,uniforme,gaussiana,torneo,softmax_argmax,2231.0000,1445.0000,0.0000,37.1833,25.4333,7-10-6-6,0.2500,50,num_pobladores
0.6224,0.0000,0.2857,0.0000,0.0000,0.0918,1.0000,0.0000,72.0000,84.0000,7.3595,10.8387,9.7833,2.0000,2.0000,s07_C_varios,Varios enemigos tipo C vs 1 agente,59.4280,0.4000,oponente,25.0000,0.0000,bando_enemigo_eliminado,validation,50.0000,3.0000,2.0000,aleatorio,1.0000,0.0000,20261194.0000,3.0000,0.0000,0.1500,0.5000,uniforme,gaussiana,torneo,softmax_argmax,587.0000,436.0000,0.0000,9.7833,7.7500,7-10-6-6,0.2500,50,num_pobladores
0.7500,0.0000,0.2500,0.0000,0.0000,0.0000,1.0000,0.0000,24.0000,88.0000,8.5714,31.4286,2.8000,2.0000,2.0000,s08_mixto_1agente,Varios de todos los enemigos vs 1 agente,-7.3180,0.4000,oponente,25.0000,0.0000,bando_enemigo_eliminado,validation,50.0000,6.0000,6.0000,aleatorio,0.0000,0.0000,20261325.0000,3.0000,0.0000,0.1500,0.5000,uniforme,gaussiana,torneo,softmax_argmax,168.0000,167.0000,0.0000,2.8000,2.8000,7-10-6-6,0.2500,50,num_pobladores
0.5593,0.0000,0.3078,0.0000,0.0000,0.1329,3.0000,0.0000,180.0000,262.0000,29.1629,34.7659,8.2167,2.0000,2.0000,s09_mixto_varios,Varios de todos los enemigos vs varios agentes,153.8940,0.4000,oponente,25.0000,1.0000,bando_enemigo_eliminado,validation,50.0000,6.0000,5.0000,aleatorio,0.0000,0.0000,20261456.0000,3.0000,0.1667,0.1500,0.5000,uniforme,gaussiana,torneo,softmax_argmax,493.0000,665.0000,0.0000,6.1722,7.5361,7-10-6-6,0.2500,50,num_pobladores
0.1889,0.0000,0.3434,0.0000,0.0000,0.4677,3.0000,1.0000,96.0000,48.0000,8.9302,4.1084,11.6833,2.0000,2.0000,s10_humano_varios,Un jugador humano (bot) vs varios agentes,209.3400,0.4000,agente,25.0000,0.0000,bando_jugador_eliminado,validation,50.0000,1.0000,0.0000,aleatorio,0.0000,0.0000,20261587.0000,3.0000,0.0000,0.1500,0.5000,uniforme,gaussiana,torneo,softmax_argmax,701.0000,920.0000,0.0000,10.7500,11.6833,7-10-6-6,0.2500,50,num_pobladores
0.1429,0.0000,0.5306,0.0000,0.0000,0.3265,1.0000,1.0000,60.0000,0.0000,12.2867,0.0000,4.8833,2.0000,2.0000,s11_D_1v1,Un enemigo tipo D (sanador) vs 1 agente,161.1720,0.4000,agente,25.0000,1.0000,bando_jugador_eliminado,validation,50.0000,1.0000,0.0000,aleatorio,0.0000,0.0000,20261718.0000,3.0000,1.0000,0.1500,0.5000,uniforme,gaussiana,torneo,softmax_argmax,293.0000,0.0000,0.0000,4.8833,4.8833,7-10-6-6,0.2500,50,num_pobladores
0.7500,0.0000,0.2500,0.0000,0.0000,0.0000,1.0000,0.0000,24.0000,88.0000,8.5714,31.4286,2.8000,2.0000,2.0000,s12_escolta,Dos tipo A escoltados por un sanador vs 1 agente,-7.3180,0.4000,oponente,25.0000,0.0000,bando_enemigo_eliminado,validation,50.0000,3.0000,3.0000,aleatorio,0.0000,0.0000,20261849.0000,3.0000,0.0000,0.1500,0.5000,uniforme,gaussiana,torneo,softmax_argmax,168.0000,167.0000,0.0000,2.8000,2.8000,7-10-6-6,0.2500,50,num_pobladores
0.7500,0.0000,0.2500,0.0000,0.0000,0.0000,1.0000,0.0000,24.0000,88.0000,8.5714,36.8201,2.8000,2.0000,2.0000,s13_mixto_sanador,"Uno de cada tipo, sanador incluido, vs 1 agente",-7.3180,0.4000,oponente,25.0000,0.0000,bando_enemigo_eliminado,validation,50.0000,5.0000,4.0000,aleatorio,0.0000,0.0000,20261980.0000,3.0000,0.0000,0.1500,0.5000,uniforme,gaussiana,torneo,softmax_argmax,168.0000,167.0000,0.0000,2.8000,2.3900,7-10-6-6,0.2500,50,num_pobladores
0.3983,0.0000,0.4746,0.0000,0.0000,0.1271,1.0000,1.0000,132.0000,22.0000,11.1864,1.8644,11.8000,2.0000,2.0000,s01_A_1v1,Un enemigo tipo A vs 1 agente,249.6920,0.4000,agente,25.0000,1.0000,bando_jugador_eliminado,validation,50.0000,1.0000,0.0000,aleatorio,1.0000,1.0000,20268327.0000,3.0000,1.0000,0.1500,0.5000,uniforme,gaussiana,torneo,softmax_argmax,708.0000,412.0000,0.0000,11.8000,11.8000,7-10-6-6,0.2500,50,num_pobladores
0.1058,0.0000,0.1154,0.0000,0.0000,0.7788,1.0000,1.0000,72.0000,0.0000,6.9231,0.0000,10.4000,2.0000,2.0000,s02_B_1v1,Un enemigo tipo B vs 1 agente,174.4960,0.4000,agente,25.0000,1.0000,bando_jugador_eliminado,validation,50.0000,1.0000,0.0000,aleatorio,0.0000,1.0000,20268458.0000,3.0000,1.0000,0.1500,0.5000,uniforme,gaussiana,torneo,softmax_argmax,624.0000,0.0000,0.0000,10.4000,10.4000,7-10-6-6,0.2500,50,num_pobladores
0.3727,0.0000,0.5000,0.0000,0.0000,0.1273,1.0000,1.0000,108.0000,72.0000,9.8182,6.5455,11.0000,2.0000,2.0000,s03_C_1v1,Un enemigo tipo C vs 1 agente,202.3200,0.4000,agente,25.0000,1.0000,bando_jugador_eliminado,validation,50.0000,1.0000,0.0000,aleatorio,1.0000,1.0000,20268589.0000,3.0000,1.0000,0.1500,0.5000,uniforme,gaussiana,torneo,softmax_argmax,660.0000,56.0000,0.0000,11.0000,11.0000,7-10-6-6,0.2500,50,num_pobladores
0.3869,0.0000,0.4307,0.0000,0.0000,0.1825,1.0000,0.0000,12.0000,128.0000,0.8802,9.3888,13.6333,2.0000,2.0000,s04_humano_1v1,Un jugador humano (bot) vs 1 agente,-8.1580,0.4000,oponente,25.0000,0.0000,bando_enemigo_eliminado,validation,50.0000,1.0000,1.0000,aleatorio,1.0000,1.0000,20268720.0000,3.0000,0.0000,0.1500,0.5000,uniforme,gaussiana,torneo,softmax_argmax,818.0000,519.0000,0.0000,13.6333,13.6333,7-10-6-6,0.2500,50,num_pobladores
0.7500,0.0000,0.2500,0.0000,0.0000,0.0000,1.0000,0.0000,24.0000,88.0000,8.5714,31.4286,2.8000,2.0000,2.0000,s05_A_varios,Varios enemigos tipo A vs 1 agente,-7.3180,0.4000,oponente,25.0000,0.0000,bando_enemigo_eliminado,validation,50.0000,3.0000,3.0000,aleatorio,0.0000,1.0000,20268851.0000,3.0000,0.0000,0.1500,0.5000,uniforme,gaussiana,torneo,softmax_argmax,168.0000,167.0000,0.0000,2.8000,2.8000,7-10-6-6,0.2500,50,num_pobladores
0.3844,0.0000,0.1962,0.0000,0.0000,0.4194,1.0000,1.0000,220.8000,52.0000,5.9381,2.0446,37.1833,2.0000,2.0000,s06_B_varios,Varios enemigos tipo B vs 1 agente,488.0740,0.4000,agente,25.0000,3.0000,bando_jugador_eliminado,validation,50.0000,3.0000,0.0000,aleatorio,1.0000,1.0000,20268982.0000,3.0000,1.0000,0.1500,0.5000,uniforme,gaussiana,torneo,softmax_argmax,2231.0000,1445.0000,0.0000,37.1833,25.4333,7-10-6-6,0.2500,50,num_pobladores
0.6224,0.0000,0.2857,0.0000,0.0000,0.0918,1.0000,0.0000,72.0000,84.0000,7.3595,10.8387,9.7833,2.0000,2.0000,s07_C_varios,Varios enemigos tipo C vs 1 agente,59.4280,0.4000,oponente,25.0000,0.0000,bando_enemigo_eliminado,validation,50.0000,3.0000,2.0000,aleatorio,1.0000,1.0000,20269113.0000,3.0000,0.0000,0.1500,0.5000,uniforme,gaussiana,torneo,softmax_argmax,587.0000,436.0000,0.0000,9.7833,7.7500,7-10-6-6,0.2500,50,num_pobladores
0.7500,0.0000,0.2500,0.0000,0.0000,0.0000,1.0000,0.0000,24.0000,88.0000,8.5714,31.4286,2.8000,2.0000,2.0000,s08_mixto_1agente,Varios de todos los enemigos vs 1 agente,-7.3180,0.4000,oponente,25.0000,0.0000,bando_enemigo_eliminado,validation,50.0000,6.0000,6.0000,aleatorio,0.0000,1.0000,20269244.0000,3.0000,0.0000,0.1500,0.5000,uniforme,gaussiana,torneo,softmax_argmax,168.0000,167.0000,0.0000,2.8000,2.8000,7-10-6-6,0.2500,50,num_pobladores
0.5593,0.0000,0.3078,0.0000,0.0000,0.1329,3.0000,0.0000,180.0000,262.0000,29.1629,34.7659,8.2167,2.0000,2.0000,s09_mixto_varios,Varios de todos los enemigos vs varios agentes,153.8940,0.4000,oponente,25.0000,1.0000,bando_enemigo_eliminado,validation,50.0000,6.0000,5.0000,aleatorio,0.0000,1.0000,20269375.0000,3.0000,0.1667,0.1500,0.5000,uniforme,gaussiana,torneo,softmax_argmax,493.0000,665.0000,0.0000,6.1722,7.5361,7-10-6-6,0.2500,50,num_pobladores
0.1889,0.0000,0.3434,0.0000,0.0000,0.4677,3.0000,1.0000,96.0000,48.0000,8.9302,4.1084,11.6833,2.0000,2.0000,s10_humano_varios,Un jugador humano (bot) vs varios agentes,209.3400,0.4000,agente,25.0000,0.0000,bando_jugador_eliminado,validation,50.0000,1.0000,0.0000,aleatorio,0.0000,1.0000,20269506.0000,3.0000,0.0000,0.1500,0.5000,uniforme,gaussiana,torneo,softmax_argmax,701.0000,920.0000,0.0000,10.7500,11.6833,7-10-6-6,0.2500,50,num_pobladores
0.1429,0.0000,0.5306,0.0000,0.0000,0.3265,1.0000,1.0000,60.0000,0.0000,12.2867,0.0000,4.8833,2.0000,2.0000,s11_D_1v1,Un enemigo tipo D (sanador) vs 1 agente,161.1720,0.4000,agente,25.0000,1.0000,bando_jugador_eliminado,validation,50.0000,1.0000,0.0000,aleatorio,0.0000,1.0000,20269637.0000,3.0000,1.0000,0.1500,0.5000,uniforme,gaussiana,torneo,softmax_argmax,293.0000,0.0000,0.0000,4.8833,4.8833,7-10-6-6,0.2500,50,num_pobladores
0.7500,0.0000,0.2500,0.0000,0.0000,0.0000,1.0000,0.0000,24.0000,88.0000,8.5714,31.4286,2.8000,2.0000,2.0000,s12_escolta,Dos tipo A escoltados por un sanador vs 1 agente,-7.3180,0.4000,oponente,25.0000,0.0000,bando_enemigo_eliminado,validation,50.0000,3.0000,3.0000,aleatorio,0.0000,1.0000,20269768.0000,3.0000,0.0000,0.1500,0.5000,uniforme,gaussiana,torneo,softmax_argmax,168.0000,167.0000,0.0000,2.8000,2.8000,7-10-6-6,0.2500,50,num_pobladores
0.7500,0.0000,0.2500,0.0000,0.0000,0.0000,1.0000,0.0000,24.0000,88.0000,8.5714,36.8201,2.8000,2.0000,2.0000,s13_mixto_sanador,"Uno de cada tipo, sanador incluido, vs 1 agente",-7.3180,0.4000,oponente,25.0000,0.0000,bando_enemigo_eliminado,validation,50.0000,5.0000,4.0000,aleatorio,0.0000,1.0000,20269899.0000,3.0000,0.0000,0.1500,0.5000,uniforme,gaussiana,torneo,softmax_argmax,168.0000,167.0000,0.0000,2.8000,2.3900,7-10-6-6,0.2500,50,num_pobladores
0.3983,0.0000,0.4746,0.0000,0.0000,0.1271,1.0000,1.0000,132.0000,22.0000,11.1864,1.8644,11.8000,2.0000,2.0000,s01_A_1v1,Un enemigo tipo A vs 1 agente,249.6920,0.4000,agente,25.0000,1.0000,bando_jugador_eliminado,validation,50.0000,1.0000,0.0000,aleatorio,1.0000,2.0000,20276246.0000,3.0000,1.0000,0.1500,0.5000,uniforme,gaussiana,torneo,softmax_argmax,708.0000,412.0000,0.0000,11.8000,11.8000,7-10-6-6,0.2500,50,num_pobladores
0.1058,0.0000,0.1154,0.0000,0.0000,0.7788,1.0000,1.0000,72.0000,0.0000,6.9231,0.0000,10.4000,2.0000,2.0000,s02_B_1v1,Un enemigo tipo B vs 1 agente,174.4960,0.4000,agente,25.0000,1.0000,bando_jugador_eliminado,validation,50.0000,1.0000,0.0000,aleatorio,0.0000,2.0000,20276377.0000,3.0000,1.0000,0.1500,0.5000,uniforme,gaussiana,torneo,softmax_argmax,624.0000,0.0000,0.0000,10.4000,10.4000,7-10-6-6,0.2500,50,num_pobladores
0.3727,0.0000,0.5000,0.0000,0.0000,0.1273,1.0000,1.0000,108.0000,72.0000,9.8182,6.5455,11.0000,2.0000,2.0000,s03_C_1v1,Un enemigo tipo C vs 1 agente,202.3200,0.4000,agente,25.0000,1.0000,bando_jugador_eliminado,validation,50.0000,1.0000,0.0000,aleatorio,1.0000,2.0000,20276508.0000,3.0000,1.0000,0.1500,0.5000,uniforme,gaussiana,torneo,softmax_argmax,660.0000,56.0000,0.0000,11.0000,11.0000,7-10-6-6,0.2500,50,num_pobladores
0.3869,0.0000,0.4307,0.0000,0.0000,0.1825,1.0000,0.0000,12.0000,128.0000,0.8802,9.3888,13.6333,2.0000,2.0000,s04_humano_1v1,Un jugador humano (bot) vs 1 agente,-8.1580,0.4000,oponente,25.0000,0.0000,bando_enemigo_eliminado,validation,50.0000,1.0000,1.0000,aleatorio,1.0000,2.0000,20276639.0000,3.0000,0.0000,0.1500,0.5000,uniforme,gaussiana,torneo,softmax_argmax,818.0000,519.0000,0.0000,13.6333,13.6333,7-10-6-6,0.2500,50,num_pobladores
0.7500,0.0000,0.2500,0.0000,0.0000,0.0000,1.0000,0.0000,24.0000,88.0000,8.5714,31.4286,2.8000,2.0000,2.0000,s05_A_varios,Varios enemigos tipo A vs 1 agente,-7.3180,0.4000,oponente,25.0000,0.0000,bando_enemigo_eliminado,validation,50.0000,3.0000,3.0000,aleatorio,0.0000,2.0000,20276770.0000,3.0000,0.0000,0.1500,0.5000,uniforme,gaussiana,torneo,softmax_argmax,168.0000,167.0000,0.0000,2.8000,2.8000,7-10-6-6,0.2500,50,num_pobladores
0.3844,0.0000,0.1962,0.0000,0.0000,0.4194,1.0000,1.0000,220.8000,52.0000,5.9381,2.0446,37.1833,2.0000,2.0000,s06_B_varios,Varios enemigos tipo B vs 1 agente,488.0740,0.4000,agente,25.0000,3.0000,bando_jugador_eliminado,validation,50.0000,3.0000,0.0000,aleatorio,1.0000,2.0000,20276901.0000,3.0000,1.0000,0.1500,0.5000,uniforme,gaussiana,torneo,softmax_argmax,2231.0000,1445.0000,0.0000,37.1833,25.4333,7-10-6-6,0.2500,50,num_pobladores
0.6224,0.0000,0.2857,0.0000,0.0000,0.0918,1.0000,0.0000,72.0000,84.0000,7.3595,10.8387,9.7833,2.0000,2.0000,s07_C_varios,Varios enemigos tipo C vs 1 agente,59.4280,0.4000,oponente,25.0000,0.0000,bando_enemigo_eliminado,validation,50.0000,3.0000,2.0000,aleatorio,1.0000,2.0000,20277032.0000,3.0000,0.0000,0.1500,0.5000,uniforme,gaussiana,torneo,softmax_argmax,587.0000,436.0000,0.0000,9.7833,7.7500,7-10-6-6,0.2500,50,num_pobladores
0.7500,0.0000,0.2500,0.0000,0.0000,0.0000,1.0000,0.0000,24.0000,88.0000,8.5714,31.4286,2.8000,2.0000,2.0000,s08_mixto_1agente,Varios de todos los enemigos vs 1 agente,-7.3180,0.4000,oponente,25.0000,0.0000,bando_enemigo_eliminado,validation,50.0000,6.0000,6.0000,aleatorio,0.0000,2.0000,20277163.0000,3.0000,0.0000,0.1500,0.5000,uniforme,gaussiana,torneo,softmax_argmax,168.0000,167.0000,0.0000,2.8000,2.8000,7-10-6-6,0.2500,50,num_pobladores
0.5593,0.0000,0.3078,0.0000,0.0000,0.1329,3.0000,0.0000,180.0000,262.0000,29.1629,34.7659,8.2167,2.0000,2.0000,s09_mixto_varios,Varios de todos los enemigos vs varios agentes,153.8940,0.4000,oponente,25.0000,1.0000,bando_enemigo_eliminado,validation,50.0000,6.0000,5.0000,aleatorio,0.0000,2.0000,20277294.0000,3.0000,0.1667,0.1500,0.5000,uniforme,gaussiana,torneo,softmax_argmax,493.0000,665.0000,0.0000,6.1722,7.5361,7-10-6-6,0.2500,50,num_pobladores
0.1889,0.0000,0.3434,0.0000,0.0000,0.4677,3.0000,1.0000,96.0000,48.0000,8.9302,4.1084,11.6833,2.0000,2.0000,s10_humano_varios,Un jugador humano (bot) vs varios agentes,209.3400,0.4000,agente,25.0000,0.0000,bando_jugador_eliminado,validation,50.0000,1.0000,0.0000,aleatorio,0.0000,2.0000,20277425.0000,3.0000,0.0000,0.1500,0.5000,uniforme,gaussiana,torneo,softmax_argmax,701.0000,920.0000,0.0000,10.7500,11.6833,7-10-6-6,0.2500,50,num_pobladores
0.1429,0.0000,0.5306,0.0000,0.0000,0.3265,1.0000,1.0000,60.0000,0.0000,12.2867,0.0000,4.8833,2.0000,2.0000,s11_D_1v1,Un enemigo tipo D (sanador) vs 1 agente,161.1720,0.4000,agente,25.0000,1.0000,bando_jugador_eliminado,validation,50.0000,1.0000,0.0000,aleatorio,0.0000,2.0000,20277556.0000,3.0000,1.0000,0.1500,0.5000,uniforme,gaussiana,torneo,softmax_argmax,293.0000,0.0000,0.0000,4.8833,4.8833,7-10-6-6,0.2500,50,num_pobladores
0.7500,0.0000,0.2500,0.0000,0.0000,0.0000,1.0000,0.0000,24.0000,88.0000,8.5714,31.4286,2.8000,2.0000,2.0000,s12_escolta,Dos tipo A escoltados por un sanador vs 1 agente,-7.3180,0.4000,oponente,25.0000,0.0000,bando_enemigo_eliminado,validation,50.0000,3.0000,3.0000,aleatorio,0.0000,2.0000,20277687.0000,3.0000,0.0000,0.1500,0.5000,uniforme,gaussiana,torneo,softmax_argmax,168.0000,167.0000,0.0000,2.8000,2.8000,7-10-6-6,0.2500,50,num_pobladores
0.7500,0.0000,0.2500,0.0000,0.0000,0.0000,1.0000,0.0000,24.0000,88.0000,8.5714,36.8201,2.8000,2.0000,2.0000,s13_mixto_sanador,"Uno de cada tipo, sanador incluido, vs 1 agente",-7.3180,0.4000,oponente,25.0000,0.0000,bando_enemigo_eliminado,validation,50.0000,5.0000,4.0000,aleatorio,0.0000,2.0000,20277818.0000,3.0000,0.0000,0.1500,0.5000,uniforme,gaussiana,torneo,softmax_argmax,168.0000,167.0000,0.0000,2.8000,2.3900,7-10-6-6,0.2500,50,num_pobladores
0.3983,0.0000,0.4746,0.0000,0.0000,0.1271,1.0000,1.0000,132.0000,22.0000,11.1864,1.8644,11.8000,2.0000,2.0000,s01_A_1v1,Un enemigo tipo A vs 1 agente,249.6920,0.4000,agente,25.0000,1.0000,bando_jugador_eliminado,validation,50.0000,1.0000,0.0000,aleatorio,1.0000,3.0000,20284165.0000,3.0000,1.0000,0.1500,0.5000,uniforme,gaussiana,torneo,softmax_argmax,708.0000,412.0000,0.0000,11.8000,11.8000,7-10-6-6,0.2500,50,num_pobladores
0.1058,0.0000,0.1154,0.0000,0.0000,0.7788,1.0000,1.0000,72.0000,0.0000,6.9231,0.0000,10.4000,2.0000,2.0000,s02_B_1v1,Un enemigo tipo B vs 1 agente,174.4960,0.4000,agente,25.0000,1.0000,bando_jugador_eliminado,validation,50.0000,1.0000,0.0000,aleatorio,0.0000,3.0000,20284296.0000,3.0000,1.0000,0.1500,0.5000,uniforme,gaussiana,torneo,softmax_argmax,624.0000,0.0000,0.0000,10.4000,10.4000,7-10-6-6,0.2500,50,num_pobladores
0.3727,0.0000,0.5000,0.0000,0.0000,0.1273,1.0000,1.0000,108.0000,72.0000,9.8182,6.5455,11.0000,2.0000,2.0000,s03_C_1v1,Un enemigo tipo C vs 1 agente,202.3200,0.4000,agente,25.0000,1.0000,bando_jugador_eliminado,validation,50.0000,1.0000,0.0000,aleatorio,1.0000,3.0000,20284427.0000,3.0000,1.0000,0.1500,0.5000,uniforme,gaussiana,torneo,softmax_argmax,660.0000,56.0000,0.0000,11.0000,11.0000,7-10-6-6,0.2500,50,num_pobladores
0.3869,0.0000,0.4307,0.0000,0.0000,0.1825,1.0000,0.0000,12.0000,128.0000,0.8802,9.3888,13.6333,2.0000,2.0000,s04_humano_1v1,Un jugador humano (bot) vs 1 agente,-8.1580,0.4000,oponente,25.0000,0.0000,bando_enemigo_eliminado,validation,50.0000,1.0000,1.0000,aleatorio,1.0000,3.0000,20284558.0000,3.0000,0.0000,0.1500,0.5000,uniforme,gaussiana,torneo,softmax_argmax,818.0000,519.0000,0.0000,13.6333,13.6333,7-10-6-6,0.2500,50,num_pobladores
0.7500,0.0000,0.2500,0.0000,0.0000,0.0000,1.0000,0.0000,24.0000,88.0000,8.5714,31.4286,2.8000,2.0000,2.0000,s05_A_varios,Varios enemigos tipo A vs 1 agente,-7.3180,0.4000,oponente,25.0000,0.0000,bando_enemigo_eliminado,validation,50.0000,3.0000,3.0000,aleatorio,0.0000,3.0000,20284689.0000,3.0000,0.0000,0.1500,0.5000,uniforme,gaussiana,torneo,softmax_argmax,168.0000,167.0000,0.0000,2.8000,2.8000,7-10-6-6,0.2500,50,num_pobladores
0.3844,0.0000,0.1962,0.0000,0.0000,0.4194,1.0000,1.0000,220.8000,52.0000,5.9381,2.0446,37.1833,2.0000,2.0000,s06_B_varios,Varios enemigos tipo B vs 1 agente,488.0740,0.4000,agente,25.0000,3.0000,bando_jugador_eliminado,validation,50.0000,3.0000,0.0000,aleatorio,1.0000,3.0000,20284820.0000,3.0000,1.0000,0.1500,0.5000,uniforme,gaussiana,torneo,softmax_argmax,2231.0000,1445.0000,0.0000,37.1833,25.4333,7-10-6-6,0.2500,50,num_pobladores
0.6224,0.0000,0.2857,0.0000,0.0000,0.0918,1.0000,0.0000,72.0000,84.0000,7.3595,10.8387,9.7833,2.0000,2.0000,s07_C_varios,Varios enemigos tipo C vs 1 agente,59.4280,0.4000,oponente,25.0000,0.0000,bando_enemigo_eliminado,validation,50.0000,3.0000,2.0000,aleatorio,1.0000,3.0000,20284951.0000,3.0000,0.0000,0.1500,0.5000,uniforme,gaussiana,torneo,softmax_argmax,587.0000,436.0000,0.0000,9.7833,7.7500,7-10-6-6,0.2500,50,num_pobladores
0.7500,0.0000,0.2500,0.0000,0.0000,0.0000,1.0000,0.0000,24.0000,88.0000,8.5714,31.4286,2.8000,2.0000,2.0000,s08_mixto_1agente,Varios de todos los enemigos vs 1 agente,-7.3180,0.4000,oponente,25.0000,0.0000,bando_enemigo_eliminado,validation,50.0000,6.0000,6.0000,aleatorio,0.0000,3.0000,20285082.0000,3.0000,0.0000,0.1500,0.5000,uniforme,gaussiana,torneo,softmax_argmax,168.0000,167.0000,0.0000,2.8000,2.8000,7-10-6-6,0.2500,50,num_pobladores
0.5593,0.0000,0.3078,0.0000,0.0000,0.1329,3.0000,0.0000,180.0000,262.0000,29.1629,34.7659,8.2167,2.0000,2.0000,s09_mixto_varios,Varios de todos los enemigos vs varios agentes,153.8940,0.4000,oponente,25.0000,1.0000,bando_enemigo_eliminado,validation,50.0000,6.0000,5.0000,aleatorio,0.0000,3.0000,20285213.0000,3.0000,0.1667,0.1500,0.5000,uniforme,gaussiana,torneo,softmax_argmax,493.0000,665.0000,0.0000,6.1722,7.5361,7-10-6-6,0.2500,50,num_pobladores
0.1889,0.0000,0.3434,0.0000,0.0000,0.4677,3.0000,1.0000,96.0000,48.0000,8.9302,4.1084,11.6833,2.0000,2.0000,s10_humano_varios,Un jugador humano (bot) vs varios agentes,209.3400,0.4000,agente,25.0000,0.0000,bando_jugador_eliminado,validation,50.0000,1.0000,0.0000,aleatorio,0.0000,3.0000,20285344.0000,3.0000,0.0000,0.1500,0.5000,uniforme,gaussiana,torneo,softmax_argmax,701.0000,920.0000,0.0000,10.7500,11.6833,7-10-6-6,0.2500,50,num_pobladores
0.1429,0.0000,0.5306,0.0000,0.0000,0.3265,1.0000,1.0000,60.0000,0.0000,12.2867,0.0000,4.8833,2.0000,2.0000,s11_D_1v1,Un enemigo tipo D (sanador) vs 1 agente,161.1720,0.4000,agente,25.0000,1.0000,bando_jugador_eliminado,validation,50.0000,1.0000,0.0000,aleatorio,0.0000,3.0000,20285475.0000,3.0000,1.0000,0.1500,0.5000,uniforme,gaussiana,torneo,softmax_argmax,293.0000,0.0000,0.0000,4.8833,4.8833,7-10-6-6,0.2500,50,num_pobladores
0.7500,0.0000,0.2500,0.0000,0.0000,0.0000,1.0000,0.0000,24.0000,88.0000,8.5714,31.4286,2.8000,2.0000,2.0000,s12_escolta,Dos tipo A escoltados por un sanador vs 1 agente,-7.3180,0.4000,oponente,25.0000,0.0000,bando_enemigo_eliminado,validation,50.0000,3.0000,3.0000,aleatorio,0.0000,3.0000,20285606.0000,3.0000,0.0000,0.1500,0.5000,uniforme,gaussiana,torneo,softmax_argmax,168.0000,167.0000,0.0000,2.8000,2.8000,7-10-6-6,0.2500,50,num_pobladores
0.7500,0.0000,0.2500,0.0000,0.0000,0.0000,1.0000,0.0000,24.0000,88.0000,8.5714,36.8201,2.8000,2.0000,2.0000,s13_mixto_sanador,"Uno de cada tipo, sanador incluido, vs 1 agente",-7.3180,0.4000,oponente,25.0000,0.0000,bando_enemigo_eliminado,validation,50.0000,5.0000,4.0000,aleatorio,0.0000,3.0000,20285737.0000,3.0000,0.0000,0.1500,0.5000,uniforme,gaussiana,torneo,softmax_argmax,168.0000,167.0000,0.0000,2.8000,2.3900,7-10-6-6,0.2500,50,num_pobladores
0.3983,0.0000,0.4746,0.0000,0.0000,0.1271,1.0000,1.0000,132.0000,22.0000,11.1864,1.8644,11.8000,2.0000,2.0000,s01_A_1v1,Un enemigo tipo A vs 1 agente,249.6920,0.4000,agente,25.0000,1.0000,bando_jugador_eliminado,validation,50.0000,1.0000,0.0000,aleatorio,1.0000,4.0000,20292084.0000,3.0000,1.0000,0.1500,0.5000,uniforme,gaussiana,torneo,softmax_argmax,708.0000,412.0000,0.0000,11.8000,11.8000,7-10-6-6,0.2500,50,num_pobladores
0.1058,0.0000,0.1154,0.0000,0.0000,0.7788,1.0000,1.0000,72.0000,0.0000,6.9231,0.0000,10.4000,2.0000,2.0000,s02_B_1v1,Un enemigo tipo B vs 1 agente,174.4960,0.4000,agente,25.0000,1.0000,bando_jugador_eliminado,validation,50.0000,1.0000,0.0000,aleatorio,0.0000,4.0000,20292215.0000,3.0000,1.0000,0.1500,0.5000,uniforme,gaussiana,torneo,softmax_argmax,624.0000,0.0000,0.0000,10.4000,10.4000,7-10-6-6,0.2500,50,num_pobladores
0.3727,0.0000,0.5000,0.0000,0.0000,0.1273,1.0000,1.0000,108.0000,72.0000,9.8182,6.5455,11.0000,2.0000,2.0000,s03_C_1v1,Un enemigo tipo C vs 1 agente,202.3200,0.4000,agente,25.0000,1.0000,bando_jugador_eliminado,validation,50.0000,1.0000,0.0000,aleatorio,1.0000,4.0000,20292346.0000,3.0000,1.0000,0.1500,0.5000,uniforme,gaussiana,torneo,softmax_argmax,660.0000,56.0000,0.0000,11.0000,11.0000,7-10-6-6,0.2500,50,num_pobladores
0.3869,0.0000,0.4307,0.0000,0.0000,0.1825,1.0000,0.0000,12.0000,128.0000,0.8802,9.3888,13.6333,2.0000,2.0000,s04_humano_1v1,Un jugador humano (bot) vs 1 agente,-8.1580,0.4000,oponente,25.0000,0.0000,bando_enemigo_eliminado,validation,50.0000,1.0000,1.0000,aleatorio,1.0000,4.0000,20292477.0000,3.0000,0.0000,0.1500,0.5000,uniforme,gaussiana,torneo,softmax_argmax,818.0000,519.0000,0.0000,13.6333,13.6333,7-10-6-6,0.2500,50,num_pobladores
0.7500,0.0000,0.2500,0.0000,0.0000,0.0000,1.0000,0.0000,24.0000,88.0000,8.5714,31.4286,2.8000,2.0000,2.0000,s05_A_varios,Varios enemigos tipo A vs 1 agente,-7.3180,0.4000,oponente,25.0000,0.0000,bando_enemigo_eliminado,validation,50.0000,3.0000,3.0000,aleatorio,0.0000,4.0000,20292608.0000,3.0000,0.0000,0.1500,0.5000,uniforme,gaussiana,torneo,softmax_argmax,168.0000,167.0000,0.0000,2.8000,2.8000,7-10-6-6,0.2500,50,num_pobladores
0.3844,0.0000,0.1962,0.0000,0.0000,0.4194,1.0000,1.0000,220.8000,52.0000,5.9381,2.0446,37.1833,2.0000,2.0000,s06_B_varios,Varios enemigos tipo B vs 1 agente,488.0740,0.4000,agente,25.0000,3.0000,bando_jugador_eliminado,validation,50.0000,3.0000,0.0000,aleatorio,1.0000,4.0000,20292739.0000,3.0000,1.0000,0.1500,0.5000,uniforme,gaussiana,torneo,softmax_argmax,2231.0000,1445.0000,0.0000,37.1833,25.4333,7-10-6-6,0.2500,50,num_pobladores
0.6224,0.0000,0.2857,0.0000,0.0000,0.0918,1.0000,0.0000,72.0000,84.0000,7.3595,10.8387,9.7833,2.0000,2.0000,s07_C_varios,Varios enemigos tipo C vs 1 agente,59.4280,0.4000,oponente,25.0000,0.0000,bando_enemigo_eliminado,validation,50.0000,3.0000,2.0000,aleatorio,1.0000,4.0000,20292870.0000,3.0000,0.0000,0.1500,0.5000,uniforme,gaussiana,torneo,softmax_argmax,587.0000,436.0000,0.0000,9.7833,7.7500,7-10-6-6,0.2500,50,num_pobladores
0.7500,0.0000,0.2500,0.0000,0.0000,0.0000,1.0000,0.0000,24.0000,88.0000,8.5714,31.4286,2.8000,2.0000,2.0000,s08_mixto_1agente,Varios de todos los enemigos vs 1 agente,-7.3180,0.4000,oponente,25.0000,0.0000,bando_enemigo_eliminado,validation,50.0000,6.0000,6.0000,aleatorio,0.0000,4.0000,20293001.0000,3.0000,0.0000,0.1500,0.5000,uniforme,gaussiana,torneo,softmax_argmax,168.0000,167.0000,0.0000,2.8000,2.8000,7-10-6-6,0.2500,50,num_pobladores
0.5593,0.0000,0.3078,0.0000,0.0000,0.1329,3.0000,0.0000,180.0000,262.0000,29.1629,34.7659,8.2167,2.0000,2.0000,s09_mixto_varios,Varios de todos los enemigos vs varios agentes,153.8940,0.4000,oponente,25.0000,1.0000,bando_enemigo_eliminado,validation,50.0000,6.0000,5.0000,aleatorio,0.0000,4.0000,20293132.0000,3.0000,0.1667,0.1500,0.5000,uniforme,gaussiana,torneo,softmax_argmax,493.0000,665.0000,0.0000,6.1722,7.5361,7-10-6-6,0.2500,50,num_pobladores
0.1889,0.0000,0.3434,0.0000,0.0000,0.4677,3.0000,1.0000,96.0000,48.0000,8.9302,4.1084,11.6833,2.0000,2.0000,s10_humano_varios,Un jugador humano (bot) vs varios agentes,209.3400,0.4000,agente,25.0000,0.0000,bando_jugador_eliminado,validation,50.0000,1.0000,0.0000,aleatorio,0.0000,4.0000,20293263.0000,3.0000,0.0000,0.1500,0.5000,uniforme,gaussiana,torneo,softmax_argmax,701.0000,920.0000,0.0000,10.7500,11.6833,7-10-6-6,0.2500,50,num_pobladores
0.1429,0.0000,0.5306,0.0000,0.0000,0.3265,1.0000,1.0000,60.0000,0.0000,12.2867,0.0000,4.8833,2.0000,2.0000,s11_D_1v1,Un enemigo tipo D (sanador) vs 1 agente,161.1720,0.4000,agente,25.0000,1.0000,bando_jugador_eliminado,validation,50.0000,1.0000,0.0000,aleatorio,0.0000,4.0000,20293394.0000,3.0000,1.0000,0.1500,0.5000,uniforme,gaussiana,torneo,softmax_argmax,293.0000,0.0000,0.0000,4.8833,4.8833,7-10-6-6,0.2500,50,num_pobladores
0.7500,0.0000,0.2500,0.0000,0.0000,0.0000,1.0000,0.0000,24.0000,88.0000,8.5714,31.4286,2.8000,2.0000,2.0000,s12_escolta,Dos tipo A escoltados por un sanador vs 1 agente,-7.3180,0.4000,oponente,25.0000,0.0000,bando_enemigo_eliminado,validation,50.0000,3.0000,3.0000,aleatorio,0.0000,4.0000,20293525.0000,3.0000,0.0000,0.1500,0.5000,uniforme,gaussiana,torneo,softmax_argmax,168.0000,167.0000,0.0000,2.8000,2.8000,7-10-6-6,0.2500,50,num_pobladores
0.7500,0.0000,0.2500,0.0000,0.0000,0.0000,1.0000,0.0000,24.0000,88.0000,8.5714,36.8201,2.8000,2.0000,2.0000,s13_mixto_sanador,"Uno de cada tipo, sanador incluido, vs 1 agente",-7.3180,0.4000,oponente,25.0000,0.0000,bando_enemigo_eliminado,validation,50.0000,5.0000,4.0000,aleatorio,0.0000,4.0000,20293656.0000,3.0000,0.0000,0.1500,0.5000,uniforme,gaussiana,torneo,softmax_argmax,168.0000,167.0000,0.0000,2.8000,2.3900,7-10-6-6,0.2500,50,num_pobladores
0.2067,0.0000,0.7207,0.0726,0.0000,0.0000,1.0000,0.0000,36.0000,88.0000,2.0112,4.9162,17.9000,2.0000,2.0000,s01_A_1v1,Un enemigo tipo A vs 1 agente,8.3660,0.4000,oponente,25.0000,0.0000,bando_enemigo_eliminado,validation,20.0000,1.0000,1.0000,aleatorio,0.0000,0.0000,20260408.0000,3.0000,0.0000,0.0500,0.5000,uniforme,gaussiana,torneo,softmax_argmax,1074.0000,169.0000,0.0000,17.9000,17.9000,7-10-6-6,0.2500,0.05,tasa_mutacion
0.3717,0.0000,0.6283,0.0000,0.0000,0.0000,1.0000,1.0000,0.0000,0.0000,0.0000,0.0000,60.0000,2.0000,2.0000,s02_B_1v1,Un enemigo tipo B vs 1 agente,-0.6000,0.4000,empate,25.0000,0.0000,tiempo_agotado,validation,20.0000,1.0000,1.0000,aleatorio,0.0000,0.0000,20260539.0000,3.0000,0.0000,0.0500,0.5000,uniforme,gaussiana,torneo,softmax_argmax,3600.0000,0.0000,0.0000,60.0000,60.0000,7-10-6-6,0.2500,0.05,tasa_mutacion
0.1688,0.0000,0.7188,0.1125,0.0000,0.0000,1.0000,1.0000,0.0000,0.0000,0.0000,0.0000,15.9667,2.0000,2.0000,s03_C_1v1,Un enemigo tipo C vs 1 agente,43.8320,0.4000,agente,25.0000,0.0000,bando_jugador_eliminado,validation,20.0000,1.0000,0.0000,aleatorio,0.0000,0.0000,20260670.0000,3.0000,0.0000,0.0500,0.5000,uniforme,gaussiana,torneo,softmax_argmax,958.0000,0.0000,0.0000,15.9667,15.9667,7-10-6-6,0.2500,0.05,tasa_mutacion
0.2229,0.0000,0.7771,0.0000,0.0000,0.0000,1.0000,0.0000,72.0000,96.0000,4.6105,6.1473,15.6167,2.0000,2.0000,s04_humano_1v1,Un jugador humano (bot) vs 1 agente,43.3480,0.4000,oponente,25.0000,0.0000,bando_enemigo_eliminado,validation,20.0000,1.0000,1.0000,aleatorio,0.0000,0.0000,20260801.0000,3.0000,0.0000,0.0500,0.5000,uniforme,gaussiana,torneo,softmax_argmax,937.0000,220.0000,0.0000,15.6167,15.6167,7-10-6-6,0.2500,0.05,tasa_mutacion
0.2000,0.0000,0.8000,0.0000,0.0000,0.0000,1.0000,0.0000,0.0000,88.0000,0.0000,45.5172,1.9333,2.0000,2.0000,s05_A_varios,Varios enemigos tipo A vs 1 agente,-33.0860,0.4000,oponente,25.0000,0.0000,bando_enemigo_eliminado,validation,20.0000,3.0000,3.0000,aleatorio,0.0000,0.0000,20260932.0000,3.0000,0.0000,0.0500,0.5000,uniforme,gaussiana,torneo,softmax_argmax,116.0000,115.0000,0.0000,1.9333,1.9333,7-10-6-6,0.2500,0.05,tasa_mutacion
0.2950,0.0000,0.7050,0.0000,0.0000,0.0000,1.0000,1.0000,72.0000,65.0000,1.2000,1.5427,60.0000,2.0000,2.0000,s06_B_varios,Varios enemigos tipo B vs 1 agente,228.0900,0.4000,empate,25.0000,1.0000,tiempo_agotado,validation,20.0000,3.0000,2.0000,aleatorio,1.0000,0.0000,20261063.0000,3.0000,0.3333,0.0500,0.5000,uniforme,gaussiana,torneo,softmax_argmax,3600.0000,3498.0000,0.0000,60.0000,42.1333,7-10-6-6,0.2500,0.05,tasa_mutacion
0.2258,0.0000,0.7742,0.0000,0.0000,0.0000,1.0000,0.0000,60.0000,96.0000,9.7035,15.5256,6.1833,2.0000,2.0000,s07_C_varios,Varios enemigos tipo C vs 1 agente,33.5840,0.4000,oponente,25.0000,0.0000,bando_enemigo_eliminado,validation,20.0000,3.0000,3.0000,aleatorio,0.0000,0.0000,20261194.0000,3.0000,0.0000,0.0500,0.5000,uniforme,gaussiana,torneo,softmax_argmax,371.0000,370.0000,0.0000,6.1833,6.1833,7-10-6-6,0.2500,0.05,tasa_mutacion
0.2000,0.0000,0.8000,0.0000,0.0000,0.0000,1.0000,0.0000,0.0000,100.0000,0.0000,51.7241,1.9333,2.0000,2.0000,s08_mixto_1agente,Varios de todos los enemigos vs 1 agente,-36.0860,0.4000,oponente,25.0000,0.0000,bando_enemigo_eliminado,validation,20.0000,6.0000,6.0000,aleatorio,0.0000,0.0000,20261325.0000,3.0000,0.0000,0.0500,0.5000,uniforme,gaussiana,torneo,softmax_argmax,116.0000,115.0000,0.0000,1.9333,1.9333,7-10-6-6,0.2500,0.05,tasa_mutacion
0.4010,0.0000,0.5990,0.0000,0.0000,0.0000,3.0000,1.0000,144.0000,239.0000,6.2897,9.8897,60.0000,2.0000,2.0000,s09_mixto_varios,Varios de todos los enemigos vs varios agentes,102.8040,0.4000,empate,25.0000,1.0000,tiempo_agotado,validation,20.0000,6.0000,1.0000,aleatorio,0.0000,0.0000,20261456.0000,3.0000,0.1667,0.0500,0.5000,uniforme,gaussiana,torneo,softmax_argmax,3600.0000,569.0000,0.0000,22.8944,24.1667,7-10-6-6,0.2500,0.05,tasa_mutacion
0.2697,0.0000,0.7303,0.0000,0.0000,0.0000,3.0000,3.0000,144.0000,112.0000,8.0975,6.2980,17.7833,2.0000,2.0000,s10_humano_varios,Un jugador humano (bot) vs varios agentes,337.6840,0.4000,agente,25.0000,1.0000,bando_jugador_eliminado,validation,20.0000,1.0000,0.0000,aleatorio,1.0000,0.0000,20261587.0000,3.0000,1.0000,0.0500,0.5000,uniforme,gaussiana,torneo,softmax_argmax,1067.0000,696.0000,0.0000,17.7833,17.7833,7-10-6-6,0.2500,0.05,tasa_mutacion
0.2160,0.0000,0.7160,0.0679,0.0000,0.0000,1.0000,1.0000,0.0000,0.0000,0.0000,0.0000,16.1167,2.0000,2.0000,s11_D_1v1,Un enemigo tipo D (sanador) vs 1 agente,43.8680,0.4000,agente,25.0000,0.0000,bando_jugador_eliminado,validation,20.0000,1.0000,0.0000,aleatorio,0.0000,0.0000,20261718.0000,3.0000,0.0000,0.0500,0.5000,uniforme,gaussiana,torneo,softmax_argmax,967.0000,0.0000,0.0000,16.1167,16.1167,7-10-6-6,0.2500,0.05,tasa_mutacion
0.2000,0.0000,0.8000,0.0000,0.0000,0.0000,1.0000,0.0000,0.0000,88.0000,0.0000,45.5172,1.9333,2.0000,2.0000,s12_escolta,Dos tipo A escoltados por un sanador vs 1 agente,-33.0860,0.4000,oponente,25.0000,0.0000,bando_enemigo_eliminado,validation,20.0000,3.0000,3.0000,aleatorio,0.0000,0.0000,20261849.0000,3.0000,0.0000,0.0500,0.5000,uniforme,gaussiana,torneo,softmax_argmax,116.0000,115.0000,0.0000,1.9333,1.9333,7-10-6-6,0.2500,0.05,tasa_mutacion
0.2000,0.0000,0.8000,0.0000,0.0000,0.0000,1.0000,0.0000,0.0000,88.0000,0.0000,51.8664,1.9333,2.0000,2.0000,s13_mixto_sanador,"Uno de cada tipo, sanador incluido, vs 1 agente",-33.0860,0.4000,oponente,25.0000,0.0000,bando_enemigo_eliminado,validation,20.0000,5.0000,4.0000,aleatorio,0.0000,0.0000,20261980.0000,3.0000,0.0000,0.0500,0.5000,uniforme,gaussiana,torneo,softmax_argmax,116.0000,115.0000,0.0000,1.9333,1.6967,7-10-6-6,0.2500,0.05,tasa_mutacion
0.2067,0.0000,0.7207,0.0726,0.0000,0.0000,1.0000,0.0000,36.0000,88.0000,2.0112,4.9162,17.9000,2.0000,2.0000,s01_A_1v1,Un enemigo tipo A vs 1 agente,8.3660,0.4000,oponente,25.0000,0.0000,bando_enemigo_eliminado,validation,20.0000,1.0000,1.0000,aleatorio,0.0000,1.0000,20268327.0000,3.0000,0.0000,0.0500,0.5000,uniforme,gaussiana,torneo,softmax_argmax,1074.0000,169.0000,0.0000,17.9000,17.9000,7-10-6-6,0.2500,0.05,tasa_mutacion
0.3717,0.0000,0.6283,0.0000,0.0000,0.0000,1.0000,1.0000,0.0000,0.0000,0.0000,0.0000,60.0000,2.0000,2.0000,s02_B_1v1,Un enemigo tipo B vs 1 agente,-0.6000,0.4000,empate,25.0000,0.0000,tiempo_agotado,validation,20.0000,1.0000,1.0000,aleatorio,0.0000,1.0000,20268458.0000,3.0000,0.0000,0.0500,0.5000,uniforme,gaussiana,torneo,softmax_argmax,3600.0000,0.0000,0.0000,60.0000,60.0000,7-10-6-6,0.2500,0.05,tasa_mutacion
0.1688,0.0000,0.7188,0.1125,0.0000,0.0000,1.0000,1.0000,0.0000,0.0000,0.0000,0.0000,15.9667,2.0000,2.0000,s03_C_1v1,Un enemigo tipo C vs 1 agente,43.8320,0.4000,agente,25.0000,0.0000,bando_jugador_eliminado,validation,20.0000,1.0000,0.0000,aleatorio,0.0000,1.0000,20268589.0000,3.0000,0.0000,0.0500,0.5000,uniforme,gaussiana,torneo,softmax_argmax,958.0000,0.0000,0.0000,15.9667,15.9667,7-10-6-6,0.2500,0.05,tasa_mutacion
0.2229,0.0000,0.7771,0.0000,0.0000,0.0000,1.0000,0.0000,72.0000,96.0000,4.6105,6.1473,15.6167,2.0000,2.0000,s04_humano_1v1,Un jugador humano (bot) vs 1 agente,43.3480,0.4000,oponente,25.0000,0.0000,bando_enemigo_eliminado,validation,20.0000,1.0000,1.0000,aleatorio,0.0000,1.0000,20268720.0000,3.0000,0.0000,0.0500,0.5000,uniforme,gaussiana,torneo,softmax_argmax,937.0000,220.0000,0.0000,15.6167,15.6167,7-10-6-6,0.2500,0.05,tasa_mutacion
0.2000,0.0000,0.8000,0.0000,0.0000,0.0000,1.0000,0.0000,0.0000,88.0000,0.0000,45.5172,1.9333,2.0000,2.0000,s05_A_varios,Varios enemigos tipo A vs 1 agente,-33.0860,0.4000,oponente,25.0000,0.0000,bando_enemigo_eliminado,validation,20.0000,3.0000,3.0000,aleatorio,0.0000,1.0000,20268851.0000,3.0000,0.0000,0.0500,0.5000,uniforme,gaussiana,torneo,softmax_argmax,116.0000,115.0000,0.0000,1.9333,1.9333,7-10-6-6,0.2500,0.05,tasa_mutacion
0.2950,0.0000,0.7050,0.0000,0.0000,0.0000,1.0000,1.0000,72.0000,65.0000,1.2000,1.5427,60.0000,2.0000,2.0000,s06_B_varios,Varios enemigos tipo B vs 1 agente,228.0900,0.4000,empate,25.0000,1.0000,tiempo_agotado,validation,20.0000,3.0000,2.0000,aleatorio,1.0000,1.0000,20268982.0000,3.0000,0.3333,0.0500,0.5000,uniforme,gaussiana,torneo,softmax_argmax,3600.0000,3498.0000,0.0000,60.0000,42.1333,7-10-6-6,0.2500,0.05,tasa_mutacion
0.2258,0.0000,0.7742,0.0000,0.0000,0.0000,1.0000,0.0000,60.0000,96.0000,9.7035,15.5256,6.1833,2.0000,2.0000,s07_C_varios,Varios enemigos tipo C vs 1 agente,33.5840,0.4000,oponente,25.0000,0.0000,bando_enemigo_eliminado,validation,20.0000,3.0000,3.0000,aleatorio,0.0000,1.0000,20269113.0000,3.0000,0.0000,0.0500,0.5000,uniforme,gaussiana,torneo,softmax_argmax,371.0000,370.0000,0.0000,6.1833,6.1833,7-10-6-6,0.2500,0.05,tasa_mutacion
0.2000,0.0000,0.8000,0.0000,0.0000,0.0000,1.0000,0.0000,0.0000,100.0000,0.0000,51.7241,1.9333,2.0000,2.0000,s08_mixto_1agente,Varios de todos los enemigos vs 1 agente,-36.0860,0.4000,oponente,25.0000,0.0000,bando_enemigo_eliminado,validation,20.0000,6.0000,6.0000,aleatorio,0.0000,1.0000,20269244.0000,3.0000,0.0000,0.0500,0.5000,uniforme,gaussiana,torneo,softmax_argmax,116.0000,115.0000,0.0000,1.9333,1.9333,7-10-6-6,0.2500,0.05,tasa_mutacion
0.4010,0.0000,0.5990,0.0000,0.0000,0.0000,3.0000,1.0000,144.0000,239.0000,6.2897,9.8897,60.0000,2.0000,2.0000,s09_mixto_varios,Varios de todos los enemigos vs varios agentes,102.8040,0.4000,empate,25.0000,1.0000,tiempo_agotado,validation,20.0000,6.0000,1.0000,aleatorio,0.0000,1.0000,20269375.0000,3.0000,0.1667,0.0500,0.5000,uniforme,gaussiana,torneo,softmax_argmax,3600.0000,569.0000,0.0000,22.8944,24.1667,7-10-6-6,0.2500,0.05,tasa_mutacion
0.2697,0.0000,0.7303,0.0000,0.0000,0.0000,3.0000,3.0000,144.0000,112.0000,8.0975,6.2980,17.7833,2.0000,2.0000,s10_humano_varios,Un jugador humano (bot) vs varios agentes,337.6840,0.4000,agente,25.0000,1.0000,bando_jugador_eliminado,validation,20.0000,1.0000,0.0000,aleatorio,1.0000,1.0000,20269506.0000,3.0000,1.0000,0.0500,0.5000,uniforme,gaussiana,torneo,softmax_argmax,1067.0000,696.0000,0.0000,17.7833,17.7833,7-10-6-6,0.2500,0.05,tasa_mutacion
0.2160,0.0000,0.7160,0.0679,0.0000,0.0000,1.0000,1.0000,0.0000,0.0000,0.0000,0.0000,16.1167,2.0000,2.0000,s11_D_1v1,Un enemigo tipo D (sanador) vs 1 agente,43.8680,0.4000,agente,25.0000,0.0000,bando_jugador_eliminado,validation,20.0000,1.0000,0.0000,aleatorio,0.0000,1.0000,20269637.0000,3.0000,0.0000,0.0500,0.5000,uniforme,gaussiana,torneo,softmax_argmax,967.0000,0.0000,0.0000,16.1167,16.1167,7-10-6-6,0.2500,0.05,tasa_mutacion
0.2000,0.0000,0.8000,0.0000,0.0000,0.0000,1.0000,0.0000,0.0000,88.0000,0.0000,45.5172,1.9333,2.0000,2.0000,s12_escolta,Dos tipo A escoltados por un sanador vs 1 agente,-33.0860,0.4000,oponente,25.0000,0.0000,bando_enemigo_eliminado,validation,20.0000,3.0000,3.0000,aleatorio,0.0000,1.0000,20269768.0000,3.0000,0.0000,0.0500,0.5000,uniforme,gaussiana,torneo,softmax_argmax,116.0000,115.0000,0.0000,1.9333,1.9333,7-10-6-6,0.2500,0.05,tasa_mutacion
0.2000,0.0000,0.8000,0.0000,0.0000,0.0000,1.0000,0.0000,0.0000,88.0000,0.0000,51.8664,1.9333,2.0000,2.0000,s13_mixto_sanador,"Uno de cada tipo, sanador incluido, vs 1 agente",-33.0860,0.4000,oponente,25.0000,0.0000,bando_enemigo_eliminado,validation,20.0000,5.0000,4.0000,aleatorio,0.0000,1.0000,20269899.0000,3.0000,0.0000,0.0500,0.5000,uniforme,gaussiana,torneo,softmax_argmax,116.0000,115.0000,0.0000,1.9333,1.6967,7-10-6-6,0.2500,0.05,tasa_mutacion
0.2067,0.0000,0.7207,0.0726,0.0000,0.0000,1.0000,0.0000,36.0000,88.0000,2.0112,4.9162,17.9000,2.0000,2.0000,s01_A_1v1,Un enemigo tipo A vs 1 agente,8.3660,0.4000,oponente,25.0000,0.0000,bando_enemigo_eliminado,validation,20.0000,1.0000,1.0000,aleatorio,0.0000,2.0000,20276246.0000,3.0000,0.0000,0.0500,0.5000,uniforme,gaussiana,torneo,softmax_argmax,1074.0000,169.0000,0.0000,17.9000,17.9000,7-10-6-6,0.2500,0.05,tasa_mutacion
0.3717,0.0000,0.6283,0.0000,0.0000,0.0000,1.0000,1.0000,0.0000,0.0000,0.0000,0.0000,60.0000,2.0000,2.0000,s02_B_1v1,Un enemigo tipo B vs 1 agente,-0.6000,0.4000,empate,25.0000,0.0000,tiempo_agotado,validation,20.0000,1.0000,1.0000,aleatorio,0.0000,2.0000,20276377.0000,3.0000,0.0000,0.0500,0.5000,uniforme,gaussiana,torneo,softmax_argmax,3600.0000,0.0000,0.0000,60.0000,60.0000,7-10-6-6,0.2500,0.05,tasa_mutacion
0.1688,0.0000,0.7188,0.1125,0.0000,0.0000,1.0000,1.0000,0.0000,0.0000,0.0000,0.0000,15.9667,2.0000,2.0000,s03_C_1v1,Un enemigo tipo C vs 1 agente,43.8320,0.4000,agente,25.0000,0.0000,bando_jugador_eliminado,validation,20.0000,1.0000,0.0000,aleatorio,0.0000,2.0000,20276508.0000,3.0000,0.0000,0.0500,0.5000,uniforme,gaussiana,torneo,softmax_argmax,958.0000,0.0000,0.0000,15.9667,15.9667,7-10-6-6,0.2500,0.05,tasa_mutacion
0.2229,0.0000,0.7771,0.0000,0.0000,0.0000,1.0000,0.0000,72.0000,96.0000,4.6105,6.1473,15.6167,2.0000,2.0000,s04_humano_1v1,Un jugador humano (bot) vs 1 agente,43.3480,0.4000,oponente,25.0000,0.0000,bando_enemigo_eliminado,validation,20.0000,1.0000,1.0000,aleatorio,0.0000,2.0000,20276639.0000,3.0000,0.0000,0.0500,0.5000,uniforme,gaussiana,torneo,softmax_argmax,937.0000,220.0000,0.0000,15.6167,15.6167,7-10-6-6,0.2500,0.05,tasa_mutacion
0.2000,0.0000,0.8000,0.0000,0.0000,0.0000,1.0000,0.0000,0.0000,88.0000,0.0000,45.5172,1.9333,2.0000,2.0000,s05_A_varios,Varios enemigos tipo A vs 1 agente,-33.0860,0.4000,oponente,25.0000,0.0000,bando_enemigo_eliminado,validation,20.0000,3.0000,3.0000,aleatorio,0.0000,2.0000,20276770.0000,3.0000,0.0000,0.0500,0.5000,uniforme,gaussiana,torneo,softmax_argmax,116.0000,115.0000,0.0000,1.9333,1.9333,7-10-6-6,0.2500,0.05,tasa_mutacion
0.2950,0.0000,0.7050,0.0000,0.0000,0.0000,1.0000,1.0000,72.0000,65.0000,1.2000,1.5427,60.0000,2.0000,2.0000,s06_B_varios,Varios enemigos tipo B vs 1 agente,228.0900,0.4000,empate,25.0000,1.0000,tiempo_agotado,validation,20.0000,3.0000,2.0000,aleatorio,1.0000,2.0000,20276901.0000,3.0000,0.3333,0.0500,0.5000,uniforme,gaussiana,torneo,softmax_argmax,3600.0000,3498.0000,0.0000,60.0000,42.1333,7-10-6-6,0.2500,0.05,tasa_mutacion
0.2258,0.0000,0.7742,0.0000,0.0000,0.0000,1.0000,0.0000,60.0000,96.0000,9.7035,15.5256,6.1833,2.0000,2.0000,s07_C_varios,Varios enemigos tipo C vs 1 agente,33.5840,0.4000,oponente,25.0000,0.0000,bando_enemigo_eliminado,validation,20.0000,3.0000,3.0000,aleatorio,0.0000,2.0000,20277032.0000,3.0000,0.0000,0.0500,0.5000,uniforme,gaussiana,torneo,softmax_argmax,371.0000,370.0000,0.0000,6.1833,6.1833,7-10-6-6,0.2500,0.05,tasa_mutacion
0.2000,0.0000,0.8000,0.0000,0.0000,0.0000,1.0000,0.0000,0.0000,100.0000,0.0000,51.7241,1.9333,2.0000,2.0000,s08_mixto_1agente,Varios de todos los enemigos vs 1 agente,-36.0860,0.4000,oponente,25.0000,0.0000,bando_enemigo_eliminado,validation,20.0000,6.0000,6.0000,aleatorio,0.0000,2.0000,20277163.0000,3.0000,0.0000,0.0500,0.5000,uniforme,gaussiana,torneo,softmax_argmax,116.0000,115.0000,0.0000,1.9333,1.9333,7-10-6-6,0.2500,0.05,tasa_mutacion
0.4010,0.0000,0.5990,0.0000,0.0000,0.0000,3.0000,1.0000,144.0000,239.0000,6.2897,9.8897,60.0000,2.0000,2.0000,s09_mixto_varios,Varios de todos los enemigos vs varios agentes,102.8040,0.4000,empate,25.0000,1.0000,tiempo_agotado,validation,20.0000,6.0000,1.0000,aleatorio,0.0000,2.0000,20277294.0000,3.0000,0.1667,0.0500,0.5000,uniforme,gaussiana,torneo,softmax_argmax,3600.0000,569.0000,0.0000,22.8944,24.1667,7-10-6-6,0.2500,0.05,tasa_mutacion
0.2697,0.0000,0.7303,0.0000,0.0000,0.0000,3.0000,3.0000,144.0000,112.0000,8.0975,6.2980,17.7833,2.0000,2.0000,s10_humano_varios,Un jugador humano (bot) vs varios agentes,337.6840,0.4000,agente,25.0000,1.0000,bando_jugador_eliminado,validation,20.0000,1.0000,0.0000,aleatorio,1.0000,2.0000,20277425.0000,3.0000,1.0000,0.0500,0.5000,uniforme,gaussiana,torneo,softmax_argmax,1067.0000,696.0000,0.0000,17.7833,17.7833,7-10-6-6,0.2500,0.05,tasa_mutacion
0.2160,0.0000,0.7160,0.0679,0.0000,0.0000,1.0000,1.0000,0.0000,0.0000,0.0000,0.0000,16.1167,2.0000,2.0000,s11_D_1v1,Un enemigo tipo D (sanador) vs 1 agente,43.8680,0.4000,agente,25.0000,0.0000,bando_jugador_eliminado,validation,20.0000,1.0000,0.0000,aleatorio,0.0000,2.0000,20277556.0000,3.0000,0.0000,0.0500,0.5000,uniforme,gaussiana,torneo,softmax_argmax,967.0000,0.0000,0.0000,16.1167,16.1167,7-10-6-6,0.2500,0.05,tasa_mutacion
0.2000,0.0000,0.8000,0.0000,0.0000,0.0000,1.0000,0.0000,0.0000,88.0000,0.0000,45.5172,1.9333,2.0000,2.0000,s12_escolta,Dos tipo A escoltados por un sanador vs 1 agente,-33.0860,0.4000,oponente,25.0000,0.0000,bando_enemigo_eliminado,validation,20.0000,3.0000,3.0000,aleatorio,0.0000,2.0000,20277687.0000,3.0000,0.0000,0.0500,0.5000,uniforme,gaussiana,torneo,softmax_argmax,116.0000,115.0000,0.0000,1.9333,1.9333,7-10-6-6,0.2500,0.05,tasa_mutacion
0.2000,0.0000,0.8000,0.0000,0.0000,0.0000,1.0000,0.0000,0.0000,88.0000,0.0000,51.8664,1.9333,2.0000,2.0000,s13_mixto_sanador,"Uno de cada tipo, sanador incluido, vs 1 agente",-33.0860,0.4000,oponente,25.0000,0.0000,bando_enemigo_eliminado,validation,20.0000,5.0000,4.0000,aleatorio,0.0000,2.0000,20277818.0000,3.0000,0.0000,0.0500,0.5000,uniforme,gaussiana,torneo,softmax_argmax,116.0000,115.0000,0.0000,1.9333,1.6967,7-10-6-6,0.2500,0.05,tasa_mutacion
0.2067,0.0000,0.7207,0.0726,0.0000,0.0000,1.0000,0.0000,36.0000,88.0000,2.0112,4.9162,17.9000,2.0000,2.0000,s01_A_1v1,Un enemigo tipo A vs 1 agente,8.3660,0.4000,oponente,25.0000,0.0000,bando_enemigo_eliminado,validation,20.0000,1.0000,1.0000,aleatorio,0.0000,3.0000,20284165.0000,3.0000,0.0000,0.0500,0.5000,uniforme,gaussiana,torneo,softmax_argmax,1074.0000,169.0000,0.0000,17.9000,17.9000,7-10-6-6,0.2500,0.05,tasa_mutacion
0.3717,0.0000,0.6283,0.0000,0.0000,0.0000,1.0000,1.0000,0.0000,0.0000,0.0000,0.0000,60.0000,2.0000,2.0000,s02_B_1v1,Un enemigo tipo B vs 1 agente,-0.6000,0.4000,empate,25.0000,0.0000,tiempo_agotado,validation,20.0000,1.0000,1.0000,aleatorio,0.0000,3.0000,20284296.0000,3.0000,0.0000,0.0500,0.5000,uniforme,gaussiana,torneo,softmax_argmax,3600.0000,0.0000,0.0000,60.0000,60.0000,7-10-6-6,0.2500,0.05,tasa_mutacion
0.1688,0.0000,0.7188,0.1125,0.0000,0.0000,1.0000,1.0000,0.0000,0.0000,0.0000,0.0000,15.9667,2.0000,2.0000,s03_C_1v1,Un enemigo tipo C vs 1 agente,43.8320,0.4000,agente,25.0000,0.0000,bando_jugador_eliminado,validation,20.0000,1.0000,0.0000,aleatorio,0.0000,3.0000,20284427.0000,3.0000,0.0000,0.0500,0.5000,uniforme,gaussiana,torneo,softmax_argmax,958.0000,0.0000,0.0000,15.9667,15.9667,7-10-6-6,0.2500,0.05,tasa_mutacion
0.2229,0.0000,0.7771,0.0000,0.0000,0.0000,1.0000,0.0000,72.0000,96.0000,4.6105,6.1473,15.6167,2.0000,2.0000,s04_humano_1v1,Un jugador humano (bot) vs 1 agente,43.3480,0.4000,oponente,25.0000,0.0000,bando_enemigo_eliminado,validation,20.0000,1.0000,1.0000,aleatorio,0.0000,3.0000,20284558.0000,3.0000,0.0000,0.0500,0.5000,uniforme,gaussiana,torneo,softmax_argmax,937.0000,220.0000,0.0000,15.6167,15.6167,7-10-6-6,0.2500,0.05,tasa_mutacion
0.2000,0.0000,0.8000,0.0000,0.0000,0.0000,1.0000,0.0000,0.0000,88.0000,0.0000,45.5172,1.9333,2.0000,2.0000,s05_A_varios,Varios enemigos tipo A vs 1 agente,-33.0860,0.4000,oponente,25.0000,0.0000,bando_enemigo_eliminado,validation,20.0000,3.0000,3.0000,aleatorio,0.0000,3.0000,20284689.0000,3.0000,0.0000,0.0500,0.5000,uniforme,gaussiana,torneo,softmax_argmax,116.0000,115.0000,0.0000,1.9333,1.9333,7-10-6-6,0.2500,0.05,tasa_mutacion
0.2950,0.0000,0.7050,0.0000,0.0000,0.0000,1.0000,1.0000,72.0000,65.0000,1.2000,1.5427,60.0000,2.0000,2.0000,s06_B_varios,Varios enemigos tipo B vs 1 agente,228.0900,0.4000,empate,25.0000,1.0000,tiempo_agotado,validation,20.0000,3.0000,2.0000,aleatorio,1.0000,3.0000,20284820.0000,3.0000,0.3333,0.0500,0.5000,uniforme,gaussiana,torneo,softmax_argmax,3600.0000,3498.0000,0.0000,60.0000,42.1333,7-10-6-6,0.2500,0.05,tasa_mutacion
0.2258,0.0000,0.7742,0.0000,0.0000,0.0000,1.0000,0.0000,60.0000,96.0000,9.7035,15.5256,6.1833,2.0000,2.0000,s07_C_varios,Varios enemigos tipo C vs 1 agente,33.5840,0.4000,oponente,25.0000,0.0000,bando_enemigo_eliminado,validation,20.0000,3.0000,3.0000,aleatorio,0.0000,3.0000,20284951.0000,3.0000,0.0000,0.0500,0.5000,uniforme,gaussiana,torneo,softmax_argmax,371.0000,370.0000,0.0000,6.1833,6.1833,7-10-6-6,0.2500,0.05,tasa_mutacion
0.2000,0.0000,0.8000,0.0000,0.0000,0.0000,1.0000,0.0000,0.0000,100.0000,0.0000,51.7241,1.9333,2.0000,2.0000,s08_mixto_1agente,Varios de todos los enemigos vs 1 agente,-36.0860,0.4000,oponente,25.0000,0.0000,bando_enemigo_eliminado,validation,20.0000,6.0000,6.0000,aleatorio,0.0000,3.0000,20285082.0000,3.0000,0.0000,0.0500,0.5000,uniforme,gaussiana,torneo,softmax_argmax,116.0000,115.0000,0.0000,1.9333,1.9333,7-10-6-6,0.2500,0.05,tasa_mutacion
0.4010,0.0000,0.5990,0.0000,0.0000,0.0000,3.0000,1.0000,144.0000,239.0000,6.2897,9.8897,60.0000,2.0000,2.0000,s09_mixto_varios,Varios de todos los enemigos vs varios agentes,102.8040,0.4000,empate,25.0000,1.0000,tiempo_agotado,validation,20.0000,6.0000,1.0000,aleatorio,0.0000,3.0000,20285213.0000,3.0000,0.1667,0.0500,0.5000,uniforme,gaussiana,torneo,softmax_argmax,3600.0000,569.0000,0.0000,22.8944,24.1667,7-10-6-6,0.2500,0.05,tasa_mutacion
0.2697,0.0000,0.7303,0.0000,0.0000,0.0000,3.0000,3.0000,144.0000,112.0000,8.0975,6.2980,17.7833,2.0000,2.0000,s10_humano_varios,Un jugador humano (bot) vs varios agentes,337.6840,0.4000,agente,25.0000,1.0000,bando_jugador_eliminado,validation,20.0000,1.0000,0.0000,aleatorio,1.0000,3.0000,20285344.0000,3.0000,1.0000,0.0500,0.5000,uniforme,gaussiana,torneo,softmax_argmax,1067.0000,696.0000,0.0000,17.7833,17.7833,7-10-6-6,0.2500,0.05,tasa_mutacion
0.2160,0.0000,0.7160,0.0679,0.0000,0.0000,1.0000,1.0000,0.0000,0.0000,0.0000,0.0000,16.1167,2.0000,2.0000,s11_D_1v1,Un enemigo tipo D (sanador) vs 1 agente,43.8680,0.4000,agente,25.0000,0.0000,bando_jugador_eliminado,validation,20.0000,1.0000,0.0000,aleatorio,0.0000,3.0000,20285475.0000,3.0000,0.0000,0.0500,0.5000,uniforme,gaussiana,torneo,softmax_argmax,967.0000,0.0000,0.0000,16.1167,16.1167,7-10-6-6,0.2500,0.05,tasa_mutacion
0.2000,0.0000,0.8000,0.0000,0.0000,0.0000,1.0000,0.0000,0.0000,88.0000,0.0000,45.5172,1.9333,2.0000,2.0000,s12_escolta,Dos tipo A escoltados por un sanador vs 1 agente,-33.0860,0.4000,oponente,25.0000,0.0000,bando_enemigo_eliminado,validation,20.0000,3.0000,3.0000,aleatorio,0.0000,3.0000,20285606.0000,3.0000,0.0000,0.0500,0.5000,uniforme,gaussiana,torneo,softmax_argmax,116.0000,115.0000,0.0000,1.9333,1.9333,7-10-6-6,0.2500,0.05,tasa_mutacion
0.2000,0.0000,0.8000,0.0000,0.0000,0.0000,1.0000,0.0000,0.0000,88.0000,0.0000,51.8664,1.9333,2.0000,2.0000,s13_mixto_sanador,"Uno de cada tipo, sanador incluido, vs 1 agente",-33.0860,0.4000,oponente,25.0000,0.0000,bando_enemigo_eliminado,validation,20.0000,5.0000,4.0000,aleatorio,0.0000,3.0000,20285737.0000,3.0000,0.0000,0.0500,0.5000,uniforme,gaussiana,torneo,softmax_argmax,116.0000,115.0000,0.0000,1.9333,1.6967,7-10-6-6,0.2500,0.05,tasa_mutacion
0.2067,0.0000,0.7207,0.0726,0.0000,0.0000,1.0000,0.0000,36.0000,88.0000,2.0112,4.9162,17.9000,2.0000,2.0000,s01_A_1v1,Un enemigo tipo A vs 1 agente,8.3660,0.4000,oponente,25.0000,0.0000,bando_enemigo_eliminado,validation,20.0000,1.0000,1.0000,aleatorio,0.0000,4.0000,20292084.0000,3.0000,0.0000,0.0500,0.5000,uniforme,gaussiana,torneo,softmax_argmax,1074.0000,169.0000,0.0000,17.9000,17.9000,7-10-6-6,0.2500,0.05,tasa_mutacion
0.3717,0.0000,0.6283,0.0000,0.0000,0.0000,1.0000,1.0000,0.0000,0.0000,0.0000,0.0000,60.0000,2.0000,2.0000,s02_B_1v1,Un enemigo tipo B vs 1 agente,-0.6000,0.4000,empate,25.0000,0.0000,tiempo_agotado,validation,20.0000,1.0000,1.0000,aleatorio,0.0000,4.0000,20292215.0000,3.0000,0.0000,0.0500,0.5000,uniforme,gaussiana,torneo,softmax_argmax,3600.0000,0.0000,0.0000,60.0000,60.0000,7-10-6-6,0.2500,0.05,tasa_mutacion
0.1688,0.0000,0.7188,0.1125,0.0000,0.0000,1.0000,1.0000,0.0000,0.0000,0.0000,0.0000,15.9667,2.0000,2.0000,s03_C_1v1,Un enemigo tipo C vs 1 agente,43.8320,0.4000,agente,25.0000,0.0000,bando_jugador_eliminado,validation,20.0000,1.0000,0.0000,aleatorio,0.0000,4.0000,20292346.0000,3.0000,0.0000,0.0500,0.5000,uniforme,gaussiana,torneo,softmax_argmax,958.0000,0.0000,0.0000,15.9667,15.9667,7-10-6-6,0.2500,0.05,tasa_mutacion
0.2229,0.0000,0.7771,0.0000,0.0000,0.0000,1.0000,0.0000,72.0000,96.0000,4.6105,6.1473,15.6167,2.0000,2.0000,s04_humano_1v1,Un jugador humano (bot) vs 1 agente,43.3480,0.4000,oponente,25.0000,0.0000,bando_enemigo_eliminado,validation,20.0000,1.0000,1.0000,aleatorio,0.0000,4.0000,20292477.0000,3.0000,0.0000,0.0500,0.5000,uniforme,gaussiana,torneo,softmax_argmax,937.0000,220.0000,0.0000,15.6167,15.6167,7-10-6-6,0.2500,0.05,tasa_mutacion
0.2000,0.0000,0.8000,0.0000,0.0000,0.0000,1.0000,0.0000,0.0000,88.0000,0.0000,45.5172,1.9333,2.0000,2.0000,s05_A_varios,Varios enemigos tipo A vs 1 agente,-33.0860,0.4000,oponente,25.0000,0.0000,bando_enemigo_eliminado,validation,20.0000,3.0000,3.0000,aleatorio,0.0000,4.0000,20292608.0000,3.0000,0.0000,0.0500,0.5000,uniforme,gaussiana,torneo,softmax_argmax,116.0000,115.0000,0.0000,1.9333,1.9333,7-10-6-6,0.2500,0.05,tasa_mutacion
0.2950,0.0000,0.7050,0.0000,0.0000,0.0000,1.0000,1.0000,72.0000,65.0000,1.2000,1.5427,60.0000,2.0000,2.0000,s06_B_varios,Varios enemigos tipo B vs 1 agente,228.0900,0.4000,empate,25.0000,1.0000,tiempo_agotado,validation,20.0000,3.0000,2.0000,aleatorio,1.0000,4.0000,20292739.0000,3.0000,0.3333,0.0500,0.5000,uniforme,gaussiana,torneo,softmax_argmax,3600.0000,3498.0000,0.0000,60.0000,42.1333,7-10-6-6,0.2500,0.05,tasa_mutacion
0.2258,0.0000,0.7742,0.0000,0.0000,0.0000,1.0000,0.0000,60.0000,96.0000,9.7035,15.5256,6.1833,2.0000,2.0000,s07_C_varios,Varios enemigos tipo C vs 1 agente,33.5840,0.4000,oponente,25.0000,0.0000,bando_enemigo_eliminado,validation,20.0000,3.0000,3.0000,aleatorio,0.0000,4.0000,20292870.0000,3.0000,0.0000,0.0500,0.5000,uniforme,gaussiana,torneo,softmax_argmax,371.0000,370.0000,0.0000,6.1833,6.1833,7-10-6-6,0.2500,0.05,tasa_mutacion
0.2000,0.0000,0.8000,0.0000,0.0000,0.0000,1.0000,0.0000,0.0000,100.0000,0.0000,51.7241,1.9333,2.0000,2.0000,s08_mixto_1agente,Varios de todos los enemigos vs 1 agente,-36.0860,0.4000,oponente,25.0000,0.0000,bando_enemigo_eliminado,validation,20.0000,6.0000,6.0000,aleatorio,0.0000,4.0000,20293001.0000,3.0000,0.0000,0.0500,0.5000,uniforme,gaussiana,torneo,softmax_argmax,116.0000,115.0000,0.0000,1.9333,1.9333,7-10-6-6,0.2500,0.05,tasa_mutacion
0.4010,0.0000,0.5990,0.0000,0.0000,0.0000,3.0000,1.0000,144.0000,239.0000,6.2897,9.8897,60.0000,2.0000,2.0000,s09_mixto_varios,Varios de todos los enemigos vs varios agentes,102.8040,0.4000,empate,25.0000,1.0000,tiempo_agotado,validation,20.0000,6.0000,1.0000,aleatorio,0.0000,4.0000,20293132.0000,3.0000,0.1667,0.0500,0.5000,uniforme,gaussiana,torneo,softmax_argmax,3600.0000,569.0000,0.0000,22.8944,24.1667,7-10-6-6,0.2500,0.05,tasa_mutacion
0.2697,0.0000,0.7303,0.0000,0.0000,0.0000,3.0000,3.0000,144.0000,112.0000,8.0975,6.2980,17.7833,2.0000,2.0000,s10_humano_varios,Un jugador humano (bot) vs varios agentes,337.6840,0.4000,agente,25.0000,1.0000,bando_jugador_eliminado,validation,20.0000,1.0000,0.0000,aleatorio,1.0000,4.0000,20293263.0000,3.0000,1.0000,0.0500,0.5000,uniforme,gaussiana,torneo,softmax_argmax,1067.0000,696.0000,0.0000,17.7833,17.7833,7-10-6-6,0.2500,0.05,tasa_mutacion
0.2160,0.0000,0.7160,0.0679,0.0000,0.0000,1.0000,1.0000,0.0000,0.0000,0.0000,0.0000,16.1167,2.0000,2.0000,s11_D_1v1,Un enemigo tipo D (sanador) vs 1 agente,43.8680,0.4000,agente,25.0000,0.0000,bando_jugador_eliminado,validation,20.0000,1.0000,0.0000,aleatorio,0.0000,4.0000,20293394.0000,3.0000,0.0000,0.0500,0.5000,uniforme,gaussiana,torneo,softmax_argmax,967.0000,0.0000,0.0000,16.1167,16.1167,7-10-6-6,0.2500,0.05,tasa_mutacion
0.2000,0.0000,0.8000,0.0000,0.0000,0.0000,1.0000,0.0000,0.0000,88.0000,0.0000,45.5172,1.9333,2.0000,2.0000,s12_escolta,Dos tipo A escoltados por un sanador vs 1 agente,-33.0860,0.4000,oponente,25.0000,0.0000,bando_enemigo_eliminado,validation,20.0000,3.0000,3.0000,aleatorio,0.0000,4.0000,20293525.0000,3.0000,0.0000,0.0500,0.5000,uniforme,gaussiana,torneo,softmax_argmax,116.0000,115.0000,0.0000,1.9333,1.9333,7-10-6-6,0.2500,0.05,tasa_mutacion
0.2000,0.0000,0.8000,0.0000,0.0000,0.0000,1.0000,0.0000,0.0000,88.0000,0.0000,51.8664,1.9333,2.0000,2.0000,s13_mixto_sanador,"Uno de cada tipo, sanador incluido, vs 1 agente",-33.0860,0.4000,oponente,25.0000,0.0000,bando_enemigo_eliminado,validation,20.0000,5.0000,4.0000,aleatorio,0.0000,4.0000,20293656.0000,3.0000,0.0000,0.0500,0.5000,uniforme,gaussiana,torneo,softmax_argmax,116.0000,115.0000,0.0000,1.9333,1.6967,7-10-6-6,0.2500,0.05,tasa_mutacion
0.1927,0.0000,0.6422,0.0000,0.1651,0.0000,1.0000,1.0000,112.0000,66.0000,10.3226,6.0829,10.8500,2.0000,2.0000,s01_A_1v1,Un enemigo tipo A vs 1 agente,149.4440,0.4000,agente,25.0000,0.0000,bando_jugador_eliminado,validation,20.0000,1.0000,0.0000,aleatorio,0.0000,0.0000,20260408.0000,3.0000,0.0000,0.3000,0.5000,uniforme,gaussiana,torneo,softmax_argmax,651.0000,378.0000,0.0000,10.8500,10.8500,7-10-6-6,0.2500,0.30,tasa_mutacion
0.9983,0.0000,0.0000,0.0000,0.0000,0.0017,1.0000,1.0000,0.0000,0.0000,0.0000,0.0000,60.0000,2.0000,2.0000,s02_B_1v1,Un enemigo tipo B vs 1 agente,-0.6000,0.4000,empate,25.0000,0.0000,tiempo_agotado,validation,20.0000,1.0000,1.0000,aleatorio,0.0000,0.0000,20260539.0000,3.0000,0.0000,0.3000,0.5000,uniforme,gaussiana,torneo,softmax_argmax,3600.0000,0.0000,0.0000,60.0000,60.0000,7-10-6-6,0.2500,0.30,tasa_mutacion
0.2903,0.0000,0.7097,0.0000,0.0000,0.0000,1.0000,1.0000,24.0000,0.0000,3.8919,0.0000,6.1667,2.0000,2.0000,s03_C_1v1,Un enemigo tipo C vs 1 agente,65.4800,0.4000,agente,25.0000,0.0000,bando_jugador_eliminado,validation,20.0000,1.0000,0.0000,aleatorio,0.0000,0.0000,20260670.0000,3.0000,0.0000,0.3000,0.5000,uniforme,gaussiana,torneo,softmax_argmax,370.0000,0.0000,0.0000,6.1667,6.1667,7-10-6-6,0.2500,0.30,tasa_mutacion
0.1570,0.0000,0.8430,0.0000,0.0000,0.0000,1.0000,1.0000,144.0000,0.0000,11.9668,0.0000,12.0333,2.0000,2.0000,s04_humano_1v1,Un jugador humano (bot) vs 1 agente,246.8880,0.4000,agente,25.0000,1.0000,bando_jugador_eliminado,validation,20.0000,1.0000,0.0000,aleatorio,0.0000,0.0000,20260801.0000,3.0000,1.0000,0.3000,0.5000,uniforme,gaussiana,torneo,softmax_argmax,722.0000,0.0000,0.0000,12.0333,12.0333,7-10-6-6,0.2500,0.30,tasa_mutacion
0.0000,0.0000,0.6500,0.0000,0.3500,0.0000,1.0000,0.0000,40.0000,88.0000,20.6897,45.5172,1.9333,2.0000,2.0000,s05_A_varios,Varios enemigos tipo A vs 1 agente,6.9140,0.4000,oponente,25.0000,0.0000,bando_enemigo_eliminado,validation,20.0000,3.0000,3.0000,aleatorio,0.0000,0.0000,20260932.0000,3.0000,0.0000,0.3000,0.5000,uniforme,gaussiana,torneo,softmax_argmax,116.0000,115.0000,0.0000,1.9333,1.9333,7-10-6-6,0.2500,0.30,tasa_mutacion
0.0000,0.0000,0.9717,0.0000,0.0283,0.0000,1.0000,1.0000,72.0000,65.0000,1.2000,1.5425,60.0000,2.0000,2.0000,s06_B_varios,Varios enemigos tipo B vs 1 agente,126.6700,0.4000,empate,25.0000,1.0000,tiempo_agotado,validation,20.0000,3.0000,2.0000,aleatorio,0.0000,0.0000,20261063.0000,3.0000,0.3333,0.3000,0.5000,uniforme,gaussiana,torneo,softmax_argmax,3600.0000,384.0000,0.0000,60.0000,42.1389,7-10-6-6,0.2500,0.30,tasa_mutacion
0.0000,0.0000,0.6522,0.0000,0.3478,0.0000,1.0000,0.0000,60.0000,96.0000,13.0435,20.8696,4.6000,2.0000,2.0000,s07_C_varios,Varios enemigos tipo C vs 1 agente,27.3540,0.4000,oponente,25.0000,0.0000,bando_enemigo_eliminado,validation,20.0000,3.0000,3.0000,aleatorio,0.0000,0.0000,20261194.0000,3.0000,0.0000,0.3000,0.5000,uniforme,gaussiana,torneo,softmax_argmax,276.0000,175.0000,0.0000,4.6000,4.6000,7-10-6-6,0.2500,0.30,tasa_mutacion
0.0000,0.0000,0.7333,0.0000,0.2667,0.0000,1.0000,0.0000,20.0000,90.0000,13.9535,62.7907,1.4333,2.0000,2.0000,s08_mixto_1agente,Varios de todos los enemigos vs 1 agente,-14.6060,0.4000,oponente,25.0000,0.0000,bando_enemigo_eliminado,validation,20.0000,6.0000,6.0000,aleatorio,0.0000,0.0000,20261325.0000,3.0000,0.0000,0.3000,0.5000,uniforme,gaussiana,torneo,softmax_argmax,86.0000,85.0000,0.0000,1.4333,1.4333,7-10-6-6,0.2500,0.30,tasa_mutacion
0.0006,0.0006,0.7849,0.0000,0.2140,0.0000,3.0000,1.0000,148.0000,245.0000,6.6968,15.7697,60.0000,2.0000,2.0000,s09_mixto_varios,Varios de todos los enemigos vs varios agentes,97.5320,0.4000,empate,25.0000,1.0000,tiempo_agotado,validation,20.0000,6.0000,1.0000,aleatorio,0.0000,0.0000,20261456.0000,3.0000,0.1667,0.3000,0.5000,uniforme,gaussiana,torneo,softmax_argmax,3600.0000,329.0000,0.0000,22.1000,15.5361,7-10-6-6,0.2500,0.30,tasa_mutacion
0.6804,0.0000,0.3168,0.0000,0.0000,0.0028,3.0000,3.0000,144.0000,0.0000,11.9668,0.0000,12.0333,2.0000,2.0000,s10_humano_varios,Un jugador humano (bot) vs varios agentes,332.6640,0.4000,agente,25.0000,1.0000,bando_jugador_eliminado,validation,20.0000,1.0000,0.0000,aleatorio,0.0000,0.0000,20261587.0000,3.0000,1.0000,0.3000,0.5000,uniforme,gaussiana,torneo,softmax_argmax,722.0000,0.0000,0.0000,12.0333,12.0333,7-10-6-6,0.2500,0.30,tasa_mutacion
0.2807,0.0000,0.5906,0.0000,0.1287,0.0000,1.0000,1.0000,144.0000,40.0000,8.4293,2.3415,17.0833,2.0000,2.0000,s11_D_1v1,Un enemigo tipo D (sanador) vs 1 agente,249.4100,0.4000,agente,25.0000,1.0000,bando_jugador_eliminado,validation,20.0000,1.0000,0.0000,aleatorio,0.0000,0.0000,20261718.0000,3.0000,1.0000,0.3000,0.5000,uniforme,gaussiana,torneo,softmax_argmax,1025.0000,377.0000,0.0000,17.0833,17.0833,7-10-6-6,0.2500,0.30,tasa_mutacion
0.0000,0.0000,0.6500,0.0000,0.3500,0.0000,1.0000,0.0000,40.0000,88.0000,20.6897,45.5172,1.9333,2.0000,2.0000,s12_escolta,Dos tipo A escoltados por un sanador vs 1 agente,6.9140,0.4000,oponente,25.0000,0.0000,bando_enemigo_eliminado,validation,20.0000,3.0000,3.0000,aleatorio,0.0000,0.0000,20261849.0000,3.0000,0.0000,0.3000,0.5000,uniforme,gaussiana,torneo,softmax_argmax,116.0000,115.0000,0.0000,1.9333,1.9333,7-10-6-6,0.2500,0.30,tasa_mutacion
0.0000,0.0000,0.6500,0.0000,0.3500,0.0000,1.0000,0.0000,40.0000,88.0000,20.6897,51.8664,1.9333,2.0000,2.0000,s13_mixto_sanador,"Uno de cada tipo, sanador incluido, vs 1 agente",6.9140,0.4000,oponente,25.0000,0.0000,bando_enemigo_eliminado,validation,20.0000,5.0000,4.0000,aleatorio,0.0000,0.0000,20261980.0000,3.0000,0.0000,0.3000,0.5000,uniforme,gaussiana,torneo,softmax_argmax,116.0000,115.0000,0.0000,1.9333,1.6967,7-10-6-6,0.2500,0.30,tasa_mutacion
0.1927,0.0000,0.6422,0.0000,0.1651,0.0000,1.0000,1.0000,112.0000,66.0000,10.3226,6.0829,10.8500,2.0000,2.0000,s01_A_1v1,Un enemigo tipo A vs 1 agente,149.4440,0.4000,agente,25.0000,0.0000,bando_jugador_eliminado,validation,20.0000,1.0000,0.0000,aleatorio,0.0000,1.0000,20268327.0000,3.0000,0.0000,0.3000,0.5000,uniforme,gaussiana,torneo,softmax_argmax,651.0000,378.0000,0.0000,10.8500,10.8500,7-10-6-6,0.2500,0.30,tasa_mutacion
0.9983,0.0000,0.0000,0.0000,0.0000,0.0017,1.0000,1.0000,0.0000,0.0000,0.0000,0.0000,60.0000,2.0000,2.0000,s02_B_1v1,Un enemigo tipo B vs 1 agente,-0.6000,0.4000,empate,25.0000,0.0000,tiempo_agotado,validation,20.0000,1.0000,1.0000,aleatorio,0.0000,1.0000,20268458.0000,3.0000,0.0000,0.3000,0.5000,uniforme,gaussiana,torneo,softmax_argmax,3600.0000,0.0000,0.0000,60.0000,60.0000,7-10-6-6,0.2500,0.30,tasa_mutacion
0.2903,0.0000,0.7097,0.0000,0.0000,0.0000,1.0000,1.0000,24.0000,0.0000,3.8919,0.0000,6.1667,2.0000,2.0000,s03_C_1v1,Un enemigo tipo C vs 1 agente,65.4800,0.4000,agente,25.0000,0.0000,bando_jugador_eliminado,validation,20.0000,1.0000,0.0000,aleatorio,0.0000,1.0000,20268589.0000,3.0000,0.0000,0.3000,0.5000,uniforme,gaussiana,torneo,softmax_argmax,370.0000,0.0000,0.0000,6.1667,6.1667,7-10-6-6,0.2500,0.30,tasa_mutacion
0.1570,0.0000,0.8430,0.0000,0.0000,0.0000,1.0000,1.0000,144.0000,0.0000,11.9668,0.0000,12.0333,2.0000,2.0000,s04_humano_1v1,Un jugador humano (bot) vs 1 agente,246.8880,0.4000,agente,25.0000,1.0000,bando_jugador_eliminado,validation,20.0000,1.0000,0.0000,aleatorio,0.0000,1.0000,20268720.0000,3.0000,1.0000,0.3000,0.5000,uniforme,gaussiana,torneo,softmax_argmax,722.0000,0.0000,0.0000,12.0333,12.0333,7-10-6-6,0.2500,0.30,tasa_mutacion
0.0000,0.0000,0.6500,0.0000,0.3500,0.0000,1.0000,0.0000,40.0000,88.0000,20.6897,45.5172,1.9333,2.0000,2.0000,s05_A_varios,Varios enemigos tipo A vs 1 agente,6.9140,0.4000,oponente,25.0000,0.0000,bando_enemigo_eliminado,validation,20.0000,3.0000,3.0000,aleatorio,0.0000,1.0000,20268851.0000,3.0000,0.0000,0.3000,0.5000,uniforme,gaussiana,torneo,softmax_argmax,116.0000,115.0000,0.0000,1.9333,1.9333,7-10-6-6,0.2500,0.30,tasa_mutacion
0.0000,0.0000,0.9717,0.0000,0.0283,0.0000,1.0000,1.0000,72.0000,65.0000,1.2000,1.5425,60.0000,2.0000,2.0000,s06_B_varios,Varios enemigos tipo B vs 1 agente,126.6700,0.4000,empate,25.0000,1.0000,tiempo_agotado,validation,20.0000,3.0000,2.0000,aleatorio,0.0000,1.0000,20268982.0000,3.0000,0.3333,0.3000,0.5000,uniforme,gaussiana,torneo,softmax_argmax,3600.0000,384.0000,0.0000,60.0000,42.1389,7-10-6-6,0.2500,0.30,tasa_mutacion
0.0000,0.0000,0.6522,0.0000,0.3478,0.0000,1.0000,0.0000,60.0000,96.0000,13.0435,20.8696,4.6000,2.0000,2.0000,s07_C_varios,Varios enemigos tipo C vs 1 agente,27.3540,0.4000,oponente,25.0000,0.0000,bando_enemigo_eliminado,validation,20.0000,3.0000,3.0000,aleatorio,0.0000,1.0000,20269113.0000,3.0000,0.0000,0.3000,0.5000,uniforme,gaussiana,torneo,softmax_argmax,276.0000,175.0000,0.0000,4.6000,4.6000,7-10-6-6,0.2500,0.30,tasa_mutacion
0.0000,0.0000,0.7333,0.0000,0.2667,0.0000,1.0000,0.0000,20.0000,90.0000,13.9535,62.7907,1.4333,2.0000,2.0000,s08_mixto_1agente,Varios de todos los enemigos vs 1 agente,-14.6060,0.4000,oponente,25.0000,0.0000,bando_enemigo_eliminado,validation,20.0000,6.0000,6.0000,aleatorio,0.0000,1.0000,20269244.0000,3.0000,0.0000,0.3000,0.5000,uniforme,gaussiana,torneo,softmax_argmax,86.0000,85.0000,0.0000,1.4333,1.4333,7-10-6-6,0.2500,0.30,tasa_mutacion
0.0006,0.0006,0.7849,0.0000,0.2140,0.0000,3.0000,1.0000,148.0000,245.0000,6.6968,15.7697,60.0000,2.0000,2.0000,s09_mixto_varios,Varios de todos los enemigos vs varios agentes,97.5320,0.4000,empate,25.0000,1.0000,tiempo_agotado,validation,20.0000,6.0000,1.0000,aleatorio,0.0000,1.0000,20269375.0000,3.0000,0.1667,0.3000,0.5000,uniforme,gaussiana,torneo,softmax_argmax,3600.0000,329.0000,0.0000,22.1000,15.5361,7-10-6-6,0.2500,0.30,tasa_mutacion
0.6804,0.0000,0.3168,0.0000,0.0000,0.0028,3.0000,3.0000,144.0000,0.0000,11.9668,0.0000,12.0333,2.0000,2.0000,s10_humano_varios,Un jugador humano (bot) vs varios agentes,332.6640,0.4000,agente,25.0000,1.0000,bando_jugador_eliminado,validation,20.0000,1.0000,0.0000,aleatorio,0.0000,1.0000,20269506.0000,3.0000,1.0000,0.3000,0.5000,uniforme,gaussiana,torneo,softmax_argmax,722.0000,0.0000,0.0000,12.0333,12.0333,7-10-6-6,0.2500,0.30,tasa_mutacion
0.2807,0.0000,0.5906,0.0000,0.1287,0.0000,1.0000,1.0000,144.0000,40.0000,8.4293,2.3415,17.0833,2.0000,2.0000,s11_D_1v1,Un enemigo tipo D (sanador) vs 1 agente,249.4100,0.4000,agente,25.0000,1.0000,bando_jugador_eliminado,validation,20.0000,1.0000,0.0000,aleatorio,0.0000,1.0000,20269637.0000,3.0000,1.0000,0.3000,0.5000,uniforme,gaussiana,torneo,softmax_argmax,1025.0000,377.0000,0.0000,17.0833,17.0833,7-10-6-6,0.2500,0.30,tasa_mutacion
0.0000,0.0000,0.6500,0.0000,0.3500,0.0000,1.0000,0.0000,40.0000,88.0000,20.6897,45.5172,1.9333,2.0000,2.0000,s12_escolta,Dos tipo A escoltados por un sanador vs 1 agente,6.9140,0.4000,oponente,25.0000,0.0000,bando_enemigo_eliminado,validation,20.0000,3.0000,3.0000,aleatorio,0.0000,1.0000,20269768.0000,3.0000,0.0000,0.3000,0.5000,uniforme,gaussiana,torneo,softmax_argmax,116.0000,115.0000,0.0000,1.9333,1.9333,7-10-6-6,0.2500,0.30,tasa_mutacion
0.0000,0.0000,0.6500,0.0000,0.3500,0.0000,1.0000,0.0000,40.0000,88.0000,20.6897,51.8664,1.9333,2.0000,2.0000,s13_mixto_sanador,"Uno de cada tipo, sanador incluido, vs 1 agente",6.9140,0.4000,oponente,25.0000,0.0000,bando_enemigo_eliminado,validation,20.0000,5.0000,4.0000,aleatorio,0.0000,1.0000,20269899.0000,3.0000,0.0000,0.3000,0.5000,uniforme,gaussiana,torneo,softmax_argmax,116.0000,115.0000,0.0000,1.9333,1.6967,7-10-6-6,0.2500,0.30,tasa_mutacion
0.1927,0.0000,0.6422,0.0000,0.1651,0.0000,1.0000,1.0000,112.0000,66.0000,10.3226,6.0829,10.8500,2.0000,2.0000,s01_A_1v1,Un enemigo tipo A vs 1 agente,149.4440,0.4000,agente,25.0000,0.0000,bando_jugador_eliminado,validation,20.0000,1.0000,0.0000,aleatorio,0.0000,2.0000,20276246.0000,3.0000,0.0000,0.3000,0.5000,uniforme,gaussiana,torneo,softmax_argmax,651.0000,378.0000,0.0000,10.8500,10.8500,7-10-6-6,0.2500,0.30,tasa_mutacion
0.9983,0.0000,0.0000,0.0000,0.0000,0.0017,1.0000,1.0000,0.0000,0.0000,0.0000,0.0000,60.0000,2.0000,2.0000,s02_B_1v1,Un enemigo tipo B vs 1 agente,-0.6000,0.4000,empate,25.0000,0.0000,tiempo_agotado,validation,20.0000,1.0000,1.0000,aleatorio,0.0000,2.0000,20276377.0000,3.0000,0.0000,0.3000,0.5000,uniforme,gaussiana,torneo,softmax_argmax,3600.0000,0.0000,0.0000,60.0000,60.0000,7-10-6-6,0.2500,0.30,tasa_mutacion
0.2903,0.0000,0.7097,0.0000,0.0000,0.0000,1.0000,1.0000,24.0000,0.0000,3.8919,0.0000,6.1667,2.0000,2.0000,s03_C_1v1,Un enemigo tipo C vs 1 agente,65.4800,0.4000,agente,25.0000,0.0000,bando_jugador_eliminado,validation,20.0000,1.0000,0.0000,aleatorio,0.0000,2.0000,20276508.0000,3.0000,0.0000,0.3000,0.5000,uniforme,gaussiana,torneo,softmax_argmax,370.0000,0.0000,0.0000,6.1667,6.1667,7-10-6-6,0.2500,0.30,tasa_mutacion
0.1570,0.0000,0.8430,0.0000,0.0000,0.0000,1.0000,1.0000,144.0000,0.0000,11.9668,0.0000,12.0333,2.0000,2.0000,s04_humano_1v1,Un jugador humano (bot) vs 1 agente,246.8880,0.4000,agente,25.0000,1.0000,bando_jugador_eliminado,validation,20.0000,1.0000,0.0000,aleatorio,0.0000,2.0000,20276639.0000,3.0000,1.0000,0.3000,0.5000,uniforme,gaussiana,torneo,softmax_argmax,722.0000,0.0000,0.0000,12.0333,12.0333,7-10-6-6,0.2500,0.30,tasa_mutacion
0.0000,0.0000,0.6500,0.0000,0.3500,0.0000,1.0000,0.0000,40.0000,88.0000,20.6897,45.5172,1.9333,2.0000,2.0000,s05_A_varios,Varios enemigos tipo A vs 1 agente,6.9140,0.4000,oponente,25.0000,0.0000,bando_enemigo_eliminado,validation,20.0000,3.0000,3.0000,aleatorio,0.0000,2.0000,20276770.0000,3.0000,0.0000,0.3000,0.5000,uniforme,gaussiana,torneo,softmax_argmax,116.0000,115.0000,0.0000,1.9333,1.9333,7-10-6-6,0.2500,0.30,tasa_mutacion
0.0000,0.0000,0.9717,0.0000,0.0283,0.0000,1.0000,1.0000,72.0000,65.0000,1.2000,1.5425,60.0000,2.0000,2.0000,s06_B_varios,Varios enemigos tipo B vs 1 agente,126.6700,0.4000,empate,25.0000,1.0000,tiempo_agotado,validation,20.0000,3.0000,2.0000,aleatorio,0.0000,2.0000,20276901.0000,3.0000,0.3333,0.3000,0.5000,uniforme,gaussiana,torneo,softmax_argmax,3600.0000,384.0000,0.0000,60.0000,42.1389,7-10-6-6,0.2500,0.30,tasa_mutacion
0.0000,0.0000,0.6522,0.0000,0.3478,0.0000,1.0000,0.0000,60.0000,96.0000,13.0435,20.8696,4.6000,2.0000,2.0000,s07_C_varios,Varios enemigos tipo C vs 1 agente,27.3540,0.4000,oponente,25.0000,0.0000,bando_enemigo_eliminado,validation,20.0000,3.0000,3.0000,aleatorio,0.0000,2.0000,20277032.0000,3.0000,0.0000,0.3000,0.5000,uniforme,gaussiana,torneo,softmax_argmax,276.0000,175.0000,0.0000,4.6000,4.6000,7-10-6-6,0.2500,0.30,tasa_mutacion
0.0000,0.0000,0.7333,0.0000,0.2667,0.0000,1.0000,0.0000,20.0000,90.0000,13.9535,62.7907,1.4333,2.0000,2.0000,s08_mixto_1agente,Varios de todos los enemigos vs 1 agente,-14.6060,0.4000,oponente,25.0000,0.0000,bando_enemigo_eliminado,validation,20.0000,6.0000,6.0000,aleatorio,0.0000,2.0000,20277163.0000,3.0000,0.0000,0.3000,0.5000,uniforme,gaussiana,torneo,softmax_argmax,86.0000,85.0000,0.0000,1.4333,1.4333,7-10-6-6,0.2500,0.30,tasa_mutacion
0.0006,0.0006,0.7849,0.0000,0.2140,0.0000,3.0000,1.0000,148.0000,245.0000,6.6968,15.7697,60.0000,2.0000,2.0000,s09_mixto_varios,Varios de todos los enemigos vs varios agentes,97.5320,0.4000,empate,25.0000,1.0000,tiempo_agotado,validation,20.0000,6.0000,1.0000,aleatorio,0.0000,2.0000,20277294.0000,3.0000,0.1667,0.3000,0.5000,uniforme,gaussiana,torneo,softmax_argmax,3600.0000,329.0000,0.0000,22.1000,15.5361,7-10-6-6,0.2500,0.30,tasa_mutacion
0.6804,0.0000,0.3168,0.0000,0.0000,0.0028,3.0000,3.0000,144.0000,0.0000,11.9668,0.0000,12.0333,2.0000,2.0000,s10_humano_varios,Un jugador humano (bot) vs varios agentes,332.6640,0.4000,agente,25.0000,1.0000,bando_jugador_eliminado,validation,20.0000,1.0000,0.0000,aleatorio,0.0000,2.0000,20277425.0000,3.0000,1.0000,0.3000,0.5000,uniforme,gaussiana,torneo,softmax_argmax,722.0000,0.0000,0.0000,12.0333,12.0333,7-10-6-6,0.2500,0.30,tasa_mutacion
0.2807,0.0000,0.5906,0.0000,0.1287,0.0000,1.0000,1.0000,144.0000,40.0000,8.4293,2.3415,17.0833,2.0000,2.0000,s11_D_1v1,Un enemigo tipo D (sanador) vs 1 agente,249.4100,0.4000,agente,25.0000,1.0000,bando_jugador_eliminado,validation,20.0000,1.0000,0.0000,aleatorio,0.0000,2.0000,20277556.0000,3.0000,1.0000,0.3000,0.5000,uniforme,gaussiana,torneo,softmax_argmax,1025.0000,377.0000,0.0000,17.0833,17.0833,7-10-6-6,0.2500,0.30,tasa_mutacion
0.0000,0.0000,0.6500,0.0000,0.3500,0.0000,1.0000,0.0000,40.0000,88.0000,20.6897,45.5172,1.9333,2.0000,2.0000,s12_escolta,Dos tipo A escoltados por un sanador vs 1 agente,6.9140,0.4000,oponente,25.0000,0.0000,bando_enemigo_eliminado,validation,20.0000,3.0000,3.0000,aleatorio,0.0000,2.0000,20277687.0000,3.0000,0.0000,0.3000,0.5000,uniforme,gaussiana,torneo,softmax_argmax,116.0000,115.0000,0.0000,1.9333,1.9333,7-10-6-6,0.2500,0.30,tasa_mutacion
0.0000,0.0000,0.6500,0.0000,0.3500,0.0000,1.0000,0.0000,40.0000,88.0000,20.6897,51.8664,1.9333,2.0000,2.0000,s13_mixto_sanador,"Uno de cada tipo, sanador incluido, vs 1 agente",6.9140,0.4000,oponente,25.0000,0.0000,bando_enemigo_eliminado,validation,20.0000,5.0000,4.0000,aleatorio,0.0000,2.0000,20277818.0000,3.0000,0.0000,0.3000,0.5000,uniforme,gaussiana,torneo,softmax_argmax,116.0000,115.0000,0.0000,1.9333,1.6967,7-10-6-6,0.2500,0.30,tasa_mutacion
0.1927,0.0000,0.6422,0.0000,0.1651,0.0000,1.0000,1.0000,112.0000,66.0000,10.3226,6.0829,10.8500,2.0000,2.0000,s01_A_1v1,Un enemigo tipo A vs 1 agente,149.4440,0.4000,agente,25.0000,0.0000,bando_jugador_eliminado,validation,20.0000,1.0000,0.0000,aleatorio,0.0000,3.0000,20284165.0000,3.0000,0.0000,0.3000,0.5000,uniforme,gaussiana,torneo,softmax_argmax,651.0000,378.0000,0.0000,10.8500,10.8500,7-10-6-6,0.2500,0.30,tasa_mutacion
0.9983,0.0000,0.0000,0.0000,0.0000,0.0017,1.0000,1.0000,0.0000,0.0000,0.0000,0.0000,60.0000,2.0000,2.0000,s02_B_1v1,Un enemigo tipo B vs 1 agente,-0.6000,0.4000,empate,25.0000,0.0000,tiempo_agotado,validation,20.0000,1.0000,1.0000,aleatorio,0.0000,3.0000,20284296.0000,3.0000,0.0000,0.3000,0.5000,uniforme,gaussiana,torneo,softmax_argmax,3600.0000,0.0000,0.0000,60.0000,60.0000,7-10-6-6,0.2500,0.30,tasa_mutacion
0.2903,0.0000,0.7097,0.0000,0.0000,0.0000,1.0000,1.0000,24.0000,0.0000,3.8919,0.0000,6.1667,2.0000,2.0000,s03_C_1v1,Un enemigo tipo C vs 1 agente,65.4800,0.4000,agente,25.0000,0.0000,bando_jugador_eliminado,validation,20.0000,1.0000,0.0000,aleatorio,0.0000,3.0000,20284427.0000,3.0000,0.0000,0.3000,0.5000,uniforme,gaussiana,torneo,softmax_argmax,370.0000,0.0000,0.0000,6.1667,6.1667,7-10-6-6,0.2500,0.30,tasa_mutacion
0.1570,0.0000,0.8430,0.0000,0.0000,0.0000,1.0000,1.0000,144.0000,0.0000,11.9668,0.0000,12.0333,2.0000,2.0000,s04_humano_1v1,Un jugador humano (bot) vs 1 agente,246.8880,0.4000,agente,25.0000,1.0000,bando_jugador_eliminado,validation,20.0000,1.0000,0.0000,aleatorio,0.0000,3.0000,20284558.0000,3.0000,1.0000,0.3000,0.5000,uniforme,gaussiana,torneo,softmax_argmax,722.0000,0.0000,0.0000,12.0333,12.0333,7-10-6-6,0.2500,0.30,tasa_mutacion
0.0000,0.0000,0.6500,0.0000,0.3500,0.0000,1.0000,0.0000,40.0000,88.0000,20.6897,45.5172,1.9333,2.0000,2.0000,s05_A_varios,Varios enemigos tipo A vs 1 agente,6.9140,0.4000,oponente,25.0000,0.0000,bando_enemigo_eliminado,validation,20.0000,3.0000,3.0000,aleatorio,0.0000,3.0000,20284689.0000,3.0000,0.0000,0.3000,0.5000,uniforme,gaussiana,torneo,softmax_argmax,116.0000,115.0000,0.0000,1.9333,1.9333,7-10-6-6,0.2500,0.30,tasa_mutacion
0.0000,0.0000,0.9717,0.0000,0.0283,0.0000,1.0000,1.0000,72.0000,65.0000,1.2000,1.5425,60.0000,2.0000,2.0000,s06_B_varios,Varios enemigos tipo B vs 1 agente,126.6700,0.4000,empate,25.0000,1.0000,tiempo_agotado,validation,20.0000,3.0000,2.0000,aleatorio,0.0000,3.0000,20284820.0000,3.0000,0.3333,0.3000,0.5000,uniforme,gaussiana,torneo,softmax_argmax,3600.0000,384.0000,0.0000,60.0000,42.1389,7-10-6-6,0.2500,0.30,tasa_mutacion
0.0000,0.0000,0.6522,0.0000,0.3478,0.0000,1.0000,0.0000,60.0000,96.0000,13.0435,20.8696,4.6000,2.0000,2.0000,s07_C_varios,Varios enemigos tipo C vs 1 agente,27.3540,0.4000,oponente,25.0000,0.0000,bando_enemigo_eliminado,validation,20.0000,3.0000,3.0000,aleatorio,0.0000,3.0000,20284951.0000,3.0000,0.0000,0.3000,0.5000,uniforme,gaussiana,torneo,softmax_argmax,276.0000,175.0000,0.0000,4.6000,4.6000,7-10-6-6,0.2500,0.30,tasa_mutacion
0.0000,0.0000,0.7333,0.0000,0.2667,0.0000,1.0000,0.0000,20.0000,90.0000,13.9535,62.7907,1.4333,2.0000,2.0000,s08_mixto_1agente,Varios de todos los enemigos vs 1 agente,-14.6060,0.4000,oponente,25.0000,0.0000,bando_enemigo_eliminado,validation,20.0000,6.0000,6.0000,aleatorio,0.0000,3.0000,20285082.0000,3.0000,0.0000,0.3000,0.5000,uniforme,gaussiana,torneo,softmax_argmax,86.0000,85.0000,0.0000,1.4333,1.4333,7-10-6-6,0.2500,0.30,tasa_mutacion
0.0006,0.0006,0.7849,0.0000,0.2140,0.0000,3.0000,1.0000,148.0000,245.0000,6.6968,15.7697,60.0000,2.0000,2.0000,s09_mixto_varios,Varios de todos los enemigos vs varios agentes,97.5320,0.4000,empate,25.0000,1.0000,tiempo_agotado,validation,20.0000,6.0000,1.0000,aleatorio,0.0000,3.0000,20285213.0000,3.0000,0.1667,0.3000,0.5000,uniforme,gaussiana,torneo,softmax_argmax,3600.0000,329.0000,0.0000,22.1000,15.5361,7-10-6-6,0.2500,0.30,tasa_mutacion
0.6804,0.0000,0.3168,0.0000,0.0000,0.0028,3.0000,3.0000,144.0000,0.0000,11.9668,0.0000,12.0333,2.0000,2.0000,s10_humano_varios,Un jugador humano (bot) vs varios agentes,332.6640,0.4000,agente,25.0000,1.0000,bando_jugador_eliminado,validation,20.0000,1.0000,0.0000,aleatorio,0.0000,3.0000,20285344.0000,3.0000,1.0000,0.3000,0.5000,uniforme,gaussiana,torneo,softmax_argmax,722.0000,0.0000,0.0000,12.0333,12.0333,7-10-6-6,0.2500,0.30,tasa_mutacion
0.2807,0.0000,0.5906,0.0000,0.1287,0.0000,1.0000,1.0000,144.0000,40.0000,8.4293,2.3415,17.0833,2.0000,2.0000,s11_D_1v1,Un enemigo tipo D (sanador) vs 1 agente,249.4100,0.4000,agente,25.0000,1.0000,bando_jugador_eliminado,validation,20.0000,1.0000,0.0000,aleatorio,0.0000,3.0000,20285475.0000,3.0000,1.0000,0.3000,0.5000,uniforme,gaussiana,torneo,softmax_argmax,1025.0000,377.0000,0.0000,17.0833,17.0833,7-10-6-6,0.2500,0.30,tasa_mutacion
0.0000,0.0000,0.6500,0.0000,0.3500,0.0000,1.0000,0.0000,40.0000,88.0000,20.6897,45.5172,1.9333,2.0000,2.0000,s12_escolta,Dos tipo A escoltados por un sanador vs 1 agente,6.9140,0.4000,oponente,25.0000,0.0000,bando_enemigo_eliminado,validation,20.0000,3.0000,3.0000,aleatorio,0.0000,3.0000,20285606.0000,3.0000,0.0000,0.3000,0.5000,uniforme,gaussiana,torneo,softmax_argmax,116.0000,115.0000,0.0000,1.9333,1.9333,7-10-6-6,0.2500,0.30,tasa_mutacion
0.0000,0.0000,0.6500,0.0000,0.3500,0.0000,1.0000,0.0000,40.0000,88.0000,20.6897,51.8664,1.9333,2.0000,2.0000,s13_mixto_sanador,"Uno de cada tipo, sanador incluido, vs 1 agente",6.9140,0.4000,oponente,25.0000,0.0000,bando_enemigo_eliminado,validation,20.0000,5.0000,4.0000,aleatorio,0.0000,3.0000,20285737.0000,3.0000,0.0000,0.3000,0.5000,uniforme,gaussiana,torneo,softmax_argmax,116.0000,115.0000,0.0000,1.9333,1.6967,7-10-6-6,0.2500,0.30,tasa_mutacion
0.1927,0.0000,0.6422,0.0000,0.1651,0.0000,1.0000,1.0000,112.0000,66.0000,10.3226,6.0829,10.8500,2.0000,2.0000,s01_A_1v1,Un enemigo tipo A vs 1 agente,149.4440,0.4000,agente,25.0000,0.0000,bando_jugador_eliminado,validation,20.0000,1.0000,0.0000,aleatorio,0.0000,4.0000,20292084.0000,3.0000,0.0000,0.3000,0.5000,uniforme,gaussiana,torneo,softmax_argmax,651.0000,378.0000,0.0000,10.8500,10.8500,7-10-6-6,0.2500,0.30,tasa_mutacion
0.9983,0.0000,0.0000,0.0000,0.0000,0.0017,1.0000,1.0000,0.0000,0.0000,0.0000,0.0000,60.0000,2.0000,2.0000,s02_B_1v1,Un enemigo tipo B vs 1 agente,-0.6000,0.4000,empate,25.0000,0.0000,tiempo_agotado,validation,20.0000,1.0000,1.0000,aleatorio,0.0000,4.0000,20292215.0000,3.0000,0.0000,0.3000,0.5000,uniforme,gaussiana,torneo,softmax_argmax,3600.0000,0.0000,0.0000,60.0000,60.0000,7-10-6-6,0.2500,0.30,tasa_mutacion
0.2903,0.0000,0.7097,0.0000,0.0000,0.0000,1.0000,1.0000,24.0000,0.0000,3.8919,0.0000,6.1667,2.0000,2.0000,s03_C_1v1,Un enemigo tipo C vs 1 agente,65.4800,0.4000,agente,25.0000,0.0000,bando_jugador_eliminado,validation,20.0000,1.0000,0.0000,aleatorio,0.0000,4.0000,20292346.0000,3.0000,0.0000,0.3000,0.5000,uniforme,gaussiana,torneo,softmax_argmax,370.0000,0.0000,0.0000,6.1667,6.1667,7-10-6-6,0.2500,0.30,tasa_mutacion
0.1570,0.0000,0.8430,0.0000,0.0000,0.0000,1.0000,1.0000,144.0000,0.0000,11.9668,0.0000,12.0333,2.0000,2.0000,s04_humano_1v1,Un jugador humano (bot) vs 1 agente,246.8880,0.4000,agente,25.0000,1.0000,bando_jugador_eliminado,validation,20.0000,1.0000,0.0000,aleatorio,0.0000,4.0000,20292477.0000,3.0000,1.0000,0.3000,0.5000,uniforme,gaussiana,torneo,softmax_argmax,722.0000,0.0000,0.0000,12.0333,12.0333,7-10-6-6,0.2500,0.30,tasa_mutacion
0.0000,0.0000,0.6500,0.0000,0.3500,0.0000,1.0000,0.0000,40.0000,88.0000,20.6897,45.5172,1.9333,2.0000,2.0000,s05_A_varios,Varios enemigos tipo A vs 1 agente,6.9140,0.4000,oponente,25.0000,0.0000,bando_enemigo_eliminado,validation,20.0000,3.0000,3.0000,aleatorio,0.0000,4.0000,20292608.0000,3.0000,0.0000,0.3000,0.5000,uniforme,gaussiana,torneo,softmax_argmax,116.0000,115.0000,0.0000,1.9333,1.9333,7-10-6-6,0.2500,0.30,tasa_mutacion
0.0000,0.0000,0.9717,0.0000,0.0283,0.0000,1.0000,1.0000,72.0000,65.0000,1.2000,1.5425,60.0000,2.0000,2.0000,s06_B_varios,Varios enemigos tipo B vs 1 agente,126.6700,0.4000,empate,25.0000,1.0000,tiempo_agotado,validation,20.0000,3.0000,2.0000,aleatorio,0.0000,4.0000,20292739.0000,3.0000,0.3333,0.3000,0.5000,uniforme,gaussiana,torneo,softmax_argmax,3600.0000,384.0000,0.0000,60.0000,42.1389,7-10-6-6,0.2500,0.30,tasa_mutacion
0.0000,0.0000,0.6522,0.0000,0.3478,0.0000,1.0000,0.0000,60.0000,96.0000,13.0435,20.8696,4.6000,2.0000,2.0000,s07_C_varios,Varios enemigos tipo C vs 1 agente,27.3540,0.4000,oponente,25.0000,0.0000,bando_enemigo_eliminado,validation,20.0000,3.0000,3.0000,aleatorio,0.0000,4.0000,20292870.0000,3.0000,0.0000,0.3000,0.5000,uniforme,gaussiana,torneo,softmax_argmax,276.0000,175.0000,0.0000,4.6000,4.6000,7-10-6-6,0.2500,0.30,tasa_mutacion
0.0000,0.0000,0.7333,0.0000,0.2667,0.0000,1.0000,0.0000,20.0000,90.0000,13.9535,62.7907,1.4333,2.0000,2.0000,s08_mixto_1agente,Varios de todos los enemigos vs 1 agente,-14.6060,0.4000,oponente,25.0000,0.0000,bando_enemigo_eliminado,validation,20.0000,6.0000,6.0000,aleatorio,0.0000,4.0000,20293001.0000,3.0000,0.0000,0.3000,0.5000,uniforme,gaussiana,torneo,softmax_argmax,86.0000,85.0000,0.0000,1.4333,1.4333,7-10-6-6,0.2500,0.30,tasa_mutacion
0.0006,0.0006,0.7849,0.0000,0.2140,0.0000,3.0000,1.0000,148.0000,245.0000,6.6968,15.7697,60.0000,2.0000,2.0000,s09_mixto_varios,Varios de todos los enemigos vs varios agentes,97.5320,0.4000,empate,25.0000,1.0000,tiempo_agotado,validation,20.0000,6.0000,1.0000,aleatorio,0.0000,4.0000,20293132.0000,3.0000,0.1667,0.3000,0.5000,uniforme,gaussiana,torneo,softmax_argmax,3600.0000,329.0000,0.0000,22.1000,15.5361,7-10-6-6,0.2500,0.30,tasa_mutacion
0.6804,0.0000,0.3168,0.0000,0.0000,0.0028,3.0000,3.0000,144.0000,0.0000,11.9668,0.0000,12.0333,2.0000,2.0000,s10_humano_varios,Un jugador humano (bot) vs varios agentes,332.6640,0.4000,agente,25.0000,1.0000,bando_jugador_eliminado,validation,20.0000,1.0000,0.0000,aleatorio,0.0000,4.0000,20293263.0000,3.0000,1.0000,0.3000,0.5000,uniforme,gaussiana,torneo,softmax_argmax,722.0000,0.0000,0.0000,12.0333,12.0333,7-10-6-6,0.2500,0.30,tasa_mutacion
0.2807,0.0000,0.5906,0.0000,0.1287,0.0000,1.0000,1.0000,144.0000,40.0000,8.4293,2.3415,17.0833,2.0000,2.0000,s11_D_1v1,Un enemigo tipo D (sanador) vs 1 agente,249.4100,0.4000,agente,25.0000,1.0000,bando_jugador_eliminado,validation,20.0000,1.0000,0.0000,aleatorio,0.0000,4.0000,20293394.0000,3.0000,1.0000,0.3000,0.5000,uniforme,gaussiana,torneo,softmax_argmax,1025.0000,377.0000,0.0000,17.0833,17.0833,7-10-6-6,0.2500,0.30,tasa_mutacion
0.0000,0.0000,0.6500,0.0000,0.3500,0.0000,1.0000,0.0000,40.0000,88.0000,20.6897,45.5172,1.9333,2.0000,2.0000,s12_escolta,Dos tipo A escoltados por un sanador vs 1 agente,6.9140,0.4000,oponente,25.0000,0.0000,bando_enemigo_eliminado,validation,20.0000,3.0000,3.0000,aleatorio,0.0000,4.0000,20293525.0000,3.0000,0.0000,0.3000,0.5000,uniforme,gaussiana,torneo,softmax_argmax,116.0000,115.0000,0.0000,1.9333,1.9333,7-10-6-6,0.2500,0.30,tasa_mutacion
0.0000,0.0000,0.6500,0.0000,0.3500,0.0000,1.0000,0.0000,40.0000,88.0000,20.6897,51.8664,1.9333,2.0000,2.0000,s13_mixto_sanador,"Uno de cada tipo, sanador incluido, vs 1 agente",6.9140,0.4000,oponente,25.0000,0.0000,bando_enemigo_eliminado,validation,20.0000,5.0000,4.0000,aleatorio,0.0000,4.0000,20293656.0000,3.0000,0.0000,0.3000,0.5000,uniforme,gaussiana,torneo,softmax_argmax,116.0000,115.0000,0.0000,1.9333,1.6967,7-10-6-6,0.2500,0.30,tasa_mutacion
0.5278,0.0000,0.4028,0.0000,0.0694,0.0000,1.0000,1.0000,96.0000,88.0000,13.4895,12.3653,7.1167,2.0000,2.0000,s01_A_1v1,Un enemigo tipo A vs 1 agente,190.2180,0.4000,agente,25.0000,1.0000,bando_jugador_eliminado,validation,20.0000,1.0000,0.0000,iguales,1.0000,0.0000,20260408.0000,3.0000,1.0000,0.1500,0.5000,uniforme,gaussiana,torneo,softmax_argmax,427.0000,217.0000,0.0000,7.1167,7.1167,7-10-6-6,0.2500,iguales,pesos_iniciales
0.9550,0.0000,0.0350,0.0000,0.0000,0.0100,1.0000,1.0000,0.0000,0.0000,0.0000,0.0000,60.0000,2.0000,2.0000,s02_B_1v1,Un enemigo tipo B vs 1 agente,-0.6000,0.4000,empate,25.0000,0.0000,tiempo_agotado,validation,20.0000,1.0000,1.0000,iguales,0.0000,0.0000,20260539.0000,3.0000,0.0000,0.1500,0.5000,uniforme,gaussiana,torneo,softmax_argmax,3600.0000,0.0000,0.0000,60.0000,60.0000,7-10-6-6,0.2500,iguales,pesos_iniciales
0.6222,0.0000,0.3778,0.0000,0.0000,0.0000,1.0000,1.0000,108.0000,36.0000,12.1121,4.0374,8.9167,2.0000,2.0000,s03_C_1v1,Un enemigo tipo C vs 1 agente,201.1400,0.4000,agente,25.0000,1.0000,bando_jugador_eliminado,validation,20.0000,1.0000,0.0000,iguales,0.0000,0.0000,20260670.0000,3.0000,1.0000,0.1500,0.5000,uniforme,gaussiana,torneo,softmax_argmax,535.0000,0.0000,0.0000,8.9167,8.9167,7-10-6-6,0.2500,iguales,pesos_iniciales
0.8750,0.0000,0.1136,0.0000,0.0000,0.0114,1.0000,0.0000,0.0000,112.0000,0.0000,12.7273,8.8000,2.0000,2.0000,s04_humano_1v1,Un jugador humano (bot) vs 1 agente,-23.0180,0.4000,oponente,25.0000,0.0000,bando_enemigo_eliminado,validation,20.0000,1.0000,1.0000,iguales,1.0000,0.0000,20260801.0000,3.0000,0.0000,0.1500,0.5000,uniforme,gaussiana,torneo,softmax_argmax,528.0000,329.0000,0.0000,8.8000,8.8000,7-10-6-6,0.2500,iguales,pesos_iniciales
0.5263,0.0000,0.0526,0.0000,0.4211,0.0000,1.0000,0.0000,60.0000,88.0000,31.5789,46.3158,1.9000,2.0000,2.0000,s05_A_varios,Varios enemigos tipo A vs 1 agente,26.8460,0.4000,oponente,25.0000,0.0000,bando_enemigo_eliminado,validation,20.0000,3.0000,3.0000,iguales,0.0000,0.0000,20260932.0000,3.0000,0.0000,0.1500,0.5000,uniforme,gaussiana,torneo,softmax_argmax,114.0000,113.0000,0.0000,1.9000,1.9000,7-10-6-6,0.2500,iguales,pesos_iniciales
0.8833,0.0000,0.0717,0.0000,0.0367,0.0083,1.0000,1.0000,164.0000,78.0000,2.7333,2.8249,60.0000,2.0000,2.0000,s06_B_varios,Varios enemigos tipo B vs 1 agente,302.6200,0.4000,empate,25.0000,2.0000,tiempo_agotado,validation,20.0000,3.0000,1.0000,iguales,1.0000,0.0000,20261063.0000,3.0000,0.6667,0.1500,0.5000,uniforme,gaussiana,torneo,softmax_argmax,3600.0000,1024.0000,0.0000,60.0000,27.6111,7-10-6-6,0.2500,iguales,pesos_iniciales
0.6975,0.0000,0.2102,0.0000,0.0000,0.0924,1.0000,1.0000,192.0000,72.0000,4.4342,3.6231,43.3000,2.0000,2.0000,s07_C_varios,Varios enemigos tipo C vs 1 agente,381.0320,0.4000,agente,25.0000,2.0000,bando_jugador_eliminado,validation,20.0000,3.0000,0.0000,iguales,2.0000,0.0000,20261194.0000,3.0000,0.6667,0.1500,0.5000,uniforme,gaussiana,torneo,softmax_argmax,2598.0000,688.0000,0.0000,43.3000,19.8722,7-10-6-6,0.2500,iguales,pesos_iniciales
0.5263,0.0000,0.0526,0.0000,0.4211,0.0000,1.0000,0.0000,60.0000,88.0000,31.5789,46.3158,1.9000,2.0000,2.0000,s08_mixto_1agente,Varios de todos los enemigos vs 1 agente,26.8460,0.4000,oponente,25.0000,0.0000,bando_enemigo_eliminado,validation,20.0000,6.0000,6.0000,iguales,0.0000,0.0000,20261325.0000,3.0000,0.0000,0.1500,0.5000,uniforme,gaussiana,torneo,softmax_argmax,114.0000,113.0000,0.0000,1.9000,1.9000,7-10-6-6,0.2500,iguales,pesos_iniciales
0.7095,0.0000,0.1461,0.0000,0.1404,0.0041,3.0000,0.0000,180.0000,273.0000,34.2857,36.2523,8.1833,2.0000,2.0000,s09_mixto_varios,Varios de todos los enemigos vs varios agentes,148.6200,0.4000,oponente,25.0000,1.0000,bando_enemigo_eliminado,validation,20.0000,6.0000,5.0000,iguales,0.0000,0.0000,20261456.0000,3.0000,0.1667,0.1500,0.5000,uniforme,gaussiana,torneo,softmax_argmax,491.0000,603.0000,0.0000,5.2500,7.5306,7-10-6-6,0.2500,iguales,pesos_iniciales
0.5386,0.0000,0.1938,0.0000,0.0000,0.2675,3.0000,1.0000,12.0000,128.0000,0.4513,2.1333,60.0000,2.0000,2.0000,s10_humano_varios,Un jugador humano (bot) vs varios agentes,27.0340,0.4000,empate,25.0000,0.0000,tiempo_agotado,validation,20.0000,1.0000,1.0000,iguales,1.0000,0.0000,20261587.0000,3.0000,0.0000,0.1500,0.5000,uniforme,gaussiana,torneo,softmax_argmax,3600.0000,3163.0000,0.0000,26.5889,60.0000,7-10-6-6,0.2500,iguales,pesos_iniciales
0.6235,0.0000,0.3765,0.0000,0.0000,0.0000,1.0000,1.0000,96.0000,32.0000,11.2941,3.7647,8.5000,2.0000,2.0000,s11_D_1v1,Un enemigo tipo D (sanador) vs 1 agente,190.0400,0.4000,agente,25.0000,1.0000,bando_jugador_eliminado,validation,20.0000,1.0000,0.0000,iguales,0.0000,0.0000,20261718.0000,3.0000,1.0000,0.1500,0.5000,uniforme,gaussiana,torneo,softmax_argmax,510.0000,0.0000,0.0000,8.5000,8.5000,7-10-6-6,0.2500,iguales,pesos_iniciales
0.5263,0.0000,0.0526,0.0000,0.4211,0.0000,1.0000,0.0000,60.0000,88.0000,31.5789,46.3158,1.9000,2.0000,2.0000,s12_escolta,Dos tipo A escoltados por un sanador vs 1 agente,26.8460,0.4000,oponente,25.0000,0.0000,bando_enemigo_eliminado,validation,20.0000,3.0000,3.0000,iguales,0.0000,0.0000,20261849.0000,3.0000,0.0000,0.1500,0.5000,uniforme,gaussiana,torneo,softmax_argmax,114.0000,113.0000,0.0000,1.9000,1.9000,7-10-6-6,0.2500,iguales,pesos_iniciales
0.5455,0.0000,0.0455,0.0000,0.4091,0.0000,1.0000,0.0000,60.0000,88.0000,27.4809,40.3053,2.1833,2.0000,2.0000,s13_mixto_sanador,"Uno de cada tipo, sanador incluido, vs 1 agente",27.4240,0.4000,oponente,25.0000,0.0000,bando_enemigo_eliminado,validation,20.0000,5.0000,5.0000,iguales,0.0000,0.0000,20261980.0000,3.0000,0.0000,0.1500,0.5000,uniforme,gaussiana,torneo,softmax_argmax,131.0000,130.0000,0.0000,2.1833,2.1833,7-10-6-6,0.2500,iguales,pesos_iniciales
0.5278,0.0000,0.4028,0.0000,0.0694,0.0000,1.0000,1.0000,96.0000,88.0000,13.4895,12.3653,7.1167,2.0000,2.0000,s01_A_1v1,Un enemigo tipo A vs 1 agente,190.2180,0.4000,agente,25.0000,1.0000,bando_jugador_eliminado,validation,20.0000,1.0000,0.0000,iguales,1.0000,1.0000,20268327.0000,3.0000,1.0000,0.1500,0.5000,uniforme,gaussiana,torneo,softmax_argmax,427.0000,217.0000,0.0000,7.1167,7.1167,7-10-6-6,0.2500,iguales,pesos_iniciales
0.9550,0.0000,0.0350,0.0000,0.0000,0.0100,1.0000,1.0000,0.0000,0.0000,0.0000,0.0000,60.0000,2.0000,2.0000,s02_B_1v1,Un enemigo tipo B vs 1 agente,-0.6000,0.4000,empate,25.0000,0.0000,tiempo_agotado,validation,20.0000,1.0000,1.0000,iguales,0.0000,1.0000,20268458.0000,3.0000,0.0000,0.1500,0.5000,uniforme,gaussiana,torneo,softmax_argmax,3600.0000,0.0000,0.0000,60.0000,60.0000,7-10-6-6,0.2500,iguales,pesos_iniciales
0.6222,0.0000,0.3778,0.0000,0.0000,0.0000,1.0000,1.0000,108.0000,36.0000,12.1121,4.0374,8.9167,2.0000,2.0000,s03_C_1v1,Un enemigo tipo C vs 1 agente,201.1400,0.4000,agente,25.0000,1.0000,bando_jugador_eliminado,validation,20.0000,1.0000,0.0000,iguales,0.0000,1.0000,20268589.0000,3.0000,1.0000,0.1500,0.5000,uniforme,gaussiana,torneo,softmax_argmax,535.0000,0.0000,0.0000,8.9167,8.9167,7-10-6-6,0.2500,iguales,pesos_iniciales
0.8750,0.0000,0.1136,0.0000,0.0000,0.0114,1.0000,0.0000,0.0000,112.0000,0.0000,12.7273,8.8000,2.0000,2.0000,s04_humano_1v1,Un jugador humano (bot) vs 1 agente,-23.0180,0.4000,oponente,25.0000,0.0000,bando_enemigo_eliminado,validation,20.0000,1.0000,1.0000,iguales,1.0000,1.0000,20268720.0000,3.0000,0.0000,0.1500,0.5000,uniforme,gaussiana,torneo,softmax_argmax,528.0000,329.0000,0.0000,8.8000,8.8000,7-10-6-6,0.2500,iguales,pesos_iniciales
0.5263,0.0000,0.0526,0.0000,0.4211,0.0000,1.0000,0.0000,60.0000,88.0000,31.5789,46.3158,1.9000,2.0000,2.0000,s05_A_varios,Varios enemigos tipo A vs 1 agente,26.8460,0.4000,oponente,25.0000,0.0000,bando_enemigo_eliminado,validation,20.0000,3.0000,3.0000,iguales,0.0000,1.0000,20268851.0000,3.0000,0.0000,0.1500,0.5000,uniforme,gaussiana,torneo,softmax_argmax,114.0000,113.0000,0.0000,1.9000,1.9000,7-10-6-6,0.2500,iguales,pesos_iniciales
0.8833,0.0000,0.0717,0.0000,0.0367,0.0083,1.0000,1.0000,164.0000,78.0000,2.7333,2.8249,60.0000,2.0000,2.0000,s06_B_varios,Varios enemigos tipo B vs 1 agente,302.6200,0.4000,empate,25.0000,2.0000,tiempo_agotado,validation,20.0000,3.0000,1.0000,iguales,1.0000,1.0000,20268982.0000,3.0000,0.6667,0.1500,0.5000,uniforme,gaussiana,torneo,softmax_argmax,3600.0000,1024.0000,0.0000,60.0000,27.6111,7-10-6-6,0.2500,iguales,pesos_iniciales
0.6975,0.0000,0.2102,0.0000,0.0000,0.0924,1.0000,1.0000,192.0000,72.0000,4.4342,3.6231,43.3000,2.0000,2.0000,s07_C_varios,Varios enemigos tipo C vs 1 agente,381.0320,0.4000,agente,25.0000,2.0000,bando_jugador_eliminado,validation,20.0000,3.0000,0.0000,iguales,2.0000,1.0000,20269113.0000,3.0000,0.6667,0.1500,0.5000,uniforme,gaussiana,torneo,softmax_argmax,2598.0000,688.0000,0.0000,43.3000,19.8722,7-10-6-6,0.2500,iguales,pesos_iniciales
0.5263,0.0000,0.0526,0.0000,0.4211,0.0000,1.0000,0.0000,60.0000,88.0000,31.5789,46.3158,1.9000,2.0000,2.0000,s08_mixto_1agente,Varios de todos los enemigos vs 1 agente,26.8460,0.4000,oponente,25.0000,0.0000,bando_enemigo_eliminado,validation,20.0000,6.0000,6.0000,iguales,0.0000,1.0000,20269244.0000,3.0000,0.0000,0.1500,0.5000,uniforme,gaussiana,torneo,softmax_argmax,114.0000,113.0000,0.0000,1.9000,1.9000,7-10-6-6,0.2500,iguales,pesos_iniciales
0.7095,0.0000,0.1461,0.0000,0.1404,0.0041,3.0000,0.0000,180.0000,273.0000,34.2857,36.2523,8.1833,2.0000,2.0000,s09_mixto_varios,Varios de todos los enemigos vs varios agentes,148.6200,0.4000,oponente,25.0000,1.0000,bando_enemigo_eliminado,validation,20.0000,6.0000,5.0000,iguales,0.0000,1.0000,20269375.0000,3.0000,0.1667,0.1500,0.5000,uniforme,gaussiana,torneo,softmax_argmax,491.0000,603.0000,0.0000,5.2500,7.5306,7-10-6-6,0.2500,iguales,pesos_iniciales
0.5386,0.0000,0.1938,0.0000,0.0000,0.2675,3.0000,1.0000,12.0000,128.0000,0.4513,2.1333,60.0000,2.0000,2.0000,s10_humano_varios,Un jugador humano (bot) vs varios agentes,27.0340,0.4000,empate,25.0000,0.0000,tiempo_agotado,validation,20.0000,1.0000,1.0000,iguales,1.0000,1.0000,20269506.0000,3.0000,0.0000,0.1500,0.5000,uniforme,gaussiana,torneo,softmax_argmax,3600.0000,3163.0000,0.0000,26.5889,60.0000,7-10-6-6,0.2500,iguales,pesos_iniciales
0.6235,0.0000,0.3765,0.0000,0.0000,0.0000,1.0000,1.0000,96.0000,32.0000,11.2941,3.7647,8.5000,2.0000,2.0000,s11_D_1v1,Un enemigo tipo D (sanador) vs 1 agente,190.0400,0.4000,agente,25.0000,1.0000,bando_jugador_eliminado,validation,20.0000,1.0000,0.0000,iguales,0.0000,1.0000,20269637.0000,3.0000,1.0000,0.1500,0.5000,uniforme,gaussiana,torneo,softmax_argmax,510.0000,0.0000,0.0000,8.5000,8.5000,7-10-6-6,0.2500,iguales,pesos_iniciales
0.5263,0.0000,0.0526,0.0000,0.4211,0.0000,1.0000,0.0000,60.0000,88.0000,31.5789,46.3158,1.9000,2.0000,2.0000,s12_escolta,Dos tipo A escoltados por un sanador vs 1 agente,26.8460,0.4000,oponente,25.0000,0.0000,bando_enemigo_eliminado,validation,20.0000,3.0000,3.0000,iguales,0.0000,1.0000,20269768.0000,3.0000,0.0000,0.1500,0.5000,uniforme,gaussiana,torneo,softmax_argmax,114.0000,113.0000,0.0000,1.9000,1.9000,7-10-6-6,0.2500,iguales,pesos_iniciales
0.5455,0.0000,0.0455,0.0000,0.4091,0.0000,1.0000,0.0000,60.0000,88.0000,27.4809,40.3053,2.1833,2.0000,2.0000,s13_mixto_sanador,"Uno de cada tipo, sanador incluido, vs 1 agente",27.4240,0.4000,oponente,25.0000,0.0000,bando_enemigo_eliminado,validation,20.0000,5.0000,5.0000,iguales,0.0000,1.0000,20269899.0000,3.0000,0.0000,0.1500,0.5000,uniforme,gaussiana,torneo,softmax_argmax,131.0000,130.0000,0.0000,2.1833,2.1833,7-10-6-6,0.2500,iguales,pesos_iniciales
0.5278,0.0000,0.4028,0.0000,0.0694,0.0000,1.0000,1.0000,96.0000,88.0000,13.4895,12.3653,7.1167,2.0000,2.0000,s01_A_1v1,Un enemigo tipo A vs 1 agente,190.2180,0.4000,agente,25.0000,1.0000,bando_jugador_eliminado,validation,20.0000,1.0000,0.0000,iguales,1.0000,2.0000,20276246.0000,3.0000,1.0000,0.1500,0.5000,uniforme,gaussiana,torneo,softmax_argmax,427.0000,217.0000,0.0000,7.1167,7.1167,7-10-6-6,0.2500,iguales,pesos_iniciales
0.9550,0.0000,0.0350,0.0000,0.0000,0.0100,1.0000,1.0000,0.0000,0.0000,0.0000,0.0000,60.0000,2.0000,2.0000,s02_B_1v1,Un enemigo tipo B vs 1 agente,-0.6000,0.4000,empate,25.0000,0.0000,tiempo_agotado,validation,20.0000,1.0000,1.0000,iguales,0.0000,2.0000,20276377.0000,3.0000,0.0000,0.1500,0.5000,uniforme,gaussiana,torneo,softmax_argmax,3600.0000,0.0000,0.0000,60.0000,60.0000,7-10-6-6,0.2500,iguales,pesos_iniciales
0.6222,0.0000,0.3778,0.0000,0.0000,0.0000,1.0000,1.0000,108.0000,36.0000,12.1121,4.0374,8.9167,2.0000,2.0000,s03_C_1v1,Un enemigo tipo C vs 1 agente,201.1400,0.4000,agente,25.0000,1.0000,bando_jugador_eliminado,validation,20.0000,1.0000,0.0000,iguales,0.0000,2.0000,20276508.0000,3.0000,1.0000,0.1500,0.5000,uniforme,gaussiana,torneo,softmax_argmax,535.0000,0.0000,0.0000,8.9167,8.9167,7-10-6-6,0.2500,iguales,pesos_iniciales
0.8750,0.0000,0.1136,0.0000,0.0000,0.0114,1.0000,0.0000,0.0000,112.0000,0.0000,12.7273,8.8000,2.0000,2.0000,s04_humano_1v1,Un jugador humano (bot) vs 1 agente,-23.0180,0.4000,oponente,25.0000,0.0000,bando_enemigo_eliminado,validation,20.0000,1.0000,1.0000,iguales,1.0000,2.0000,20276639.0000,3.0000,0.0000,0.1500,0.5000,uniforme,gaussiana,torneo,softmax_argmax,528.0000,329.0000,0.0000,8.8000,8.8000,7-10-6-6,0.2500,iguales,pesos_iniciales
0.5263,0.0000,0.0526,0.0000,0.4211,0.0000,1.0000,0.0000,60.0000,88.0000,31.5789,46.3158,1.9000,2.0000,2.0000,s05_A_varios,Varios enemigos tipo A vs 1 agente,26.8460,0.4000,oponente,25.0000,0.0000,bando_enemigo_eliminado,validation,20.0000,3.0000,3.0000,iguales,0.0000,2.0000,20276770.0000,3.0000,0.0000,0.1500,0.5000,uniforme,gaussiana,torneo,softmax_argmax,114.0000,113.0000,0.0000,1.9000,1.9000,7-10-6-6,0.2500,iguales,pesos_iniciales
0.8833,0.0000,0.0717,0.0000,0.0367,0.0083,1.0000,1.0000,164.0000,78.0000,2.7333,2.8249,60.0000,2.0000,2.0000,s06_B_varios,Varios enemigos tipo B vs 1 agente,302.6200,0.4000,empate,25.0000,2.0000,tiempo_agotado,validation,20.0000,3.0000,1.0000,iguales,1.0000,2.0000,20276901.0000,3.0000,0.6667,0.1500,0.5000,uniforme,gaussiana,torneo,softmax_argmax,3600.0000,1024.0000,0.0000,60.0000,27.6111,7-10-6-6,0.2500,iguales,pesos_iniciales
0.6975,0.0000,0.2102,0.0000,0.0000,0.0924,1.0000,1.0000,192.0000,72.0000,4.4342,3.6231,43.3000,2.0000,2.0000,s07_C_varios,Varios enemigos tipo C vs 1 agente,381.0320,0.4000,agente,25.0000,2.0000,bando_jugador_eliminado,validation,20.0000,3.0000,0.0000,iguales,2.0000,2.0000,20277032.0000,3.0000,0.6667,0.1500,0.5000,uniforme,gaussiana,torneo,softmax_argmax,2598.0000,688.0000,0.0000,43.3000,19.8722,7-10-6-6,0.2500,iguales,pesos_iniciales
0.5263,0.0000,0.0526,0.0000,0.4211,0.0000,1.0000,0.0000,60.0000,88.0000,31.5789,46.3158,1.9000,2.0000,2.0000,s08_mixto_1agente,Varios de todos los enemigos vs 1 agente,26.8460,0.4000,oponente,25.0000,0.0000,bando_enemigo_eliminado,validation,20.0000,6.0000,6.0000,iguales,0.0000,2.0000,20277163.0000,3.0000,0.0000,0.1500,0.5000,uniforme,gaussiana,torneo,softmax_argmax,114.0000,113.0000,0.0000,1.9000,1.9000,7-10-6-6,0.2500,iguales,pesos_iniciales
0.7095,0.0000,0.1461,0.0000,0.1404,0.0041,3.0000,0.0000,180.0000,273.0000,34.2857,36.2523,8.1833,2.0000,2.0000,s09_mixto_varios,Varios de todos los enemigos vs varios agentes,148.6200,0.4000,oponente,25.0000,1.0000,bando_enemigo_eliminado,validation,20.0000,6.0000,5.0000,iguales,0.0000,2.0000,20277294.0000,3.0000,0.1667,0.1500,0.5000,uniforme,gaussiana,torneo,softmax_argmax,491.0000,603.0000,0.0000,5.2500,7.5306,7-10-6-6,0.2500,iguales,pesos_iniciales
0.5386,0.0000,0.1938,0.0000,0.0000,0.2675,3.0000,1.0000,12.0000,128.0000,0.4513,2.1333,60.0000,2.0000,2.0000,s10_humano_varios,Un jugador humano (bot) vs varios agentes,27.0340,0.4000,empate,25.0000,0.0000,tiempo_agotado,validation,20.0000,1.0000,1.0000,iguales,1.0000,2.0000,20277425.0000,3.0000,0.0000,0.1500,0.5000,uniforme,gaussiana,torneo,softmax_argmax,3600.0000,3163.0000,0.0000,26.5889,60.0000,7-10-6-6,0.2500,iguales,pesos_iniciales
0.6235,0.0000,0.3765,0.0000,0.0000,0.0000,1.0000,1.0000,96.0000,32.0000,11.2941,3.7647,8.5000,2.0000,2.0000,s11_D_1v1,Un enemigo tipo D (sanador) vs 1 agente,190.0400,0.4000,agente,25.0000,1.0000,bando_jugador_eliminado,validation,20.0000,1.0000,0.0000,iguales,0.0000,2.0000,20277556.0000,3.0000,1.0000,0.1500,0.5000,uniforme,gaussiana,torneo,softmax_argmax,510.0000,0.0000,0.0000,8.5000,8.5000,7-10-6-6,0.2500,iguales,pesos_iniciales
0.5263,0.0000,0.0526,0.0000,0.4211,0.0000,1.0000,0.0000,60.0000,88.0000,31.5789,46.3158,1.9000,2.0000,2.0000,s12_escolta,Dos tipo A escoltados por un sanador vs 1 agente,26.8460,0.4000,oponente,25.0000,0.0000,bando_enemigo_eliminado,validation,20.0000,3.0000,3.0000,iguales,0.0000,2.0000,20277687.0000,3.0000,0.0000,0.1500,0.5000,uniforme,gaussiana,torneo,softmax_argmax,114.0000,113.0000,0.0000,1.9000,1.9000,7-10-6-6,0.2500,iguales,pesos_iniciales
0.5455,0.0000,0.0455,0.0000,0.4091,0.0000,1.0000,0.0000,60.0000,88.0000,27.4809,40.3053,2.1833,2.0000,2.0000,s13_mixto_sanador,"Uno de cada tipo, sanador incluido, vs 1 agente",27.4240,0.4000,oponente,25.0000,0.0000,bando_enemigo_eliminado,validation,20.0000,5.0000,5.0000,iguales,0.0000,2.0000,20277818.0000,3.0000,0.0000,0.1500,0.5000,uniforme,gaussiana,torneo,softmax_argmax,131.0000,130.0000,0.0000,2.1833,2.1833,7-10-6-6,0.2500,iguales,pesos_iniciales
0.5278,0.0000,0.4028,0.0000,0.0694,0.0000,1.0000,1.0000,96.0000,88.0000,13.4895,12.3653,7.1167,2.0000,2.0000,s01_A_1v1,Un enemigo tipo A vs 1 agente,190.2180,0.4000,agente,25.0000,1.0000,bando_jugador_eliminado,validation,20.0000,1.0000,0.0000,iguales,1.0000,3.0000,20284165.0000,3.0000,1.0000,0.1500,0.5000,uniforme,gaussiana,torneo,softmax_argmax,427.0000,217.0000,0.0000,7.1167,7.1167,7-10-6-6,0.2500,iguales,pesos_iniciales
0.9550,0.0000,0.0350,0.0000,0.0000,0.0100,1.0000,1.0000,0.0000,0.0000,0.0000,0.0000,60.0000,2.0000,2.0000,s02_B_1v1,Un enemigo tipo B vs 1 agente,-0.6000,0.4000,empate,25.0000,0.0000,tiempo_agotado,validation,20.0000,1.0000,1.0000,iguales,0.0000,3.0000,20284296.0000,3.0000,0.0000,0.1500,0.5000,uniforme,gaussiana,torneo,softmax_argmax,3600.0000,0.0000,0.0000,60.0000,60.0000,7-10-6-6,0.2500,iguales,pesos_iniciales
0.6222,0.0000,0.3778,0.0000,0.0000,0.0000,1.0000,1.0000,108.0000,36.0000,12.1121,4.0374,8.9167,2.0000,2.0000,s03_C_1v1,Un enemigo tipo C vs 1 agente,201.1400,0.4000,agente,25.0000,1.0000,bando_jugador_eliminado,validation,20.0000,1.0000,0.0000,iguales,0.0000,3.0000,20284427.0000,3.0000,1.0000,0.1500,0.5000,uniforme,gaussiana,torneo,softmax_argmax,535.0000,0.0000,0.0000,8.9167,8.9167,7-10-6-6,0.2500,iguales,pesos_iniciales
0.8750,0.0000,0.1136,0.0000,0.0000,0.0114,1.0000,0.0000,0.0000,112.0000,0.0000,12.7273,8.8000,2.0000,2.0000,s04_humano_1v1,Un jugador humano (bot) vs 1 agente,-23.0180,0.4000,oponente,25.0000,0.0000,bando_enemigo_eliminado,validation,20.0000,1.0000,1.0000,iguales,1.0000,3.0000,20284558.0000,3.0000,0.0000,0.1500,0.5000,uniforme,gaussiana,torneo,softmax_argmax,528.0000,329.0000,0.0000,8.8000,8.8000,7-10-6-6,0.2500,iguales,pesos_iniciales
0.5263,0.0000,0.0526,0.0000,0.4211,0.0000,1.0000,0.0000,60.0000,88.0000,31.5789,46.3158,1.9000,2.0000,2.0000,s05_A_varios,Varios enemigos tipo A vs 1 agente,26.8460,0.4000,oponente,25.0000,0.0000,bando_enemigo_eliminado,validation,20.0000,3.0000,3.0000,iguales,0.0000,3.0000,20284689.0000,3.0000,0.0000,0.1500,0.5000,uniforme,gaussiana,torneo,softmax_argmax,114.0000,113.0000,0.0000,1.9000,1.9000,7-10-6-6,0.2500,iguales,pesos_iniciales
0.8833,0.0000,0.0717,0.0000,0.0367,0.0083,1.0000,1.0000,164.0000,78.0000,2.7333,2.8249,60.0000,2.0000,2.0000,s06_B_varios,Varios enemigos tipo B vs 1 agente,302.6200,0.4000,empate,25.0000,2.0000,tiempo_agotado,validation,20.0000,3.0000,1.0000,iguales,1.0000,3.0000,20284820.0000,3.0000,0.6667,0.1500,0.5000,uniforme,gaussiana,torneo,softmax_argmax,3600.0000,1024.0000,0.0000,60.0000,27.6111,7-10-6-6,0.2500,iguales,pesos_iniciales
0.6975,0.0000,0.2102,0.0000,0.0000,0.0924,1.0000,1.0000,192.0000,72.0000,4.4342,3.6231,43.3000,2.0000,2.0000,s07_C_varios,Varios enemigos tipo C vs 1 agente,381.0320,0.4000,agente,25.0000,2.0000,bando_jugador_eliminado,validation,20.0000,3.0000,0.0000,iguales,2.0000,3.0000,20284951.0000,3.0000,0.6667,0.1500,0.5000,uniforme,gaussiana,torneo,softmax_argmax,2598.0000,688.0000,0.0000,43.3000,19.8722,7-10-6-6,0.2500,iguales,pesos_iniciales
0.5263,0.0000,0.0526,0.0000,0.4211,0.0000,1.0000,0.0000,60.0000,88.0000,31.5789,46.3158,1.9000,2.0000,2.0000,s08_mixto_1agente,Varios de todos los enemigos vs 1 agente,26.8460,0.4000,oponente,25.0000,0.0000,bando_enemigo_eliminado,validation,20.0000,6.0000,6.0000,iguales,0.0000,3.0000,20285082.0000,3.0000,0.0000,0.1500,0.5000,uniforme,gaussiana,torneo,softmax_argmax,114.0000,113.0000,0.0000,1.9000,1.9000,7-10-6-6,0.2500,iguales,pesos_iniciales
0.7095,0.0000,0.1461,0.0000,0.1404,0.0041,3.0000,0.0000,180.0000,273.0000,34.2857,36.2523,8.1833,2.0000,2.0000,s09_mixto_varios,Varios de todos los enemigos vs varios agentes,148.6200,0.4000,oponente,25.0000,1.0000,bando_enemigo_eliminado,validation,20.0000,6.0000,5.0000,iguales,0.0000,3.0000,20285213.0000,3.0000,0.1667,0.1500,0.5000,uniforme,gaussiana,torneo,softmax_argmax,491.0000,603.0000,0.0000,5.2500,7.5306,7-10-6-6,0.2500,iguales,pesos_iniciales
0.5386,0.0000,0.1938,0.0000,0.0000,0.2675,3.0000,1.0000,12.0000,128.0000,0.4513,2.1333,60.0000,2.0000,2.0000,s10_humano_varios,Un jugador humano (bot) vs varios agentes,27.0340,0.4000,empate,25.0000,0.0000,tiempo_agotado,validation,20.0000,1.0000,1.0000,iguales,1.0000,3.0000,20285344.0000,3.0000,0.0000,0.1500,0.5000,uniforme,gaussiana,torneo,softmax_argmax,3600.0000,3163.0000,0.0000,26.5889,60.0000,7-10-6-6,0.2500,iguales,pesos_iniciales
0.6235,0.0000,0.3765,0.0000,0.0000,0.0000,1.0000,1.0000,96.0000,32.0000,11.2941,3.7647,8.5000,2.0000,2.0000,s11_D_1v1,Un enemigo tipo D (sanador) vs 1 agente,190.0400,0.4000,agente,25.0000,1.0000,bando_jugador_eliminado,validation,20.0000,1.0000,0.0000,iguales,0.0000,3.0000,20285475.0000,3.0000,1.0000,0.1500,0.5000,uniforme,gaussiana,torneo,softmax_argmax,510.0000,0.0000,0.0000,8.5000,8.5000,7-10-6-6,0.2500,iguales,pesos_iniciales
0.5263,0.0000,0.0526,0.0000,0.4211,0.0000,1.0000,0.0000,60.0000,88.0000,31.5789,46.3158,1.9000,2.0000,2.0000,s12_escolta,Dos tipo A escoltados por un sanador vs 1 agente,26.8460,0.4000,oponente,25.0000,0.0000,bando_enemigo_eliminado,validation,20.0000,3.0000,3.0000,iguales,0.0000,3.0000,20285606.0000,3.0000,0.0000,0.1500,0.5000,uniforme,gaussiana,torneo,softmax_argmax,114.0000,113.0000,0.0000,1.9000,1.9000,7-10-6-6,0.2500,iguales,pesos_iniciales
0.5455,0.0000,0.0455,0.0000,0.4091,0.0000,1.0000,0.0000,60.0000,88.0000,27.4809,40.3053,2.1833,2.0000,2.0000,s13_mixto_sanador,"Uno de cada tipo, sanador incluido, vs 1 agente",27.4240,0.4000,oponente,25.0000,0.0000,bando_enemigo_eliminado,validation,20.0000,5.0000,5.0000,iguales,0.0000,3.0000,20285737.0000,3.0000,0.0000,0.1500,0.5000,uniforme,gaussiana,torneo,softmax_argmax,131.0000,130.0000,0.0000,2.1833,2.1833,7-10-6-6,0.2500,iguales,pesos_iniciales
0.5278,0.0000,0.4028,0.0000,0.0694,0.0000,1.0000,1.0000,96.0000,88.0000,13.4895,12.3653,7.1167,2.0000,2.0000,s01_A_1v1,Un enemigo tipo A vs 1 agente,190.2180,0.4000,agente,25.0000,1.0000,bando_jugador_eliminado,validation,20.0000,1.0000,0.0000,iguales,1.0000,4.0000,20292084.0000,3.0000,1.0000,0.1500,0.5000,uniforme,gaussiana,torneo,softmax_argmax,427.0000,217.0000,0.0000,7.1167,7.1167,7-10-6-6,0.2500,iguales,pesos_iniciales
0.9550,0.0000,0.0350,0.0000,0.0000,0.0100,1.0000,1.0000,0.0000,0.0000,0.0000,0.0000,60.0000,2.0000,2.0000,s02_B_1v1,Un enemigo tipo B vs 1 agente,-0.6000,0.4000,empate,25.0000,0.0000,tiempo_agotado,validation,20.0000,1.0000,1.0000,iguales,0.0000,4.0000,20292215.0000,3.0000,0.0000,0.1500,0.5000,uniforme,gaussiana,torneo,softmax_argmax,3600.0000,0.0000,0.0000,60.0000,60.0000,7-10-6-6,0.2500,iguales,pesos_iniciales
0.6222,0.0000,0.3778,0.0000,0.0000,0.0000,1.0000,1.0000,108.0000,36.0000,12.1121,4.0374,8.9167,2.0000,2.0000,s03_C_1v1,Un enemigo tipo C vs 1 agente,201.1400,0.4000,agente,25.0000,1.0000,bando_jugador_eliminado,validation,20.0000,1.0000,0.0000,iguales,0.0000,4.0000,20292346.0000,3.0000,1.0000,0.1500,0.5000,uniforme,gaussiana,torneo,softmax_argmax,535.0000,0.0000,0.0000,8.9167,8.9167,7-10-6-6,0.2500,iguales,pesos_iniciales
0.8750,0.0000,0.1136,0.0000,0.0000,0.0114,1.0000,0.0000,0.0000,112.0000,0.0000,12.7273,8.8000,2.0000,2.0000,s04_humano_1v1,Un jugador humano (bot) vs 1 agente,-23.0180,0.4000,oponente,25.0000,0.0000,bando_enemigo_eliminado,validation,20.0000,1.0000,1.0000,iguales,1.0000,4.0000,20292477.0000,3.0000,0.0000,0.1500,0.5000,uniforme,gaussiana,torneo,softmax_argmax,528.0000,329.0000,0.0000,8.8000,8.8000,7-10-6-6,0.2500,iguales,pesos_iniciales
0.5263,0.0000,0.0526,0.0000,0.4211,0.0000,1.0000,0.0000,60.0000,88.0000,31.5789,46.3158,1.9000,2.0000,2.0000,s05_A_varios,Varios enemigos tipo A vs 1 agente,26.8460,0.4000,oponente,25.0000,0.0000,bando_enemigo_eliminado,validation,20.0000,3.0000,3.0000,iguales,0.0000,4.0000,20292608.0000,3.0000,0.0000,0.1500,0.5000,uniforme,gaussiana,torneo,softmax_argmax,114.0000,113.0000,0.0000,1.9000,1.9000,7-10-6-6,0.2500,iguales,pesos_iniciales
0.8833,0.0000,0.0717,0.0000,0.0367,0.0083,1.0000,1.0000,164.0000,78.0000,2.7333,2.8249,60.0000,2.0000,2.0000,s06_B_varios,Varios enemigos tipo B vs 1 agente,302.6200,0.4000,empate,25.0000,2.0000,tiempo_agotado,validation,20.0000,3.0000,1.0000,iguales,1.0000,4.0000,20292739.0000,3.0000,0.6667,0.1500,0.5000,uniforme,gaussiana,torneo,softmax_argmax,3600.0000,1024.0000,0.0000,60.0000,27.6111,7-10-6-6,0.2500,iguales,pesos_iniciales
0.6975,0.0000,0.2102,0.0000,0.0000,0.0924,1.0000,1.0000,192.0000,72.0000,4.4342,3.6231,43.3000,2.0000,2.0000,s07_C_varios,Varios enemigos tipo C vs 1 agente,381.0320,0.4000,agente,25.0000,2.0000,bando_jugador_eliminado,validation,20.0000,3.0000,0.0000,iguales,2.0000,4.0000,20292870.0000,3.0000,0.6667,0.1500,0.5000,uniforme,gaussiana,torneo,softmax_argmax,2598.0000,688.0000,0.0000,43.3000,19.8722,7-10-6-6,0.2500,iguales,pesos_iniciales
0.5263,0.0000,0.0526,0.0000,0.4211,0.0000,1.0000,0.0000,60.0000,88.0000,31.5789,46.3158,1.9000,2.0000,2.0000,s08_mixto_1agente,Varios de todos los enemigos vs 1 agente,26.8460,0.4000,oponente,25.0000,0.0000,bando_enemigo_eliminado,validation,20.0000,6.0000,6.0000,iguales,0.0000,4.0000,20293001.0000,3.0000,0.0000,0.1500,0.5000,uniforme,gaussiana,torneo,softmax_argmax,114.0000,113.0000,0.0000,1.9000,1.9000,7-10-6-6,0.2500,iguales,pesos_iniciales
0.7095,0.0000,0.1461,0.0000,0.1404,0.0041,3.0000,0.0000,180.0000,273.0000,34.2857,36.2523,8.1833,2.0000,2.0000,s09_mixto_varios,Varios de todos los enemigos vs varios agentes,148.6200,0.4000,oponente,25.0000,1.0000,bando_enemigo_eliminado,validation,20.0000,6.0000,5.0000,iguales,0.0000,4.0000,20293132.0000,3.0000,0.1667,0.1500,0.5000,uniforme,gaussiana,torneo,softmax_argmax,491.0000,603.0000,0.0000,5.2500,7.5306,7-10-6-6,0.2500,iguales,pesos_iniciales
0.5386,0.0000,0.1938,0.0000,0.0000,0.2675,3.0000,1.0000,12.0000,128.0000,0.4513,2.1333,60.0000,2.0000,2.0000,s10_humano_varios,Un jugador humano (bot) vs varios agentes,27.0340,0.4000,empate,25.0000,0.0000,tiempo_agotado,validation,20.0000,1.0000,1.0000,iguales,1.0000,4.0000,20293263.0000,3.0000,0.0000,0.1500,0.5000,uniforme,gaussiana,torneo,softmax_argmax,3600.0000,3163.0000,0.0000,26.5889,60.0000,7-10-6-6,0.2500,iguales,pesos_iniciales
0.6235,0.0000,0.3765,0.0000,0.0000,0.0000,1.0000,1.0000,96.0000,32.0000,11.2941,3.7647,8.5000,2.0000,2.0000,s11_D_1v1,Un enemigo tipo D (sanador) vs 1 agente,190.0400,0.4000,agente,25.0000,1.0000,bando_jugador_eliminado,validation,20.0000,1.0000,0.0000,iguales,0.0000,4.0000,20293394.0000,3.0000,1.0000,0.1500,0.5000,uniforme,gaussiana,torneo,softmax_argmax,510.0000,0.0000,0.0000,8.5000,8.5000,7-10-6-6,0.2500,iguales,pesos_iniciales
0.5263,0.0000,0.0526,0.0000,0.4211,0.0000,1.0000,0.0000,60.0000,88.0000,31.5789,46.3158,1.9000,2.0000,2.0000,s12_escolta,Dos tipo A escoltados por un sanador vs 1 agente,26.8460,0.4000,oponente,25.0000,0.0000,bando_enemigo_eliminado,validation,20.0000,3.0000,3.0000,iguales,0.0000,4.0000,20293525.0000,3.0000,0.0000,0.1500,0.5000,uniforme,gaussiana,torneo,softmax_argmax,114.0000,113.0000,0.0000,1.9000,1.9000,7-10-6-6,0.2500,iguales,pesos_iniciales
0.5455,0.0000,0.0455,0.0000,0.4091,0.0000,1.0000,0.0000,60.0000,88.0000,27.4809,40.3053,2.1833,2.0000,2.0000,s13_mixto_sanador,"Uno de cada tipo, sanador incluido, vs 1 agente",27.4240,0.4000,oponente,25.0000,0.0000,bando_enemigo_eliminado,validation,20.0000,5.0000,5.0000,iguales,0.0000,4.0000,20293656.0000,3.0000,0.0000,0.1500,0.5000,uniforme,gaussiana,torneo,softmax_argmax,131.0000,130.0000,0.0000,2.1833,2.1833,7-10-6-6,0.2500,iguales,pesos_iniciales
0.0065,0.0000,0.3922,0.0980,0.1046,0.3987,1.0000,1.0000,72.0000,0.0000,4.7110,0.0000,15.2833,2.0000,2.0000,s01_A_1v1,Un enemigo tipo A vs 1 agente,115.6680,0.4000,agente,25.0000,0.0000,bando_jugador_eliminado,validation,20.0000,1.0000,0.0000,nulos,0.0000,0.0000,20260408.0000,3.0000,0.0000,0.1500,0.5000,uniforme,gaussiana,torneo,softmax_argmax,917.0000,0.0000,0.0000,15.2833,15.2833,7-10-6-6,0.2500,nulos,pesos_iniciales
0.0000,0.0000,0.5316,0.0000,0.0000,0.4684,1.0000,1.0000,72.0000,26.0000,9.2111,3.3262,7.8167,2.0000,2.0000,s02_B_1v1,Un enemigo tipo B vs 1 agente,167.3760,0.4000,agente,25.0000,1.0000,bando_jugador_eliminado,validation,20.0000,1.0000,0.0000,nulos,0.0000,0.0000,20260539.0000,3.0000,1.0000,0.1500,0.5000,uniforme,gaussiana,torneo,softmax_argmax,469.0000,0.0000,0.0000,7.8167,7.8167,7-10-6-6,0.2500,nulos,pesos_iniciales
0.0000,0.0000,0.3871,0.0806,0.1129,0.4194,1.0000,1.0000,48.0000,0.0000,7.7838,0.0000,6.1667,2.0000,2.0000,s03_C_1v1,Un enemigo tipo C vs 1 agente,89.4800,0.4000,agente,25.0000,0.0000,bando_jugador_eliminado,validation,20.0000,1.0000,0.0000,nulos,0.0000,0.0000,20260670.0000,3.0000,0.0000,0.1500,0.5000,uniforme,gaussiana,torneo,softmax_argmax,370.0000,0.0000,0.0000,6.1667,6.1667,7-10-6-6,0.2500,nulos,pesos_iniciales
0.0000,0.0000,0.8430,0.0000,0.0000,0.1570,1.0000,1.0000,144.0000,0.0000,11.9668,0.0000,12.0333,2.0000,2.0000,s04_humano_1v1,Un jugador humano (bot) vs 1 agente,246.8880,0.4000,agente,25.0000,1.0000,bando_jugador_eliminado,validation,20.0000,1.0000,0.0000,nulos,0.0000,0.0000,20260801.0000,3.0000,1.0000,0.1500,0.5000,uniforme,gaussiana,torneo,softmax_argmax,722.0000,0.0000,0.0000,12.0333,12.0333,7-10-6-6,0.2500,nulos,pesos_iniciales
0.0000,0.0000,0.7895,0.0000,0.1579,0.0526,1.0000,0.0000,72.0000,88.0000,38.9189,47.5676,1.8500,2.0000,2.0000,s05_A_varios,Varios enemigos tipo A vs 1 agente,38.7440,0.4000,oponente,25.0000,0.0000,bando_enemigo_eliminado,validation,20.0000,3.0000,3.0000,nulos,0.0000,0.0000,20260932.0000,3.0000,0.0000,0.1500,0.5000,uniforme,gaussiana,torneo,softmax_argmax,111.0000,110.0000,0.0000,1.8500,1.8500,7-10-6-6,0.2500,nulos,pesos_iniciales
0.0000,0.0000,0.6279,0.0000,0.0465,0.3256,1.0000,0.0000,156.0000,91.0000,9.1139,7.6257,17.1167,2.0000,2.0000,s06_B_varios,Varios enemigos tipo B vs 1 agente,261.8580,0.4000,oponente,25.0000,2.0000,bando_enemigo_eliminado,validation,20.0000,3.0000,1.0000,nulos,0.0000,0.0000,20261063.0000,3.0000,0.6667,0.1500,0.5000,uniforme,gaussiana,torneo,softmax_argmax,1027.0000,650.0000,0.0000,17.1167,11.9333,7-10-6-6,0.2500,nulos,pesos_iniciales
0.0000,0.0000,0.7000,0.0000,0.2750,0.0250,1.0000,0.0000,36.0000,96.0000,9.1915,24.5106,3.9167,2.0000,2.0000,s07_C_varios,Varios enemigos tipo C vs 1 agente,4.9600,0.4000,oponente,25.0000,0.0000,bando_enemigo_eliminado,validation,20.0000,3.0000,3.0000,nulos,0.0000,0.0000,20261194.0000,3.0000,0.0000,0.1500,0.5000,uniforme,gaussiana,torneo,softmax_argmax,235.0000,234.0000,0.0000,3.9167,3.9167,7-10-6-6,0.2500,nulos,pesos_iniciales
0.0000,0.0000,0.7857,0.0000,0.1429,0.0714,1.0000,0.0000,52.0000,90.0000,38.5185,66.6667,1.3500,2.0000,2.0000,s08_mixto_1agente,Varios de todos los enemigos vs 1 agente,17.2240,0.4000,oponente,25.0000,0.0000,bando_enemigo_eliminado,validation,20.0000,6.0000,6.0000,nulos,0.0000,0.0000,20261325.0000,3.0000,0.0000,0.1500,0.5000,uniforme,gaussiana,torneo,softmax_argmax,81.0000,80.0000,0.0000,1.3500,1.3500,7-10-6-6,0.2500,nulos,pesos_iniciales
0.0000,0.0000,0.7237,0.0000,0.1754,0.1009,3.0000,0.0000,324.0000,269.0000,30.4861,15.9434,25.5833,2.0000,2.0000,s09_mixto_varios,Varios de todos los enemigos vs varios agentes,409.9920,0.4000,oponente,25.0000,3.0000,bando_enemigo_eliminado,validation,20.0000,6.0000,2.0000,nulos,0.0000,0.0000,20261456.0000,3.0000,0.5000,0.1500,0.5000,uniforme,gaussiana,torneo,softmax_argmax,1535.0000,353.0000,0.0000,10.6278,16.8722,7-10-6-6,0.2500,nulos,pesos_iniciales
0.0000,0.0000,0.6931,0.0000,0.0019,0.3050,3.0000,0.0000,96.0000,288.0000,6.6410,16.1495,17.8333,2.0000,2.0000,s10_humano_varios,Un jugador humano (bot) vs varios agentes,34.5580,0.4000,oponente,25.0000,0.0000,bando_enemigo_eliminado,validation,20.0000,1.0000,1.0000,nulos,0.0000,0.0000,20261587.0000,3.0000,0.0000,0.1500,0.5000,uniforme,gaussiana,torneo,softmax_argmax,1070.0000,1505.0000,0.0000,14.4556,17.8333,7-10-6-6,0.2500,nulos,pesos_iniciales
0.0000,0.0000,0.3448,0.0862,0.0862,0.4828,1.0000,1.0000,48.0000,0.0000,8.2759,0.0000,5.8000,2.0000,2.0000,s11_D_1v1,Un enemigo tipo D (sanador) vs 1 agente,89.3920,0.4000,agente,25.0000,0.0000,bando_jugador_eliminado,validation,20.0000,1.0000,0.0000,nulos,0.0000,0.0000,20261718.0000,3.0000,0.0000,0.1500,0.5000,uniforme,gaussiana,torneo,softmax_argmax,348.0000,0.0000,0.0000,5.8000,5.8000,7-10-6-6,0.2500,nulos,pesos_iniciales
0.0000,0.0000,0.7895,0.0000,0.1579,0.0526,1.0000,0.0000,72.0000,88.0000,38.9189,47.5676,1.8500,2.0000,2.0000,s12_escolta,Dos tipo A escoltados por un sanador vs 1 agente,38.7440,0.4000,oponente,25.0000,0.0000,bando_enemigo_eliminado,validation,20.0000,3.0000,3.0000,nulos,0.0000,0.0000,20261849.0000,3.0000,0.0000,0.1500,0.5000,uniforme,gaussiana,torneo,softmax_argmax,111.0000,110.0000,0.0000,1.8500,1.8500,7-10-6-6,0.2500,nulos,pesos_iniciales
0.0000,0.0000,0.7895,0.0000,0.1579,0.0526,1.0000,0.0000,72.0000,96.0000,38.9189,51.8919,1.8500,2.0000,2.0000,s13_mixto_sanador,"Uno de cada tipo, sanador incluido, vs 1 agente",36.7440,0.4000,oponente,25.0000,0.0000,bando_enemigo_eliminado,validation,20.0000,5.0000,5.0000,nulos,0.0000,0.0000,20261980.0000,3.0000,0.0000,0.1500,0.5000,uniforme,gaussiana,torneo,softmax_argmax,111.0000,110.0000,0.0000,1.8500,1.8500,7-10-6-6,0.2500,nulos,pesos_iniciales
0.0065,0.0000,0.3922,0.0980,0.1046,0.3987,1.0000,1.0000,72.0000,0.0000,4.7110,0.0000,15.2833,2.0000,2.0000,s01_A_1v1,Un enemigo tipo A vs 1 agente,115.6680,0.4000,agente,25.0000,0.0000,bando_jugador_eliminado,validation,20.0000,1.0000,0.0000,nulos,0.0000,1.0000,20268327.0000,3.0000,0.0000,0.1500,0.5000,uniforme,gaussiana,torneo,softmax_argmax,917.0000,0.0000,0.0000,15.2833,15.2833,7-10-6-6,0.2500,nulos,pesos_iniciales
0.0000,0.0000,0.5316,0.0000,0.0000,0.4684,1.0000,1.0000,72.0000,26.0000,9.2111,3.3262,7.8167,2.0000,2.0000,s02_B_1v1,Un enemigo tipo B vs 1 agente,167.3760,0.4000,agente,25.0000,1.0000,bando_jugador_eliminado,validation,20.0000,1.0000,0.0000,nulos,0.0000,1.0000,20268458.0000,3.0000,1.0000,0.1500,0.5000,uniforme,gaussiana,torneo,softmax_argmax,469.0000,0.0000,0.0000,7.8167,7.8167,7-10-6-6,0.2500,nulos,pesos_iniciales
0.0000,0.0000,0.3871,0.0806,0.1129,0.4194,1.0000,1.0000,48.0000,0.0000,7.7838,0.0000,6.1667,2.0000,2.0000,s03_C_1v1,Un enemigo tipo C vs 1 agente,89.4800,0.4000,agente,25.0000,0.0000,bando_jugador_eliminado,validation,20.0000,1.0000,0.0000,nulos,0.0000,1.0000,20268589.0000,3.0000,0.0000,0.1500,0.5000,uniforme,gaussiana,torneo,softmax_argmax,370.0000,0.0000,0.0000,6.1667,6.1667,7-10-6-6,0.2500,nulos,pesos_iniciales
0.0000,0.0000,0.8430,0.0000,0.0000,0.1570,1.0000,1.0000,144.0000,0.0000,11.9668,0.0000,12.0333,2.0000,2.0000,s04_humano_1v1,Un jugador humano (bot) vs 1 agente,246.8880,0.4000,agente,25.0000,1.0000,bando_jugador_eliminado,validation,20.0000,1.0000,0.0000,nulos,0.0000,1.0000,20268720.0000,3.0000,1.0000,0.1500,0.5000,uniforme,gaussiana,torneo,softmax_argmax,722.0000,0.0000,0.0000,12.0333,12.0333,7-10-6-6,0.2500,nulos,pesos_iniciales
0.0000,0.0000,0.7895,0.0000,0.1579,0.0526,1.0000,0.0000,72.0000,88.0000,38.9189,47.5676,1.8500,2.0000,2.0000,s05_A_varios,Varios enemigos tipo A vs 1 agente,38.7440,0.4000,oponente,25.0000,0.0000,bando_enemigo_eliminado,validation,20.0000,3.0000,3.0000,nulos,0.0000,1.0000,20268851.0000,3.0000,0.0000,0.1500,0.5000,uniforme,gaussiana,torneo,softmax_argmax,111.0000,110.0000,0.0000,1.8500,1.8500,7-10-6-6,0.2500,nulos,pesos_iniciales
0.0000,0.0000,0.6279,0.0000,0.0465,0.3256,1.0000,0.0000,156.0000,91.0000,9.1139,7.6257,17.1167,2.0000,2.0000,s06_B_varios,Varios enemigos tipo B vs 1 agente,261.8580,0.4000,oponente,25.0000,2.0000,bando_enemigo_eliminado,validation,20.0000,3.0000,1.0000,nulos,0.0000,1.0000,20268982.0000,3.0000,0.6667,0.1500,0.5000,uniforme,gaussiana,torneo,softmax_argmax,1027.0000,650.0000,0.0000,17.1167,11.9333,7-10-6-6,0.2500,nulos,pesos_iniciales
0.0000,0.0000,0.7000,0.0000,0.2750,0.0250,1.0000,0.0000,36.0000,96.0000,9.1915,24.5106,3.9167,2.0000,2.0000,s07_C_varios,Varios enemigos tipo C vs 1 agente,4.9600,0.4000,oponente,25.0000,0.0000,bando_enemigo_eliminado,validation,20.0000,3.0000,3.0000,nulos,0.0000,1.0000,20269113.0000,3.0000,0.0000,0.1500,0.5000,uniforme,gaussiana,torneo,softmax_argmax,235.0000,234.0000,0.0000,3.9167,3.9167,7-10-6-6,0.2500,nulos,pesos_iniciales
0.0000,0.0000,0.7857,0.0000,0.1429,0.0714,1.0000,0.0000,52.0000,90.0000,38.5185,66.6667,1.3500,2.0000,2.0000,s08_mixto_1agente,Varios de todos los enemigos vs 1 agente,17.2240,0.4000,oponente,25.0000,0.0000,bando_enemigo_eliminado,validation,20.0000,6.0000,6.0000,nulos,0.0000,1.0000,20269244.0000,3.0000,0.0000,0.1500,0.5000,uniforme,gaussiana,torneo,softmax_argmax,81.0000,80.0000,0.0000,1.3500,1.3500,7-10-6-6,0.2500,nulos,pesos_iniciales
0.0000,0.0000,0.7237,0.0000,0.1754,0.1009,3.0000,0.0000,324.0000,269.0000,30.4861,15.9434,25.5833,2.0000,2.0000,s09_mixto_varios,Varios de todos los enemigos vs varios agentes,409.9920,0.4000,oponente,25.0000,3.0000,bando_enemigo_eliminado,validation,20.0000,6.0000,2.0000,nulos,0.0000,1.0000,20269375.0000,3.0000,0.5000,0.1500,0.5000,uniforme,gaussiana,torneo,softmax_argmax,1535.0000,353.0000,0.0000,10.6278,16.8722,7-10-6-6,0.2500,nulos,pesos_iniciales
0.0000,0.0000,0.6931,0.0000,0.0019,0.3050,3.0000,0.0000,96.0000,288.0000,6.6410,16.1495,17.8333,2.0000,2.0000,s10_humano_varios,Un jugador humano (bot) vs varios agentes,34.5580,0.4000,oponente,25.0000,0.0000,bando_enemigo_eliminado,validation,20.0000,1.0000,1.0000,nulos,0.0000,1.0000,20269506.0000,3.0000,0.0000,0.1500,0.5000,uniforme,gaussiana,torneo,softmax_argmax,1070.0000,1505.0000,0.0000,14.4556,17.8333,7-10-6-6,0.2500,nulos,pesos_iniciales
0.0000,0.0000,0.3448,0.0862,0.0862,0.4828,1.0000,1.0000,48.0000,0.0000,8.2759,0.0000,5.8000,2.0000,2.0000,s11_D_1v1,Un enemigo tipo D (sanador) vs 1 agente,89.3920,0.4000,agente,25.0000,0.0000,bando_jugador_eliminado,validation,20.0000,1.0000,0.0000,nulos,0.0000,1.0000,20269637.0000,3.0000,0.0000,0.1500,0.5000,uniforme,gaussiana,torneo,softmax_argmax,348.0000,0.0000,0.0000,5.8000,5.8000,7-10-6-6,0.2500,nulos,pesos_iniciales
0.0000,0.0000,0.7895,0.0000,0.1579,0.0526,1.0000,0.0000,72.0000,88.0000,38.9189,47.5676,1.8500,2.0000,2.0000,s12_escolta,Dos tipo A escoltados por un sanador vs 1 agente,38.7440,0.4000,oponente,25.0000,0.0000,bando_enemigo_eliminado,validation,20.0000,3.0000,3.0000,nulos,0.0000,1.0000,20269768.0000,3.0000,0.0000,0.1500,0.5000,uniforme,gaussiana,torneo,softmax_argmax,111.0000,110.0000,0.0000,1.8500,1.8500,7-10-6-6,0.2500,nulos,pesos_iniciales
0.0000,0.0000,0.7895,0.0000,0.1579,0.0526,1.0000,0.0000,72.0000,96.0000,38.9189,51.8919,1.8500,2.0000,2.0000,s13_mixto_sanador,"Uno de cada tipo, sanador incluido, vs 1 agente",36.7440,0.4000,oponente,25.0000,0.0000,bando_enemigo_eliminado,validation,20.0000,5.0000,5.0000,nulos,0.0000,1.0000,20269899.0000,3.0000,0.0000,0.1500,0.5000,uniforme,gaussiana,torneo,softmax_argmax,111.0000,110.0000,0.0000,1.8500,1.8500,7-10-6-6,0.2500,nulos,pesos_iniciales
0.0065,0.0000,0.3922,0.0980,0.1046,0.3987,1.0000,1.0000,72.0000,0.0000,4.7110,0.0000,15.2833,2.0000,2.0000,s01_A_1v1,Un enemigo tipo A vs 1 agente,115.6680,0.4000,agente,25.0000,0.0000,bando_jugador_eliminado,validation,20.0000,1.0000,0.0000,nulos,0.0000,2.0000,20276246.0000,3.0000,0.0000,0.1500,0.5000,uniforme,gaussiana,torneo,softmax_argmax,917.0000,0.0000,0.0000,15.2833,15.2833,7-10-6-6,0.2500,nulos,pesos_iniciales
0.0000,0.0000,0.5316,0.0000,0.0000,0.4684,1.0000,1.0000,72.0000,26.0000,9.2111,3.3262,7.8167,2.0000,2.0000,s02_B_1v1,Un enemigo tipo B vs 1 agente,167.3760,0.4000,agente,25.0000,1.0000,bando_jugador_eliminado,validation,20.0000,1.0000,0.0000,nulos,0.0000,2.0000,20276377.0000,3.0000,1.0000,0.1500,0.5000,uniforme,gaussiana,torneo,softmax_argmax,469.0000,0.0000,0.0000,7.8167,7.8167,7-10-6-6,0.2500,nulos,pesos_iniciales
0.0000,0.0000,0.3871,0.0806,0.1129,0.4194,1.0000,1.0000,48.0000,0.0000,7.7838,0.0000,6.1667,2.0000,2.0000,s03_C_1v1,Un enemigo tipo C vs 1 agente,89.4800,0.4000,agente,25.0000,0.0000,bando_jugador_eliminado,validation,20.0000,1.0000,0.0000,nulos,0.0000,2.0000,20276508.0000,3.0000,0.0000,0.1500,0.5000,uniforme,gaussiana,torneo,softmax_argmax,370.0000,0.0000,0.0000,6.1667,6.1667,7-10-6-6,0.2500,nulos,pesos_iniciales
0.0000,0.0000,0.8430,0.0000,0.0000,0.1570,1.0000,1.0000,144.0000,0.0000,11.9668,0.0000,12.0333,2.0000,2.0000,s04_humano_1v1,Un jugador humano (bot) vs 1 agente,246.8880,0.4000,agente,25.0000,1.0000,bando_jugador_eliminado,validation,20.0000,1.0000,0.0000,nulos,0.0000,2.0000,20276639.0000,3.0000,1.0000,0.1500,0.5000,uniforme,gaussiana,torneo,softmax_argmax,722.0000,0.0000,0.0000,12.0333,12.0333,7-10-6-6,0.2500,nulos,pesos_iniciales
0.0000,0.0000,0.7895,0.0000,0.1579,0.0526,1.0000,0.0000,72.0000,88.0000,38.9189,47.5676,1.8500,2.0000,2.0000,s05_A_varios,Varios enemigos tipo A vs 1 agente,38.7440,0.4000,oponente,25.0000,0.0000,bando_enemigo_eliminado,validation,20.0000,3.0000,3.0000,nulos,0.0000,2.0000,20276770.0000,3.0000,0.0000,0.1500,0.5000,uniforme,gaussiana,torneo,softmax_argmax,111.0000,110.0000,0.0000,1.8500,1.8500,7-10-6-6,0.2500,nulos,pesos_iniciales
0.0000,0.0000,0.6279,0.0000,0.0465,0.3256,1.0000,0.0000,156.0000,91.0000,9.1139,7.6257,17.1167,2.0000,2.0000,s06_B_varios,Varios enemigos tipo B vs 1 agente,261.8580,0.4000,oponente,25.0000,2.0000,bando_enemigo_eliminado,validation,20.0000,3.0000,1.0000,nulos,0.0000,2.0000,20276901.0000,3.0000,0.6667,0.1500,0.5000,uniforme,gaussiana,torneo,softmax_argmax,1027.0000,650.0000,0.0000,17.1167,11.9333,7-10-6-6,0.2500,nulos,pesos_iniciales
0.0000,0.0000,0.7000,0.0000,0.2750,0.0250,1.0000,0.0000,36.0000,96.0000,9.1915,24.5106,3.9167,2.0000,2.0000,s07_C_varios,Varios enemigos tipo C vs 1 agente,4.9600,0.4000,oponente,25.0000,0.0000,bando_enemigo_eliminado,validation,20.0000,3.0000,3.0000,nulos,0.0000,2.0000,20277032.0000,3.0000,0.0000,0.1500,0.5000,uniforme,gaussiana,torneo,softmax_argmax,235.0000,234.0000,0.0000,3.9167,3.9167,7-10-6-6,0.2500,nulos,pesos_iniciales
0.0000,0.0000,0.7857,0.0000,0.1429,0.0714,1.0000,0.0000,52.0000,90.0000,38.5185,66.6667,1.3500,2.0000,2.0000,s08_mixto_1agente,Varios de todos los enemigos vs 1 agente,17.2240,0.4000,oponente,25.0000,0.0000,bando_enemigo_eliminado,validation,20.0000,6.0000,6.0000,nulos,0.0000,2.0000,20277163.0000,3.0000,0.0000,0.1500,0.5000,uniforme,gaussiana,torneo,softmax_argmax,81.0000,80.0000,0.0000,1.3500,1.3500,7-10-6-6,0.2500,nulos,pesos_iniciales
0.0000,0.0000,0.7237,0.0000,0.1754,0.1009,3.0000,0.0000,324.0000,269.0000,30.4861,15.9434,25.5833,2.0000,2.0000,s09_mixto_varios,Varios de todos los enemigos vs varios agentes,409.9920,0.4000,oponente,25.0000,3.0000,bando_enemigo_eliminado,validation,20.0000,6.0000,2.0000,nulos,0.0000,2.0000,20277294.0000,3.0000,0.5000,0.1500,0.5000,uniforme,gaussiana,torneo,softmax_argmax,1535.0000,353.0000,0.0000,10.6278,16.8722,7-10-6-6,0.2500,nulos,pesos_iniciales
0.0000,0.0000,0.6931,0.0000,0.0019,0.3050,3.0000,0.0000,96.0000,288.0000,6.6410,16.1495,17.8333,2.0000,2.0000,s10_humano_varios,Un jugador humano (bot) vs varios agentes,34.5580,0.4000,oponente,25.0000,0.0000,bando_enemigo_eliminado,validation,20.0000,1.0000,1.0000,nulos,0.0000,2.0000,20277425.0000,3.0000,0.0000,0.1500,0.5000,uniforme,gaussiana,torneo,softmax_argmax,1070.0000,1505.0000,0.0000,14.4556,17.8333,7-10-6-6,0.2500,nulos,pesos_iniciales
0.0000,0.0000,0.3448,0.0862,0.0862,0.4828,1.0000,1.0000,48.0000,0.0000,8.2759,0.0000,5.8000,2.0000,2.0000,s11_D_1v1,Un enemigo tipo D (sanador) vs 1 agente,89.3920,0.4000,agente,25.0000,0.0000,bando_jugador_eliminado,validation,20.0000,1.0000,0.0000,nulos,0.0000,2.0000,20277556.0000,3.0000,0.0000,0.1500,0.5000,uniforme,gaussiana,torneo,softmax_argmax,348.0000,0.0000,0.0000,5.8000,5.8000,7-10-6-6,0.2500,nulos,pesos_iniciales
0.0000,0.0000,0.7895,0.0000,0.1579,0.0526,1.0000,0.0000,72.0000,88.0000,38.9189,47.5676,1.8500,2.0000,2.0000,s12_escolta,Dos tipo A escoltados por un sanador vs 1 agente,38.7440,0.4000,oponente,25.0000,0.0000,bando_enemigo_eliminado,validation,20.0000,3.0000,3.0000,nulos,0.0000,2.0000,20277687.0000,3.0000,0.0000,0.1500,0.5000,uniforme,gaussiana,torneo,softmax_argmax,111.0000,110.0000,0.0000,1.8500,1.8500,7-10-6-6,0.2500,nulos,pesos_iniciales
0.0000,0.0000,0.7895,0.0000,0.1579,0.0526,1.0000,0.0000,72.0000,96.0000,38.9189,51.8919,1.8500,2.0000,2.0000,s13_mixto_sanador,"Uno de cada tipo, sanador incluido, vs 1 agente",36.7440,0.4000,oponente,25.0000,0.0000,bando_enemigo_eliminado,validation,20.0000,5.0000,5.0000,nulos,0.0000,2.0000,20277818.0000,3.0000,0.0000,0.1500,0.5000,uniforme,gaussiana,torneo,softmax_argmax,111.0000,110.0000,0.0000,1.8500,1.8500,7-10-6-6,0.2500,nulos,pesos_iniciales
0.0065,0.0000,0.3922,0.0980,0.1046,0.3987,1.0000,1.0000,72.0000,0.0000,4.7110,0.0000,15.2833,2.0000,2.0000,s01_A_1v1,Un enemigo tipo A vs 1 agente,115.6680,0.4000,agente,25.0000,0.0000,bando_jugador_eliminado,validation,20.0000,1.0000,0.0000,nulos,0.0000,3.0000,20284165.0000,3.0000,0.0000,0.1500,0.5000,uniforme,gaussiana,torneo,softmax_argmax,917.0000,0.0000,0.0000,15.2833,15.2833,7-10-6-6,0.2500,nulos,pesos_iniciales
0.0000,0.0000,0.5316,0.0000,0.0000,0.4684,1.0000,1.0000,72.0000,26.0000,9.2111,3.3262,7.8167,2.0000,2.0000,s02_B_1v1,Un enemigo tipo B vs 1 agente,167.3760,0.4000,agente,25.0000,1.0000,bando_jugador_eliminado,validation,20.0000,1.0000,0.0000,nulos,0.0000,3.0000,20284296.0000,3.0000,1.0000,0.1500,0.5000,uniforme,gaussiana,torneo,softmax_argmax,469.0000,0.0000,0.0000,7.8167,7.8167,7-10-6-6,0.2500,nulos,pesos_iniciales
0.0000,0.0000,0.3871,0.0806,0.1129,0.4194,1.0000,1.0000,48.0000,0.0000,7.7838,0.0000,6.1667,2.0000,2.0000,s03_C_1v1,Un enemigo tipo C vs 1 agente,89.4800,0.4000,agente,25.0000,0.0000,bando_jugador_eliminado,validation,20.0000,1.0000,0.0000,nulos,0.0000,3.0000,20284427.0000,3.0000,0.0000,0.1500,0.5000,uniforme,gaussiana,torneo,softmax_argmax,370.0000,0.0000,0.0000,6.1667,6.1667,7-10-6-6,0.2500,nulos,pesos_iniciales
0.0000,0.0000,0.8430,0.0000,0.0000,0.1570,1.0000,1.0000,144.0000,0.0000,11.9668,0.0000,12.0333,2.0000,2.0000,s04_humano_1v1,Un jugador humano (bot) vs 1 agente,246.8880,0.4000,agente,25.0000,1.0000,bando_jugador_eliminado,validation,20.0000,1.0000,0.0000,nulos,0.0000,3.0000,20284558.0000,3.0000,1.0000,0.1500,0.5000,uniforme,gaussiana,torneo,softmax_argmax,722.0000,0.0000,0.0000,12.0333,12.0333,7-10-6-6,0.2500,nulos,pesos_iniciales
0.0000,0.0000,0.7895,0.0000,0.1579,0.0526,1.0000,0.0000,72.0000,88.0000,38.9189,47.5676,1.8500,2.0000,2.0000,s05_A_varios,Varios enemigos tipo A vs 1 agente,38.7440,0.4000,oponente,25.0000,0.0000,bando_enemigo_eliminado,validation,20.0000,3.0000,3.0000,nulos,0.0000,3.0000,20284689.0000,3.0000,0.0000,0.1500,0.5000,uniforme,gaussiana,torneo,softmax_argmax,111.0000,110.0000,0.0000,1.8500,1.8500,7-10-6-6,0.2500,nulos,pesos_iniciales
0.0000,0.0000,0.6279,0.0000,0.0465,0.3256,1.0000,0.0000,156.0000,91.0000,9.1139,7.6257,17.1167,2.0000,2.0000,s06_B_varios,Varios enemigos tipo B vs 1 agente,261.8580,0.4000,oponente,25.0000,2.0000,bando_enemigo_eliminado,validation,20.0000,3.0000,1.0000,nulos,0.0000,3.0000,20284820.0000,3.0000,0.6667,0.1500,0.5000,uniforme,gaussiana,torneo,softmax_argmax,1027.0000,650.0000,0.0000,17.1167,11.9333,7-10-6-6,0.2500,nulos,pesos_iniciales
0.0000,0.0000,0.7000,0.0000,0.2750,0.0250,1.0000,0.0000,36.0000,96.0000,9.1915,24.5106,3.9167,2.0000,2.0000,s07_C_varios,Varios enemigos tipo C vs 1 agente,4.9600,0.4000,oponente,25.0000,0.0000,bando_enemigo_eliminado,validation,20.0000,3.0000,3.0000,nulos,0.0000,3.0000,20284951.0000,3.0000,0.0000,0.1500,0.5000,uniforme,gaussiana,torneo,softmax_argmax,235.0000,234.0000,0.0000,3.9167,3.9167,7-10-6-6,0.2500,nulos,pesos_iniciales
0.0000,0.0000,0.7857,0.0000,0.1429,0.0714,1.0000,0.0000,52.0000,90.0000,38.5185,66.6667,1.3500,2.0000,2.0000,s08_mixto_1agente,Varios de todos los enemigos vs 1 agente,17.2240,0.4000,oponente,25.0000,0.0000,bando_enemigo_eliminado,validation,20.0000,6.0000,6.0000,nulos,0.0000,3.0000,20285082.0000,3.0000,0.0000,0.1500,0.5000,uniforme,gaussiana,torneo,softmax_argmax,81.0000,80.0000,0.0000,1.3500,1.3500,7-10-6-6,0.2500,nulos,pesos_iniciales
0.0000,0.0000,0.7237,0.0000,0.1754,0.1009,3.0000,0.0000,324.0000,269.0000,30.4861,15.9434,25.5833,2.0000,2.0000,s09_mixto_varios,Varios de todos los enemigos vs varios agentes,409.9920,0.4000,oponente,25.0000,3.0000,bando_enemigo_eliminado,validation,20.0000,6.0000,2.0000,nulos,0.0000,3.0000,20285213.0000,3.0000,0.5000,0.1500,0.5000,uniforme,gaussiana,torneo,softmax_argmax,1535.0000,353.0000,0.0000,10.6278,16.8722,7-10-6-6,0.2500,nulos,pesos_iniciales
0.0000,0.0000,0.6931,0.0000,0.0019,0.3050,3.0000,0.0000,96.0000,288.0000,6.6410,16.1495,17.8333,2.0000,2.0000,s10_humano_varios,Un jugador humano (bot) vs varios agentes,34.5580,0.4000,oponente,25.0000,0.0000,bando_enemigo_eliminado,validation,20.0000,1.0000,1.0000,nulos,0.0000,3.0000,20285344.0000,3.0000,0.0000,0.1500,0.5000,uniforme,gaussiana,torneo,softmax_argmax,1070.0000,1505.0000,0.0000,14.4556,17.8333,7-10-6-6,0.2500,nulos,pesos_iniciales
0.0000,0.0000,0.3448,0.0862,0.0862,0.4828,1.0000,1.0000,48.0000,0.0000,8.2759,0.0000,5.8000,2.0000,2.0000,s11_D_1v1,Un enemigo tipo D (sanador) vs 1 agente,89.3920,0.4000,agente,25.0000,0.0000,bando_jugador_eliminado,validation,20.0000,1.0000,0.0000,nulos,0.0000,3.0000,20285475.0000,3.0000,0.0000,0.1500,0.5000,uniforme,gaussiana,torneo,softmax_argmax,348.0000,0.0000,0.0000,5.8000,5.8000,7-10-6-6,0.2500,nulos,pesos_iniciales
0.0000,0.0000,0.7895,0.0000,0.1579,0.0526,1.0000,0.0000,72.0000,88.0000,38.9189,47.5676,1.8500,2.0000,2.0000,s12_escolta,Dos tipo A escoltados por un sanador vs 1 agente,38.7440,0.4000,oponente,25.0000,0.0000,bando_enemigo_eliminado,validation,20.0000,3.0000,3.0000,nulos,0.0000,3.0000,20285606.0000,3.0000,0.0000,0.1500,0.5000,uniforme,gaussiana,torneo,softmax_argmax,111.0000,110.0000,0.0000,1.8500,1.8500,7-10-6-6,0.2500,nulos,pesos_iniciales
0.0000,0.0000,0.7895,0.0000,0.1579,0.0526,1.0000,0.0000,72.0000,96.0000,38.9189,51.8919,1.8500,2.0000,2.0000,s13_mixto_sanador,"Uno de cada tipo, sanador incluido, vs 1 agente",36.7440,0.4000,oponente,25.0000,0.0000,bando_enemigo_eliminado,validation,20.0000,5.0000,5.0000,nulos,0.0000,3.0000,20285737.0000,3.0000,0.0000,0.1500,0.5000,uniforme,gaussiana,torneo,softmax_argmax,111.0000,110.0000,0.0000,1.8500,1.8500,7-10-6-6,0.2500,nulos,pesos_iniciales
0.0065,0.0000,0.3922,0.0980,0.1046,0.3987,1.0000,1.0000,72.0000,0.0000,4.7110,0.0000,15.2833,2.0000,2.0000,s01_A_1v1,Un enemigo tipo A vs 1 agente,115.6680,0.4000,agente,25.0000,0.0000,bando_jugador_eliminado,validation,20.0000,1.0000,0.0000,nulos,0.0000,4.0000,20292084.0000,3.0000,0.0000,0.1500,0.5000,uniforme,gaussiana,torneo,softmax_argmax,917.0000,0.0000,0.0000,15.2833,15.2833,7-10-6-6,0.2500,nulos,pesos_iniciales
0.0000,0.0000,0.5316,0.0000,0.0000,0.4684,1.0000,1.0000,72.0000,26.0000,9.2111,3.3262,7.8167,2.0000,2.0000,s02_B_1v1,Un enemigo tipo B vs 1 agente,167.3760,0.4000,agente,25.0000,1.0000,bando_jugador_eliminado,validation,20.0000,1.0000,0.0000,nulos,0.0000,4.0000,20292215.0000,3.0000,1.0000,0.1500,0.5000,uniforme,gaussiana,torneo,softmax_argmax,469.0000,0.0000,0.0000,7.8167,7.8167,7-10-6-6,0.2500,nulos,pesos_iniciales
0.0000,0.0000,0.3871,0.0806,0.1129,0.4194,1.0000,1.0000,48.0000,0.0000,7.7838,0.0000,6.1667,2.0000,2.0000,s03_C_1v1,Un enemigo tipo C vs 1 agente,89.4800,0.4000,agente,25.0000,0.0000,bando_jugador_eliminado,validation,20.0000,1.0000,0.0000,nulos,0.0000,4.0000,20292346.0000,3.0000,0.0000,0.1500,0.5000,uniforme,gaussiana,torneo,softmax_argmax,370.0000,0.0000,0.0000,6.1667,6.1667,7-10-6-6,0.2500,nulos,pesos_iniciales
0.0000,0.0000,0.8430,0.0000,0.0000,0.1570,1.0000,1.0000,144.0000,0.0000,11.9668,0.0000,12.0333,2.0000,2.0000,s04_humano_1v1,Un jugador humano (bot) vs 1 agente,246.8880,0.4000,agente,25.0000,1.0000,bando_jugador_eliminado,validation,20.0000,1.0000,0.0000,nulos,0.0000,4.0000,20292477.0000,3.0000,1.0000,0.1500,0.5000,uniforme,gaussiana,torneo,softmax_argmax,722.0000,0.0000,0.0000,12.0333,12.0333,7-10-6-6,0.2500,nulos,pesos_iniciales
0.0000,0.0000,0.7895,0.0000,0.1579,0.0526,1.0000,0.0000,72.0000,88.0000,38.9189,47.5676,1.8500,2.0000,2.0000,s05_A_varios,Varios enemigos tipo A vs 1 agente,38.7440,0.4000,oponente,25.0000,0.0000,bando_enemigo_eliminado,validation,20.0000,3.0000,3.0000,nulos,0.0000,4.0000,20292608.0000,3.0000,0.0000,0.1500,0.5000,uniforme,gaussiana,torneo,softmax_argmax,111.0000,110.0000,0.0000,1.8500,1.8500,7-10-6-6,0.2500,nulos,pesos_iniciales
0.0000,0.0000,0.6279,0.0000,0.0465,0.3256,1.0000,0.0000,156.0000,91.0000,9.1139,7.6257,17.1167,2.0000,2.0000,s06_B_varios,Varios enemigos tipo B vs 1 agente,261.8580,0.4000,oponente,25.0000,2.0000,bando_enemigo_eliminado,validation,20.0000,3.0000,1.0000,nulos,0.0000,4.0000,20292739.0000,3.0000,0.6667,0.1500,0.5000,uniforme,gaussiana,torneo,softmax_argmax,1027.0000,650.0000,0.0000,17.1167,11.9333,7-10-6-6,0.2500,nulos,pesos_iniciales
0.0000,0.0000,0.7000,0.0000,0.2750,0.0250,1.0000,0.0000,36.0000,96.0000,9.1915,24.5106,3.9167,2.0000,2.0000,s07_C_varios,Varios enemigos tipo C vs 1 agente,4.9600,0.4000,oponente,25.0000,0.0000,bando_enemigo_eliminado,validation,20.0000,3.0000,3.0000,nulos,0.0000,4.0000,20292870.0000,3.0000,0.0000,0.1500,0.5000,uniforme,gaussiana,torneo,softmax_argmax,235.0000,234.0000,0.0000,3.9167,3.9167,7-10-6-6,0.2500,nulos,pesos_iniciales
0.0000,0.0000,0.7857,0.0000,0.1429,0.0714,1.0000,0.0000,52.0000,90.0000,38.5185,66.6667,1.3500,2.0000,2.0000,s08_mixto_1agente,Varios de todos los enemigos vs 1 agente,17.2240,0.4000,oponente,25.0000,0.0000,bando_enemigo_eliminado,validation,20.0000,6.0000,6.0000,nulos,0.0000,4.0000,20293001.0000,3.0000,0.0000,0.1500,0.5000,uniforme,gaussiana,torneo,softmax_argmax,81.0000,80.0000,0.0000,1.3500,1.3500,7-10-6-6,0.2500,nulos,pesos_iniciales
0.0000,0.0000,0.7237,0.0000,0.1754,0.1009,3.0000,0.0000,324.0000,269.0000,30.4861,15.9434,25.5833,2.0000,2.0000,s09_mixto_varios,Varios de todos los enemigos vs varios agentes,409.9920,0.4000,oponente,25.0000,3.0000,bando_enemigo_eliminado,validation,20.0000,6.0000,2.0000,nulos,0.0000,4.0000,20293132.0000,3.0000,0.5000,0.1500,0.5000,uniforme,gaussiana,torneo,softmax_argmax,1535.0000,353.0000,0.0000,10.6278,16.8722,7-10-6-6,0.2500,nulos,pesos_iniciales
0.0000,0.0000,0.6931,0.0000,0.0019,0.3050,3.0000,0.0000,96.0000,288.0000,6.6410,16.1495,17.8333,2.0000,2.0000,s10_humano_varios,Un jugador humano (bot) vs varios agentes,34.5580,0.4000,oponente,25.0000,0.0000,bando_enemigo_eliminado,validation,20.0000,1.0000,1.0000,nulos,0.0000,4.0000,20293263.0000,3.0000,0.0000,0.1500,0.5000,uniforme,gaussiana,torneo,softmax_argmax,1070.0000,1505.0000,0.0000,14.4556,17.8333,7-10-6-6,0.2500,nulos,pesos_iniciales
0.0000,0.0000,0.3448,0.0862,0.0862,0.4828,1.0000,1.0000,48.0000,0.0000,8.2759,0.0000,5.8000,2.0000,2.0000,s11_D_1v1,Un enemigo tipo D (sanador) vs 1 agente,89.3920,0.4000,agente,25.0000,0.0000,bando_jugador_eliminado,validation,20.0000,1.0000,0.0000,nulos,0.0000,4.0000,20293394.0000,3.0000,0.0000,0.1500,0.5000,uniforme,gaussiana,torneo,softmax_argmax,348.0000,0.0000,0.0000,5.8000,5.8000,7-10-6-6,0.2500,nulos,pesos_iniciales
0.0000,0.0000,0.7895,0.0000,0.1579,0.0526,1.0000,0.0000,72.0000,88.0000,38.9189,47.5676,1.8500,2.0000,2.0000,s12_escolta,Dos tipo A escoltados por un sanador vs 1 agente,38.7440,0.4000,oponente,25.0000,0.0000,bando_enemigo_eliminado,validation,20.0000,3.0000,3.0000,nulos,0.0000,4.0000,20293525.0000,3.0000,0.0000,0.1500,0.5000,uniforme,gaussiana,torneo,softmax_argmax,111.0000,110.0000,0.0000,1.8500,1.8500,7-10-6-6,0.2500,nulos,pesos_iniciales
0.0000,0.0000,0.7895,0.0000,0.1579,0.0526,1.0000,0.0000,72.0000,96.0000,38.9189,51.8919,1.8500,2.0000,2.0000,s13_mixto_sanador,"Uno de cada tipo, sanador incluido, vs 1 agente",36.7440,0.4000,oponente,25.0000,0.0000,bando_enemigo_eliminado,validation,20.0000,5.0000,5.0000,nulos,0.0000,4.0000,20293656.0000,3.0000,0.0000,0.1500,0.5000,uniforme,gaussiana,torneo,softmax_argmax,111.0000,110.0000,0.0000,1.8500,1.8500,7-10-6-6,0.2500,nulos,pesos_iniciales
0.0492,0.0000,0.3115,0.1148,0.0820,0.4426,1.0000,1.0000,92.0000,22.0000,15.0820,3.6066,6.1000,2.0000,2.0000,s01_A_1v1,Un enemigo tipo A vs 1 agente,193.2740,0.4000,agente,25.0000,1.0000,bando_jugador_eliminado,validation,20.0000,1.0000,0.0000,aleatorio,0.0000,0.0000,20260408.0000,3.0000,1.0000,0.1500,0.2500,uniforme,gaussiana,torneo,softmax_argmax,366.0000,177.0000,0.0000,6.1000,6.1000,7-10-6-6,0.2500,0.25,tasa_seleccion
0.0000,0.0000,0.6750,0.0000,0.0000,0.3250,1.0000,1.0000,72.0000,78.0000,6.0420,6.5455,11.9167,2.0000,2.0000,s02_B_1v1,Un enemigo tipo B vs 1 agente,155.3600,0.4000,agente,25.0000,1.0000,bando_jugador_eliminado,validation,20.0000,1.0000,0.0000,aleatorio,0.0000,0.0000,20260539.0000,3.0000,1.0000,0.1500,0.2500,uniforme,gaussiana,torneo,softmax_argmax,715.0000,0.0000,0.0000,11.9167,11.9167,7-10-6-6,0.2500,0.25,tasa_seleccion
0.0000,0.0000,0.3247,0.0390,0.1169,0.5195,1.0000,0.0000,92.0000,88.0000,12.0000,11.4783,7.6667,2.0000,2.0000,s03_C_1v1,Un enemigo tipo C vs 1 agente,63.9200,0.4000,oponente,25.0000,0.0000,bando_enemigo_eliminado,validation,20.0000,1.0000,1.0000,aleatorio,0.0000,0.0000,20260670.0000,3.0000,0.0000,0.1500,0.2500,uniforme,gaussiana,torneo,softmax_argmax,460.0000,236.0000,0.0000,7.6667,7.6667,7-10-6-6,0.2500,0.25,tasa_seleccion
0.0000,0.0000,0.6601,0.0588,0.0458,0.2353,1.0000,0.0000,84.0000,96.0000,5.5082,6.2951,15.2500,2.0000,2.0000,s04_humano_1v1,Un jugador humano (bot) vs 1 agente,55.8600,0.4000,oponente,25.0000,0.0000,bando_enemigo_eliminado,validation,20.0000,1.0000,1.0000,aleatorio,0.0000,0.0000,20260801.0000,3.0000,0.0000,0.1500,0.2500,uniforme,gaussiana,torneo,softmax_argmax,915.0000,240.0000,0.0000,15.2500,15.2500,7-10-6-6,0.2500,0.25,tasa_seleccion
0.0000,0.0000,0.1351,0.2973,0.4595,0.1081,1.0000,0.0000,116.0000,88.0000,31.3514,23.7838,3.7000,2.0000,2.0000,s05_A_varios,Varios enemigos tipo A vs 1 agente,86.5180,0.4000,oponente,25.0000,0.0000,bando_enemigo_eliminado,validation,20.0000,3.0000,3.0000,aleatorio,0.0000,0.0000,20260932.0000,3.0000,0.0000,0.1500,0.2500,uniforme,gaussiana,torneo,softmax_argmax,222.0000,221.0000,0.0000,3.7000,3.7000,7-10-6-6,0.2500,0.25,tasa_seleccion
0.0000,0.0000,0.2527,0.1648,0.3407,0.2418,1.0000,0.0000,93.6000,91.0000,10.2857,10.8982,9.1000,2.0000,2.0000,s06_B_varios,Varios enemigos tipo B vs 1 agente,130.7840,0.4000,oponente,25.0000,1.0000,bando_enemigo_eliminado,validation,20.0000,3.0000,2.0000,aleatorio,0.0000,0.0000,20261063.0000,3.0000,0.3333,0.1500,0.2500,uniforme,gaussiana,torneo,softmax_argmax,546.0000,425.0000,0.0000,9.1000,8.3500,7-10-6-6,0.2500,0.25,tasa_seleccion
0.1556,0.0000,0.1444,0.0778,0.1222,0.5000,1.0000,0.0000,104.0000,88.0000,11.5770,10.7828,8.9833,2.0000,2.0000,s07_C_varios,Varios enemigos tipo C vs 1 agente,143.0160,0.4000,oponente,25.0000,1.0000,bando_enemigo_eliminado,validation,20.0000,3.0000,2.0000,aleatorio,0.0000,0.0000,20261194.0000,3.0000,0.3333,0.1500,0.2500,uniforme,gaussiana,torneo,softmax_argmax,539.0000,462.0000,0.0000,8.9833,8.1611,7-10-6-6,0.2500,0.25,tasa_seleccion
0.0000,0.0000,0.1250,0.3750,0.4375,0.0625,1.0000,0.0000,52.0000,90.0000,32.5000,56.2500,1.6000,2.0000,2.0000,s08_mixto_1agente,Varios de todos los enemigos vs 1 agente,17.7340,0.4000,oponente,25.0000,0.0000,bando_enemigo_eliminado,validation,20.0000,6.0000,6.0000,aleatorio,0.0000,0.0000,20261325.0000,3.0000,0.0000,0.1500,0.2500,uniforme,gaussiana,torneo,softmax_argmax,96.0000,95.0000,0.0000,1.6000,1.6000,7-10-6-6,0.2500,0.25,tasa_seleccion
0.1436,0.0000,0.3619,0.0866,0.0895,0.3184,3.0000,0.0000,200.0000,262.0000,29.7030,32.6028,8.8167,2.0000,2.0000,s09_mixto_varios,Varios de todos los enemigos vs varios agentes,178.9780,0.4000,oponente,25.0000,1.0000,bando_enemigo_eliminado,validation,20.0000,6.0000,5.0000,aleatorio,0.0000,0.0000,20261456.0000,3.0000,0.1667,0.1500,0.2500,uniforme,gaussiana,torneo,softmax_argmax,529.0000,821.0000,0.0000,6.7333,8.0361,7-10-6-6,0.2500,0.25,tasa_seleccion
0.0046,0.0011,0.5483,0.0462,0.1379,0.2620,3.0000,1.0000,132.0000,272.0000,4.8156,8.2341,33.0333,2.0000,2.0000,s10_humano_varios,Un jugador humano (bot) vs varios agentes,223.5660,0.4000,agente,25.0000,0.0000,bando_jugador_eliminado,validation,20.0000,1.0000,0.0000,aleatorio,0.0000,0.0000,20261587.0000,3.0000,0.0000,0.1500,0.2500,uniforme,gaussiana,torneo,softmax_argmax,1982.0000,1661.0000,0.0000,27.4111,33.0333,7-10-6-6,0.2500,0.25,tasa_seleccion
0.0000,0.0000,0.4868,0.0263,0.0263,0.4605,1.0000,1.0000,84.0000,32.0000,11.1258,4.2384,7.5500,2.0000,2.0000,s11_D_1v1,Un enemigo tipo D (sanador) vs 1 agente,124.3220,0.4000,agente,25.0000,0.0000,bando_jugador_eliminado,validation,20.0000,1.0000,0.0000,aleatorio,0.0000,0.0000,20261718.0000,3.0000,0.0000,0.1500,0.2500,uniforme,gaussiana,torneo,softmax_argmax,453.0000,217.0000,0.0000,7.5500,7.5500,7-10-6-6,0.2500,0.25,tasa_seleccion
0.0336,0.0000,0.1409,0.1007,0.0671,0.6577,1.0000,0.0000,108.0000,60.0000,7.2727,5.4934,14.8500,2.0000,2.0000,s12_escolta,Dos tipo A escoltados por un sanador vs 1 agente,168.6140,0.4000,oponente,25.0000,1.0000,bando_enemigo_eliminado,validation,20.0000,3.0000,2.0000,aleatorio,1.0000,0.0000,20261849.0000,3.0000,0.3333,0.1500,0.2500,uniforme,gaussiana,torneo,softmax_argmax,891.0000,635.0000,0.0000,14.8500,10.9222,7-10-6-6,0.2500,0.25,tasa_seleccion
0.0806,0.0000,0.1129,0.1613,0.1129,0.5323,1.0000,0.0000,120.0000,60.0000,19.4595,10.5079,6.1667,2.0000,2.0000,s13_mixto_sanador,"Uno de cada tipo, sanador incluido, vs 1 agente",160.7500,0.4000,oponente,25.0000,1.0000,bando_enemigo_eliminado,validation,20.0000,5.0000,4.0000,aleatorio,0.0000,0.0000,20261980.0000,3.0000,0.2000,0.1500,0.2500,uniforme,gaussiana,torneo,softmax_argmax,370.0000,309.0000,0.0000,6.1667,5.7100,7-10-6-6,0.2500,0.25,tasa_seleccion
0.0492,0.0000,0.3115,0.1148,0.0820,0.4426,1.0000,1.0000,92.0000,22.0000,15.0820,3.6066,6.1000,2.0000,2.0000,s01_A_1v1,Un enemigo tipo A vs 1 agente,193.2740,0.4000,agente,25.0000,1.0000,bando_jugador_eliminado,validation,20.0000,1.0000,0.0000,aleatorio,0.0000,1.0000,20268327.0000,3.0000,1.0000,0.1500,0.2500,uniforme,gaussiana,torneo,softmax_argmax,366.0000,177.0000,0.0000,6.1000,6.1000,7-10-6-6,0.2500,0.25,tasa_seleccion
0.0000,0.0000,0.6750,0.0000,0.0000,0.3250,1.0000,1.0000,72.0000,78.0000,6.0420,6.5455,11.9167,2.0000,2.0000,s02_B_1v1,Un enemigo tipo B vs 1 agente,155.3600,0.4000,agente,25.0000,1.0000,bando_jugador_eliminado,validation,20.0000,1.0000,0.0000,aleatorio,0.0000,1.0000,20268458.0000,3.0000,1.0000,0.1500,0.2500,uniforme,gaussiana,torneo,softmax_argmax,715.0000,0.0000,0.0000,11.9167,11.9167,7-10-6-6,0.2500,0.25,tasa_seleccion
0.0000,0.0000,0.3247,0.0390,0.1169,0.5195,1.0000,0.0000,92.0000,88.0000,12.0000,11.4783,7.6667,2.0000,2.0000,s03_C_1v1,Un enemigo tipo C vs 1 agente,63.9200,0.4000,oponente,25.0000,0.0000,bando_enemigo_eliminado,validation,20.0000,1.0000,1.0000,aleatorio,0.0000,1.0000,20268589.0000,3.0000,0.0000,0.1500,0.2500,uniforme,gaussiana,torneo,softmax_argmax,460.0000,236.0000,0.0000,7.6667,7.6667,7-10-6-6,0.2500,0.25,tasa_seleccion
0.0000,0.0000,0.6601,0.0588,0.0458,0.2353,1.0000,0.0000,84.0000,96.0000,5.5082,6.2951,15.2500,2.0000,2.0000,s04_humano_1v1,Un jugador humano (bot) vs 1 agente,55.8600,0.4000,oponente,25.0000,0.0000,bando_enemigo_eliminado,validation,20.0000,1.0000,1.0000,aleatorio,0.0000,1.0000,20268720.0000,3.0000,0.0000,0.1500,0.2500,uniforme,gaussiana,torneo,softmax_argmax,915.0000,240.0000,0.0000,15.2500,15.2500,7-10-6-6,0.2500,0.25,tasa_seleccion
0.0000,0.0000,0.1351,0.2973,0.4595,0.1081,1.0000,0.0000,116.0000,88.0000,31.3514,23.7838,3.7000,2.0000,2.0000,s05_A_varios,Varios enemigos tipo A vs 1 agente,86.5180,0.4000,oponente,25.0000,0.0000,bando_enemigo_eliminado,validation,20.0000,3.0000,3.0000,aleatorio,0.0000,1.0000,20268851.0000,3.0000,0.0000,0.1500,0.2500,uniforme,gaussiana,torneo,softmax_argmax,222.0000,221.0000,0.0000,3.7000,3.7000,7-10-6-6,0.2500,0.25,tasa_seleccion
0.0000,0.0000,0.2527,0.1648,0.3407,0.2418,1.0000,0.0000,93.6000,91.0000,10.2857,10.8982,9.1000,2.0000,2.0000,s06_B_varios,Varios enemigos tipo B vs 1 agente,130.7840,0.4000,oponente,25.0000,1.0000,bando_enemigo_eliminado,validation,20.0000,3.0000,2.0000,aleatorio,0.0000,1.0000,20268982.0000,3.0000,0.3333,0.1500,0.2500,uniforme,gaussiana,torneo,softmax_argmax,546.0000,425.0000,0.0000,9.1000,8.3500,7-10-6-6,0.2500,0.25,tasa_seleccion
0.1556,0.0000,0.1444,0.0778,0.1222,0.5000,1.0000,0.0000,104.0000,88.0000,11.5770,10.7828,8.9833,2.0000,2.0000,s07_C_varios,Varios enemigos tipo C vs 1 agente,143.0160,0.4000,oponente,25.0000,1.0000,bando_enemigo_eliminado,validation,20.0000,3.0000,2.0000,aleatorio,0.0000,1.0000,20269113.0000,3.0000,0.3333,0.1500,0.2500,uniforme,gaussiana,torneo,softmax_argmax,539.0000,462.0000,0.0000,8.9833,8.1611,7-10-6-6,0.2500,0.25,tasa_seleccion
0.0000,0.0000,0.1250,0.3750,0.4375,0.0625,1.0000,0.0000,52.0000,90.0000,32.5000,56.2500,1.6000,2.0000,2.0000,s08_mixto_1agente,Varios de todos los enemigos vs 1 agente,17.7340,0.4000,oponente,25.0000,0.0000,bando_enemigo_eliminado,validation,20.0000,6.0000,6.0000,aleatorio,0.0000,1.0000,20269244.0000,3.0000,0.0000,0.1500,0.2500,uniforme,gaussiana,torneo,softmax_argmax,96.0000,95.0000,0.0000,1.6000,1.6000,7-10-6-6,0.2500,0.25,tasa_seleccion
0.1436,0.0000,0.3619,0.0866,0.0895,0.3184,3.0000,0.0000,200.0000,262.0000,29.7030,32.6028,8.8167,2.0000,2.0000,s09_mixto_varios,Varios de todos los enemigos vs varios agentes,178.9780,0.4000,oponente,25.0000,1.0000,bando_enemigo_eliminado,validation,20.0000,6.0000,5.0000,aleatorio,0.0000,1.0000,20269375.0000,3.0000,0.1667,0.1500,0.2500,uniforme,gaussiana,torneo,softmax_argmax,529.0000,821.0000,0.0000,6.7333,8.0361,7-10-6-6,0.2500,0.25,tasa_seleccion
0.0046,0.0011,0.5483,0.0462,0.1379,0.2620,3.0000,1.0000,132.0000,272.0000,4.8156,8.2341,33.0333,2.0000,2.0000,s10_humano_varios,Un jugador humano (bot) vs varios agentes,223.5660,0.4000,agente,25.0000,0.0000,bando_jugador_eliminado,validation,20.0000,1.0000,0.0000,aleatorio,0.0000,1.0000,20269506.0000,3.0000,0.0000,0.1500,0.2500,uniforme,gaussiana,torneo,softmax_argmax,1982.0000,1661.0000,0.0000,27.4111,33.0333,7-10-6-6,0.2500,0.25,tasa_seleccion
0.0000,0.0000,0.4868,0.0263,0.0263,0.4605,1.0000,1.0000,84.0000,32.0000,11.1258,4.2384,7.5500,2.0000,2.0000,s11_D_1v1,Un enemigo tipo D (sanador) vs 1 agente,124.3220,0.4000,agente,25.0000,0.0000,bando_jugador_eliminado,validation,20.0000,1.0000,0.0000,aleatorio,0.0000,1.0000,20269637.0000,3.0000,0.0000,0.1500,0.2500,uniforme,gaussiana,torneo,softmax_argmax,453.0000,217.0000,0.0000,7.5500,7.5500,7-10-6-6,0.2500,0.25,tasa_seleccion
0.0336,0.0000,0.1409,0.1007,0.0671,0.6577,1.0000,0.0000,108.0000,60.0000,7.2727,5.4934,14.8500,2.0000,2.0000,s12_escolta,Dos tipo A escoltados por un sanador vs 1 agente,168.6140,0.4000,oponente,25.0000,1.0000,bando_enemigo_eliminado,validation,20.0000,3.0000,2.0000,aleatorio,1.0000,1.0000,20269768.0000,3.0000,0.3333,0.1500,0.2500,uniforme,gaussiana,torneo,softmax_argmax,891.0000,635.0000,0.0000,14.8500,10.9222,7-10-6-6,0.2500,0.25,tasa_seleccion
0.0806,0.0000,0.1129,0.1613,0.1129,0.5323,1.0000,0.0000,120.0000,60.0000,19.4595,10.5079,6.1667,2.0000,2.0000,s13_mixto_sanador,"Uno de cada tipo, sanador incluido, vs 1 agente",160.7500,0.4000,oponente,25.0000,1.0000,bando_enemigo_eliminado,validation,20.0000,5.0000,4.0000,aleatorio,0.0000,1.0000,20269899.0000,3.0000,0.2000,0.1500,0.2500,uniforme,gaussiana,torneo,softmax_argmax,370.0000,309.0000,0.0000,6.1667,5.7100,7-10-6-6,0.2500,0.25,tasa_seleccion
0.0492,0.0000,0.3115,0.1148,0.0820,0.4426,1.0000,1.0000,92.0000,22.0000,15.0820,3.6066,6.1000,2.0000,2.0000,s01_A_1v1,Un enemigo tipo A vs 1 agente,193.2740,0.4000,agente,25.0000,1.0000,bando_jugador_eliminado,validation,20.0000,1.0000,0.0000,aleatorio,0.0000,2.0000,20276246.0000,3.0000,1.0000,0.1500,0.2500,uniforme,gaussiana,torneo,softmax_argmax,366.0000,177.0000,0.0000,6.1000,6.1000,7-10-6-6,0.2500,0.25,tasa_seleccion
0.0000,0.0000,0.6750,0.0000,0.0000,0.3250,1.0000,1.0000,72.0000,78.0000,6.0420,6.5455,11.9167,2.0000,2.0000,s02_B_1v1,Un enemigo tipo B vs 1 agente,155.3600,0.4000,agente,25.0000,1.0000,bando_jugador_eliminado,validation,20.0000,1.0000,0.0000,aleatorio,0.0000,2.0000,20276377.0000,3.0000,1.0000,0.1500,0.2500,uniforme,gaussiana,torneo,softmax_argmax,715.0000,0.0000,0.0000,11.9167,11.9167,7-10-6-6,0.2500,0.25,tasa_seleccion
0.0000,0.0000,0.3247,0.0390,0.1169,0.5195,1.0000,0.0000,92.0000,88.0000,12.0000,11.4783,7.6667,2.0000,2.0000,s03_C_1v1,Un enemigo tipo C vs 1 agente,63.9200,0.4000,oponente,25.0000,0.0000,bando_enemigo_eliminado,validation,20.0000,1.0000,1.0000,aleatorio,0.0000,2.0000,20276508.0000,3.0000,0.0000,0.1500,0.2500,uniforme,gaussiana,torneo,softmax_argmax,460.0000,236.0000,0.0000,7.6667,7.6667,7-10-6-6,0.2500,0.25,tasa_seleccion
0.0000,0.0000,0.6601,0.0588,0.0458,0.2353,1.0000,0.0000,84.0000,96.0000,5.5082,6.2951,15.2500,2.0000,2.0000,s04_humano_1v1,Un jugador humano (bot) vs 1 agente,55.8600,0.4000,oponente,25.0000,0.0000,bando_enemigo_eliminado,validation,20.0000,1.0000,1.0000,aleatorio,0.0000,2.0000,20276639.0000,3.0000,0.0000,0.1500,0.2500,uniforme,gaussiana,torneo,softmax_argmax,915.0000,240.0000,0.0000,15.2500,15.2500,7-10-6-6,0.2500,0.25,tasa_seleccion
0.0000,0.0000,0.1351,0.2973,0.4595,0.1081,1.0000,0.0000,116.0000,88.0000,31.3514,23.7838,3.7000,2.0000,2.0000,s05_A_varios,Varios enemigos tipo A vs 1 agente,86.5180,0.4000,oponente,25.0000,0.0000,bando_enemigo_eliminado,validation,20.0000,3.0000,3.0000,aleatorio,0.0000,2.0000,20276770.0000,3.0000,0.0000,0.1500,0.2500,uniforme,gaussiana,torneo,softmax_argmax,222.0000,221.0000,0.0000,3.7000,3.7000,7-10-6-6,0.2500,0.25,tasa_seleccion
0.0000,0.0000,0.2527,0.1648,0.3407,0.2418,1.0000,0.0000,93.6000,91.0000,10.2857,10.8982,9.1000,2.0000,2.0000,s06_B_varios,Varios enemigos tipo B vs 1 agente,130.7840,0.4000,oponente,25.0000,1.0000,bando_enemigo_eliminado,validation,20.0000,3.0000,2.0000,aleatorio,0.0000,2.0000,20276901.0000,3.0000,0.3333,0.1500,0.2500,uniforme,gaussiana,torneo,softmax_argmax,546.0000,425.0000,0.0000,9.1000,8.3500,7-10-6-6,0.2500,0.25,tasa_seleccion
0.1556,0.0000,0.1444,0.0778,0.1222,0.5000,1.0000,0.0000,104.0000,88.0000,11.5770,10.7828,8.9833,2.0000,2.0000,s07_C_varios,Varios enemigos tipo C vs 1 agente,143.0160,0.4000,oponente,25.0000,1.0000,bando_enemigo_eliminado,validation,20.0000,3.0000,2.0000,aleatorio,0.0000,2.0000,20277032.0000,3.0000,0.3333,0.1500,0.2500,uniforme,gaussiana,torneo,softmax_argmax,539.0000,462.0000,0.0000,8.9833,8.1611,7-10-6-6,0.2500,0.25,tasa_seleccion
0.0000,0.0000,0.1250,0.3750,0.4375,0.0625,1.0000,0.0000,52.0000,90.0000,32.5000,56.2500,1.6000,2.0000,2.0000,s08_mixto_1agente,Varios de todos los enemigos vs 1 agente,17.7340,0.4000,oponente,25.0000,0.0000,bando_enemigo_eliminado,validation,20.0000,6.0000,6.0000,aleatorio,0.0000,2.0000,20277163.0000,3.0000,0.0000,0.1500,0.2500,uniforme,gaussiana,torneo,softmax_argmax,96.0000,95.0000,0.0000,1.6000,1.6000,7-10-6-6,0.2500,0.25,tasa_seleccion
0.1436,0.0000,0.3619,0.0866,0.0895,0.3184,3.0000,0.0000,200.0000,262.0000,29.7030,32.6028,8.8167,2.0000,2.0000,s09_mixto_varios,Varios de todos los enemigos vs varios agentes,178.9780,0.4000,oponente,25.0000,1.0000,bando_enemigo_eliminado,validation,20.0000,6.0000,5.0000,aleatorio,0.0000,2.0000,20277294.0000,3.0000,0.1667,0.1500,0.2500,uniforme,gaussiana,torneo,softmax_argmax,529.0000,821.0000,0.0000,6.7333,8.0361,7-10-6-6,0.2500,0.25,tasa_seleccion
0.0046,0.0011,0.5483,0.0462,0.1379,0.2620,3.0000,1.0000,132.0000,272.0000,4.8156,8.2341,33.0333,2.0000,2.0000,s10_humano_varios,Un jugador humano (bot) vs varios agentes,223.5660,0.4000,agente,25.0000,0.0000,bando_jugador_eliminado,validation,20.0000,1.0000,0.0000,aleatorio,0.0000,2.0000,20277425.0000,3.0000,0.0000,0.1500,0.2500,uniforme,gaussiana,torneo,softmax_argmax,1982.0000,1661.0000,0.0000,27.4111,33.0333,7-10-6-6,0.2500,0.25,tasa_seleccion
0.0000,0.0000,0.4868,0.0263,0.0263,0.4605,1.0000,1.0000,84.0000,32.0000,11.1258,4.2384,7.5500,2.0000,2.0000,s11_D_1v1,Un enemigo tipo D (sanador) vs 1 agente,124.3220,0.4000,agente,25.0000,0.0000,bando_jugador_eliminado,validation,20.0000,1.0000,0.0000,aleatorio,0.0000,2.0000,20277556.0000,3.0000,0.0000,0.1500,0.2500,uniforme,gaussiana,torneo,softmax_argmax,453.0000,217.0000,0.0000,7.5500,7.5500,7-10-6-6,0.2500,0.25,tasa_seleccion
0.0336,0.0000,0.1409,0.1007,0.0671,0.6577,1.0000,0.0000,108.0000,60.0000,7.2727,5.4934,14.8500,2.0000,2.0000,s12_escolta,Dos tipo A escoltados por un sanador vs 1 agente,168.6140,0.4000,oponente,25.0000,1.0000,bando_enemigo_eliminado,validation,20.0000,3.0000,2.0000,aleatorio,1.0000,2.0000,20277687.0000,3.0000,0.3333,0.1500,0.2500,uniforme,gaussiana,torneo,softmax_argmax,891.0000,635.0000,0.0000,14.8500,10.9222,7-10-6-6,0.2500,0.25,tasa_seleccion
0.0806,0.0000,0.1129,0.1613,0.1129,0.5323,1.0000,0.0000,120.0000,60.0000,19.4595,10.5079,6.1667,2.0000,2.0000,s13_mixto_sanador,"Uno de cada tipo, sanador incluido, vs 1 agente",160.7500,0.4000,oponente,25.0000,1.0000,bando_enemigo_eliminado,validation,20.0000,5.0000,4.0000,aleatorio,0.0000,2.0000,20277818.0000,3.0000,0.2000,0.1500,0.2500,uniforme,gaussiana,torneo,softmax_argmax,370.0000,309.0000,0.0000,6.1667,5.7100,7-10-6-6,0.2500,0.25,tasa_seleccion
0.0492,0.0000,0.3115,0.1148,0.0820,0.4426,1.0000,1.0000,92.0000,22.0000,15.0820,3.6066,6.1000,2.0000,2.0000,s01_A_1v1,Un enemigo tipo A vs 1 agente,193.2740,0.4000,agente,25.0000,1.0000,bando_jugador_eliminado,validation,20.0000,1.0000,0.0000,aleatorio,0.0000,3.0000,20284165.0000,3.0000,1.0000,0.1500,0.2500,uniforme,gaussiana,torneo,softmax_argmax,366.0000,177.0000,0.0000,6.1000,6.1000,7-10-6-6,0.2500,0.25,tasa_seleccion
0.0000,0.0000,0.6750,0.0000,0.0000,0.3250,1.0000,1.0000,72.0000,78.0000,6.0420,6.5455,11.9167,2.0000,2.0000,s02_B_1v1,Un enemigo tipo B vs 1 agente,155.3600,0.4000,agente,25.0000,1.0000,bando_jugador_eliminado,validation,20.0000,1.0000,0.0000,aleatorio,0.0000,3.0000,20284296.0000,3.0000,1.0000,0.1500,0.2500,uniforme,gaussiana,torneo,softmax_argmax,715.0000,0.0000,0.0000,11.9167,11.9167,7-10-6-6,0.2500,0.25,tasa_seleccion
0.0000,0.0000,0.3247,0.0390,0.1169,0.5195,1.0000,0.0000,92.0000,88.0000,12.0000,11.4783,7.6667,2.0000,2.0000,s03_C_1v1,Un enemigo tipo C vs 1 agente,63.9200,0.4000,oponente,25.0000,0.0000,bando_enemigo_eliminado,validation,20.0000,1.0000,1.0000,aleatorio,0.0000,3.0000,20284427.0000,3.0000,0.0000,0.1500,0.2500,uniforme,gaussiana,torneo,softmax_argmax,460.0000,236.0000,0.0000,7.6667,7.6667,7-10-6-6,0.2500,0.25,tasa_seleccion
0.0000,0.0000,0.6601,0.0588,0.0458,0.2353,1.0000,0.0000,84.0000,96.0000,5.5082,6.2951,15.2500,2.0000,2.0000,s04_humano_1v1,Un jugador humano (bot) vs 1 agente,55.8600,0.4000,oponente,25.0000,0.0000,bando_enemigo_eliminado,validation,20.0000,1.0000,1.0000,aleatorio,0.0000,3.0000,20284558.0000,3.0000,0.0000,0.1500,0.2500,uniforme,gaussiana,torneo,softmax_argmax,915.0000,240.0000,0.0000,15.2500,15.2500,7-10-6-6,0.2500,0.25,tasa_seleccion
0.0000,0.0000,0.1351,0.2973,0.4595,0.1081,1.0000,0.0000,116.0000,88.0000,31.3514,23.7838,3.7000,2.0000,2.0000,s05_A_varios,Varios enemigos tipo A vs 1 agente,86.5180,0.4000,oponente,25.0000,0.0000,bando_enemigo_eliminado,validation,20.0000,3.0000,3.0000,aleatorio,0.0000,3.0000,20284689.0000,3.0000,0.0000,0.1500,0.2500,uniforme,gaussiana,torneo,softmax_argmax,222.0000,221.0000,0.0000,3.7000,3.7000,7-10-6-6,0.2500,0.25,tasa_seleccion
0.0000,0.0000,0.2527,0.1648,0.3407,0.2418,1.0000,0.0000,93.6000,91.0000,10.2857,10.8982,9.1000,2.0000,2.0000,s06_B_varios,Varios enemigos tipo B vs 1 agente,130.7840,0.4000,oponente,25.0000,1.0000,bando_enemigo_eliminado,validation,20.0000,3.0000,2.0000,aleatorio,0.0000,3.0000,20284820.0000,3.0000,0.3333,0.1500,0.2500,uniforme,gaussiana,torneo,softmax_argmax,546.0000,425.0000,0.0000,9.1000,8.3500,7-10-6-6,0.2500,0.25,tasa_seleccion
0.1556,0.0000,0.1444,0.0778,0.1222,0.5000,1.0000,0.0000,104.0000,88.0000,11.5770,10.7828,8.9833,2.0000,2.0000,s07_C_varios,Varios enemigos tipo C vs 1 agente,143.0160,0.4000,oponente,25.0000,1.0000,bando_enemigo_eliminado,validation,20.0000,3.0000,2.0000,aleatorio,0.0000,3.0000,20284951.0000,3.0000,0.3333,0.1500,0.2500,uniforme,gaussiana,torneo,softmax_argmax,539.0000,462.0000,0.0000,8.9833,8.1611,7-10-6-6,0.2500,0.25,tasa_seleccion
0.0000,0.0000,0.1250,0.3750,0.4375,0.0625,1.0000,0.0000,52.0000,90.0000,32.5000,56.2500,1.6000,2.0000,2.0000,s08_mixto_1agente,Varios de todos los enemigos vs 1 agente,17.7340,0.4000,oponente,25.0000,0.0000,bando_enemigo_eliminado,validation,20.0000,6.0000,6.0000,aleatorio,0.0000,3.0000,20285082.0000,3.0000,0.0000,0.1500,0.2500,uniforme,gaussiana,torneo,softmax_argmax,96.0000,95.0000,0.0000,1.6000,1.6000,7-10-6-6,0.2500,0.25,tasa_seleccion
0.1436,0.0000,0.3619,0.0866,0.0895,0.3184,3.0000,0.0000,200.0000,262.0000,29.7030,32.6028,8.8167,2.0000,2.0000,s09_mixto_varios,Varios de todos los enemigos vs varios agentes,178.9780,0.4000,oponente,25.0000,1.0000,bando_enemigo_eliminado,validation,20.0000,6.0000,5.0000,aleatorio,0.0000,3.0000,20285213.0000,3.0000,0.1667,0.1500,0.2500,uniforme,gaussiana,torneo,softmax_argmax,529.0000,821.0000,0.0000,6.7333,8.0361,7-10-6-6,0.2500,0.25,tasa_seleccion
0.0046,0.0011,0.5483,0.0462,0.1379,0.2620,3.0000,1.0000,132.0000,272.0000,4.8156,8.2341,33.0333,2.0000,2.0000,s10_humano_varios,Un jugador humano (bot) vs varios agentes,223.5660,0.4000,agente,25.0000,0.0000,bando_jugador_eliminado,validation,20.0000,1.0000,0.0000,aleatorio,0.0000,3.0000,20285344.0000,3.0000,0.0000,0.1500,0.2500,uniforme,gaussiana,torneo,softmax_argmax,1982.0000,1661.0000,0.0000,27.4111,33.0333,7-10-6-6,0.2500,0.25,tasa_seleccion
0.0000,0.0000,0.4868,0.0263,0.0263,0.4605,1.0000,1.0000,84.0000,32.0000,11.1258,4.2384,7.5500,2.0000,2.0000,s11_D_1v1,Un enemigo tipo D (sanador) vs 1 agente,124.3220,0.4000,agente,25.0000,0.0000,bando_jugador_eliminado,validation,20.0000,1.0000,0.0000,aleatorio,0.0000,3.0000,20285475.0000,3.0000,0.0000,0.1500,0.2500,uniforme,gaussiana,torneo,softmax_argmax,453.0000,217.0000,0.0000,7.5500,7.5500,7-10-6-6,0.2500,0.25,tasa_seleccion
0.0336,0.0000,0.1409,0.1007,0.0671,0.6577,1.0000,0.0000,108.0000,60.0000,7.2727,5.4934,14.8500,2.0000,2.0000,s12_escolta,Dos tipo A escoltados por un sanador vs 1 agente,168.6140,0.4000,oponente,25.0000,1.0000,bando_enemigo_eliminado,validation,20.0000,3.0000,2.0000,aleatorio,1.0000,3.0000,20285606.0000,3.0000,0.3333,0.1500,0.2500,uniforme,gaussiana,torneo,softmax_argmax,891.0000,635.0000,0.0000,14.8500,10.9222,7-10-6-6,0.2500,0.25,tasa_seleccion
0.0806,0.0000,0.1129,0.1613,0.1129,0.5323,1.0000,0.0000,120.0000,60.0000,19.4595,10.5079,6.1667,2.0000,2.0000,s13_mixto_sanador,"Uno de cada tipo, sanador incluido, vs 1 agente",160.7500,0.4000,oponente,25.0000,1.0000,bando_enemigo_eliminado,validation,20.0000,5.0000,4.0000,aleatorio,0.0000,3.0000,20285737.0000,3.0000,0.2000,0.1500,0.2500,uniforme,gaussiana,torneo,softmax_argmax,370.0000,309.0000,0.0000,6.1667,5.7100,7-10-6-6,0.2500,0.25,tasa_seleccion
0.0492,0.0000,0.3115,0.1148,0.0820,0.4426,1.0000,1.0000,92.0000,22.0000,15.0820,3.6066,6.1000,2.0000,2.0000,s01_A_1v1,Un enemigo tipo A vs 1 agente,193.2740,0.4000,agente,25.0000,1.0000,bando_jugador_eliminado,validation,20.0000,1.0000,0.0000,aleatorio,0.0000,4.0000,20292084.0000,3.0000,1.0000,0.1500,0.2500,uniforme,gaussiana,torneo,softmax_argmax,366.0000,177.0000,0.0000,6.1000,6.1000,7-10-6-6,0.2500,0.25,tasa_seleccion
0.0000,0.0000,0.6750,0.0000,0.0000,0.3250,1.0000,1.0000,72.0000,78.0000,6.0420,6.5455,11.9167,2.0000,2.0000,s02_B_1v1,Un enemigo tipo B vs 1 agente,155.3600,0.4000,agente,25.0000,1.0000,bando_jugador_eliminado,validation,20.0000,1.0000,0.0000,aleatorio,0.0000,4.0000,20292215.0000,3.0000,1.0000,0.1500,0.2500,uniforme,gaussiana,torneo,softmax_argmax,715.0000,0.0000,0.0000,11.9167,11.9167,7-10-6-6,0.2500,0.25,tasa_seleccion
0.0000,0.0000,0.3247,0.0390,0.1169,0.5195,1.0000,0.0000,92.0000,88.0000,12.0000,11.4783,7.6667,2.0000,2.0000,s03_C_1v1,Un enemigo tipo C vs 1 agente,63.9200,0.4000,oponente,25.0000,0.0000,bando_enemigo_eliminado,validation,20.0000,1.0000,1.0000,aleatorio,0.0000,4.0000,20292346.0000,3.0000,0.0000,0.1500,0.2500,uniforme,gaussiana,torneo,softmax_argmax,460.0000,236.0000,0.0000,7.6667,7.6667,7-10-6-6,0.2500,0.25,tasa_seleccion
0.0000,0.0000,0.6601,0.0588,0.0458,0.2353,1.0000,0.0000,84.0000,96.0000,5.5082,6.2951,15.2500,2.0000,2.0000,s04_humano_1v1,Un jugador humano (bot) vs 1 agente,55.8600,0.4000,oponente,25.0000,0.0000,bando_enemigo_eliminado,validation,20.0000,1.0000,1.0000,aleatorio,0.0000,4.0000,20292477.0000,3.0000,0.0000,0.1500,0.2500,uniforme,gaussiana,torneo,softmax_argmax,915.0000,240.0000,0.0000,15.2500,15.2500,7-10-6-6,0.2500,0.25,tasa_seleccion
0.0000,0.0000,0.1351,0.2973,0.4595,0.1081,1.0000,0.0000,116.0000,88.0000,31.3514,23.7838,3.7000,2.0000,2.0000,s05_A_varios,Varios enemigos tipo A vs 1 agente,86.5180,0.4000,oponente,25.0000,0.0000,bando_enemigo_eliminado,validation,20.0000,3.0000,3.0000,aleatorio,0.0000,4.0000,20292608.0000,3.0000,0.0000,0.1500,0.2500,uniforme,gaussiana,torneo,softmax_argmax,222.0000,221.0000,0.0000,3.7000,3.7000,7-10-6-6,0.2500,0.25,tasa_seleccion
0.0000,0.0000,0.2527,0.1648,0.3407,0.2418,1.0000,0.0000,93.6000,91.0000,10.2857,10.8982,9.1000,2.0000,2.0000,s06_B_varios,Varios enemigos tipo B vs 1 agente,130.7840,0.4000,oponente,25.0000,1.0000,bando_enemigo_eliminado,validation,20.0000,3.0000,2.0000,aleatorio,0.0000,4.0000,20292739.0000,3.0000,0.3333,0.1500,0.2500,uniforme,gaussiana,torneo,softmax_argmax,546.0000,425.0000,0.0000,9.1000,8.3500,7-10-6-6,0.2500,0.25,tasa_seleccion
0.1556,0.0000,0.1444,0.0778,0.1222,0.5000,1.0000,0.0000,104.0000,88.0000,11.5770,10.7828,8.9833,2.0000,2.0000,s07_C_varios,Varios enemigos tipo C vs 1 agente,143.0160,0.4000,oponente,25.0000,1.0000,bando_enemigo_eliminado,validation,20.0000,3.0000,2.0000,aleatorio,0.0000,4.0000,20292870.0000,3.0000,0.3333,0.1500,0.2500,uniforme,gaussiana,torneo,softmax_argmax,539.0000,462.0000,0.0000,8.9833,8.1611,7-10-6-6,0.2500,0.25,tasa_seleccion
0.0000,0.0000,0.1250,0.3750,0.4375,0.0625,1.0000,0.0000,52.0000,90.0000,32.5000,56.2500,1.6000,2.0000,2.0000,s08_mixto_1agente,Varios de todos los enemigos vs 1 agente,17.7340,0.4000,oponente,25.0000,0.0000,bando_enemigo_eliminado,validation,20.0000,6.0000,6.0000,aleatorio,0.0000,4.0000,20293001.0000,3.0000,0.0000,0.1500,0.2500,uniforme,gaussiana,torneo,softmax_argmax,96.0000,95.0000,0.0000,1.6000,1.6000,7-10-6-6,0.2500,0.25,tasa_seleccion
0.1436,0.0000,0.3619,0.0866,0.0895,0.3184,3.0000,0.0000,200.0000,262.0000,29.7030,32.6028,8.8167,2.0000,2.0000,s09_mixto_varios,Varios de todos los enemigos vs varios agentes,178.9780,0.4000,oponente,25.0000,1.0000,bando_enemigo_eliminado,validation,20.0000,6.0000,5.0000,aleatorio,0.0000,4.0000,20293132.0000,3.0000,0.1667,0.1500,0.2500,uniforme,gaussiana,torneo,softmax_argmax,529.0000,821.0000,0.0000,6.7333,8.0361,7-10-6-6,0.2500,0.25,tasa_seleccion
0.0046,0.0011,0.5483,0.0462,0.1379,0.2620,3.0000,1.0000,132.0000,272.0000,4.8156,8.2341,33.0333,2.0000,2.0000,s10_humano_varios,Un jugador humano (bot) vs varios agentes,223.5660,0.4000,agente,25.0000,0.0000,bando_jugador_eliminado,validation,20.0000,1.0000,0.0000,aleatorio,0.0000,4.0000,20293263.0000,3.0000,0.0000,0.1500,0.2500,uniforme,gaussiana,torneo,softmax_argmax,1982.0000,1661.0000,0.0000,27.4111,33.0333,7-10-6-6,0.2500,0.25,tasa_seleccion
0.0000,0.0000,0.4868,0.0263,0.0263,0.4605,1.0000,1.0000,84.0000,32.0000,11.1258,4.2384,7.5500,2.0000,2.0000,s11_D_1v1,Un enemigo tipo D (sanador) vs 1 agente,124.3220,0.4000,agente,25.0000,0.0000,bando_jugador_eliminado,validation,20.0000,1.0000,0.0000,aleatorio,0.0000,4.0000,20293394.0000,3.0000,0.0000,0.1500,0.2500,uniforme,gaussiana,torneo,softmax_argmax,453.0000,217.0000,0.0000,7.5500,7.5500,7-10-6-6,0.2500,0.25,tasa_seleccion
0.0336,0.0000,0.1409,0.1007,0.0671,0.6577,1.0000,0.0000,108.0000,60.0000,7.2727,5.4934,14.8500,2.0000,2.0000,s12_escolta,Dos tipo A escoltados por un sanador vs 1 agente,168.6140,0.4000,oponente,25.0000,1.0000,bando_enemigo_eliminado,validation,20.0000,3.0000,2.0000,aleatorio,1.0000,4.0000,20293525.0000,3.0000,0.3333,0.1500,0.2500,uniforme,gaussiana,torneo,softmax_argmax,891.0000,635.0000,0.0000,14.8500,10.9222,7-10-6-6,0.2500,0.25,tasa_seleccion
0.0806,0.0000,0.1129,0.1613,0.1129,0.5323,1.0000,0.0000,120.0000,60.0000,19.4595,10.5079,6.1667,2.0000,2.0000,s13_mixto_sanador,"Uno de cada tipo, sanador incluido, vs 1 agente",160.7500,0.4000,oponente,25.0000,1.0000,bando_enemigo_eliminado,validation,20.0000,5.0000,4.0000,aleatorio,0.0000,4.0000,20293656.0000,3.0000,0.2000,0.1500,0.2500,uniforme,gaussiana,torneo,softmax_argmax,370.0000,309.0000,0.0000,6.1667,5.7100,7-10-6-6,0.2500,0.25,tasa_seleccion
0.0292,0.0000,0.9708,0.0000,0.0000,0.0000,1.0000,1.0000,0.0000,0.0000,0.0000,0.0000,17.0667,2.0000,2.0000,s01_A_1v1,Un enemigo tipo A vs 1 agente,44.0960,0.4000,agente,25.0000,0.0000,bando_jugador_eliminado,validation,20.0000,1.0000,0.0000,aleatorio,0.0000,0.0000,20260408.0000,3.0000,0.0000,0.1500,0.8000,uniforme,gaussiana,torneo,softmax_argmax,1024.0000,0.0000,0.0000,17.0667,17.0667,7-10-6-6,0.2500,0.80,tasa_seleccion
0.0000,0.0000,0.5747,0.0000,0.0000,0.4253,1.0000,1.0000,72.0000,52.0000,8.3559,6.0348,8.6167,2.0000,2.0000,s02_B_1v1,Un enemigo tipo B vs 1 agente,161.0680,0.4000,agente,25.0000,1.0000,bando_jugador_eliminado,validation,20.0000,1.0000,0.0000,aleatorio,0.0000,0.0000,20260539.0000,3.0000,1.0000,0.1500,0.8000,uniforme,gaussiana,torneo,softmax_argmax,517.0000,0.0000,0.0000,8.6167,8.6167,7-10-6-6,0.2500,0.80,tasa_seleccion
0.0125,0.0000,0.9875,0.0000,0.0000,0.0000,1.0000,1.0000,0.0000,0.0000,0.0000,0.0000,15.9667,2.0000,2.0000,s03_C_1v1,Un enemigo tipo C vs 1 agente,43.8320,0.4000,agente,25.0000,0.0000,bando_jugador_eliminado,validation,20.0000,1.0000,0.0000,aleatorio,0.0000,0.0000,20260670.0000,3.0000,0.0000,0.1500,0.8000,uniforme,gaussiana,torneo,softmax_argmax,958.0000,0.0000,0.0000,15.9667,15.9667,7-10-6-6,0.2500,0.80,tasa_seleccion
0.0000,0.0000,0.8450,0.0000,0.0000,0.1550,1.0000,0.0000,72.0000,96.0000,5.6104,7.4805,12.8333,2.0000,2.0000,s04_humano_1v1,Un jugador humano (bot) vs 1 agente,42.6800,0.4000,oponente,25.0000,0.0000,bando_enemigo_eliminado,validation,20.0000,1.0000,1.0000,aleatorio,0.0000,0.0000,20260801.0000,3.0000,0.0000,0.1500,0.8000,uniforme,gaussiana,torneo,softmax_argmax,770.0000,220.0000,0.0000,12.8333,12.8333,7-10-6-6,0.2500,0.80,tasa_seleccion
0.4286,0.0000,0.5714,0.0000,0.0000,0.0000,1.0000,0.0000,0.0000,88.0000,0.0000,41.9048,2.1000,2.0000,2.0000,s05_A_varios,Varios enemigos tipo A vs 1 agente,-32.7460,0.4000,oponente,25.0000,0.0000,bando_enemigo_eliminado,validation,20.0000,3.0000,3.0000,aleatorio,0.0000,0.0000,20260932.0000,3.0000,0.0000,0.1500,0.8000,uniforme,gaussiana,torneo,softmax_argmax,126.0000,125.0000,0.0000,2.1000,2.1000,7-10-6-6,0.2500,0.80,tasa_seleccion
0.0400,0.0000,0.9600,0.0000,0.0000,0.0000,1.0000,1.0000,60.0000,52.0000,1.0000,0.8667,60.0000,2.0000,2.0000,s06_B_varios,Varios enemigos tipo B vs 1 agente,153.8600,0.4000,empate,25.0000,0.0000,tiempo_agotado,validation,20.0000,3.0000,3.0000,aleatorio,0.0000,0.0000,20261063.0000,3.0000,0.0000,0.1500,0.8000,uniforme,gaussiana,torneo,softmax_argmax,3600.0000,3582.0000,0.0000,60.0000,60.0000,7-10-6-6,0.2500,0.80,tasa_seleccion
0.3846,0.0000,0.6154,0.0000,0.0000,0.0000,1.0000,0.0000,48.0000,96.0000,7.4805,15.4562,6.4167,2.0000,2.0000,s07_C_varios,Varios enemigos tipo C vs 1 agente,22.0600,0.4000,oponente,25.0000,0.0000,bando_enemigo_eliminado,validation,20.0000,3.0000,2.0000,aleatorio,0.0000,0.0000,20261194.0000,3.0000,0.0000,0.1500,0.8000,uniforme,gaussiana,torneo,softmax_argmax,385.0000,384.0000,0.0000,6.4167,6.2111,7-10-6-6,0.2500,0.80,tasa_seleccion
0.4286,0.0000,0.5714,0.0000,0.0000,0.0000,1.0000,0.0000,0.0000,88.0000,0.0000,41.9048,2.1000,2.0000,2.0000,s08_mixto_1agente,Varios de todos los enemigos vs 1 agente,-32.7460,0.4000,oponente,25.0000,0.0000,bando_enemigo_eliminado,validation,20.0000,6.0000,6.0000,aleatorio,0.0000,0.0000,20261325.0000,3.0000,0.0000,0.1500,0.8000,uniforme,gaussiana,torneo,softmax_argmax,126.0000,125.0000,0.0000,2.1000,2.1000,7-10-6-6,0.2500,0.80,tasa_seleccion
0.3939,0.0000,0.6052,0.0000,0.0000,0.0010,3.0000,0.0000,228.0000,300.0000,16.8611,15.1451,34.7333,2.0000,2.0000,s09_mixto_varios,Varios de todos los enemigos vs varios agentes,257.3460,0.4000,oponente,25.0000,2.0000,bando_enemigo_eliminado,validation,20.0000,6.0000,2.0000,aleatorio,1.0000,0.0000,20261456.0000,3.0000,0.3333,0.1500,0.8000,uniforme,gaussiana,torneo,softmax_argmax,2084.0000,387.0000,0.0000,13.5222,19.8083,7-10-6-6,0.2500,0.80,tasa_seleccion
0.0000,0.0000,0.8254,0.0000,0.0000,0.1746,3.0000,1.0000,108.0000,192.0000,3.6958,3.2000,60.0000,2.0000,2.0000,s10_humano_varios,Un jugador humano (bot) vs varios agentes,29.3500,0.4000,empate,25.0000,0.0000,tiempo_agotado,validation,20.0000,1.0000,1.0000,aleatorio,0.0000,0.0000,20261587.0000,3.0000,0.0000,0.1500,0.8000,uniforme,gaussiana,torneo,softmax_argmax,3600.0000,777.0000,0.0000,29.2222,60.0000,7-10-6-6,0.2500,0.80,tasa_seleccion
0.0123,0.0000,0.9877,0.0000,0.0000,0.0000,1.0000,1.0000,0.0000,0.0000,0.0000,0.0000,16.1167,2.0000,2.0000,s11_D_1v1,Un enemigo tipo D (sanador) vs 1 agente,43.8680,0.4000,agente,25.0000,0.0000,bando_jugador_eliminado,validation,20.0000,1.0000,0.0000,aleatorio,0.0000,0.0000,20261718.0000,3.0000,0.0000,0.1500,0.8000,uniforme,gaussiana,torneo,softmax_argmax,967.0000,0.0000,0.0000,16.1167,16.1167,7-10-6-6,0.2500,0.80,tasa_seleccion
0.4286,0.0000,0.5714,0.0000,0.0000,0.0000,1.0000,0.0000,0.0000,88.0000,0.0000,41.9048,2.1000,2.0000,2.0000,s12_escolta,Dos tipo A escoltados por un sanador vs 1 agente,-32.7460,0.4000,oponente,25.0000,0.0000,bando_enemigo_eliminado,validation,20.0000,3.0000,3.0000,aleatorio,0.0000,0.0000,20261849.0000,3.0000,0.0000,0.1500,0.8000,uniforme,gaussiana,torneo,softmax_argmax,126.0000,125.0000,0.0000,2.1000,2.1000,7-10-6-6,0.2500,0.80,tasa_seleccion
0.4286,0.0000,0.5714,0.0000,0.0000,0.0000,1.0000,0.0000,0.0000,88.0000,0.0000,48.0874,2.1000,2.0000,2.0000,s13_mixto_sanador,"Uno de cada tipo, sanador incluido, vs 1 agente",-32.7460,0.4000,oponente,25.0000,0.0000,bando_enemigo_eliminado,validation,20.0000,5.0000,4.0000,aleatorio,0.0000,0.0000,20261980.0000,3.0000,0.0000,0.1500,0.8000,uniforme,gaussiana,torneo,softmax_argmax,126.0000,125.0000,0.0000,2.1000,1.8300,7-10-6-6,0.2500,0.80,tasa_seleccion
0.0292,0.0000,0.9708,0.0000,0.0000,0.0000,1.0000,1.0000,0.0000,0.0000,0.0000,0.0000,17.0667,2.0000,2.0000,s01_A_1v1,Un enemigo tipo A vs 1 agente,44.0960,0.4000,agente,25.0000,0.0000,bando_jugador_eliminado,validation,20.0000,1.0000,0.0000,aleatorio,0.0000,1.0000,20268327.0000,3.0000,0.0000,0.1500,0.8000,uniforme,gaussiana,torneo,softmax_argmax,1024.0000,0.0000,0.0000,17.0667,17.0667,7-10-6-6,0.2500,0.80,tasa_seleccion
0.0000,0.0000,0.5747,0.0000,0.0000,0.4253,1.0000,1.0000,72.0000,52.0000,8.3559,6.0348,8.6167,2.0000,2.0000,s02_B_1v1,Un enemigo tipo B vs 1 agente,161.0680,0.4000,agente,25.0000,1.0000,bando_jugador_eliminado,validation,20.0000,1.0000,0.0000,aleatorio,0.0000,1.0000,20268458.0000,3.0000,1.0000,0.1500,0.8000,uniforme,gaussiana,torneo,softmax_argmax,517.0000,0.0000,0.0000,8.6167,8.6167,7-10-6-6,0.2500,0.80,tasa_seleccion
0.0125,0.0000,0.9875,0.0000,0.0000,0.0000,1.0000,1.0000,0.0000,0.0000,0.0000,0.0000,15.9667,2.0000,2.0000,s03_C_1v1,Un enemigo tipo C vs 1 agente,43.8320,0.4000,agente,25.0000,0.0000,bando_jugador_eliminado,validation,20.0000,1.0000,0.0000,aleatorio,0.0000,1.0000,20268589.0000,3.0000,0.0000,0.1500,0.8000,uniforme,gaussiana,torneo,softmax_argmax,958.0000,0.0000,0.0000,15.9667,15.9667,7-10-6-6,0.2500,0.80,tasa_seleccion
0.0000,0.0000,0.8450,0.0000,0.0000,0.1550,1.0000,0.0000,72.0000,96.0000,5.6104,7.4805,12.8333,2.0000,2.0000,s04_humano_1v1,Un jugador humano (bot) vs 1 agente,42.6800,0.4000,oponente,25.0000,0.0000,bando_enemigo_eliminado,validation,20.0000,1.0000,1.0000,aleatorio,0.0000,1.0000,20268720.0000,3.0000,0.0000,0.1500,0.8000,uniforme,gaussiana,torneo,softmax_argmax,770.0000,220.0000,0.0000,12.8333,12.8333,7-10-6-6,0.2500,0.80,tasa_seleccion
0.4286,0.0000,0.5714,0.0000,0.0000,0.0000,1.0000,0.0000,0.0000,88.0000,0.0000,41.9048,2.1000,2.0000,2.0000,s05_A_varios,Varios enemigos tipo A vs 1 agente,-32.7460,0.4000,oponente,25.0000,0.0000,bando_enemigo_eliminado,validation,20.0000,3.0000,3.0000,aleatorio,0.0000,1.0000,20268851.0000,3.0000,0.0000,0.1500,0.8000,uniforme,gaussiana,torneo,softmax_argmax,126.0000,125.0000,0.0000,2.1000,2.1000,7-10-6-6,0.2500,0.80,tasa_seleccion
0.0400,0.0000,0.9600,0.0000,0.0000,0.0000,1.0000,1.0000,60.0000,52.0000,1.0000,0.8667,60.0000,2.0000,2.0000,s06_B_varios,Varios enemigos tipo B vs 1 agente,153.8600,0.4000,empate,25.0000,0.0000,tiempo_agotado,validation,20.0000,3.0000,3.0000,aleatorio,0.0000,1.0000,20268982.0000,3.0000,0.0000,0.1500,0.8000,uniforme,gaussiana,torneo,softmax_argmax,3600.0000,3582.0000,0.0000,60.0000,60.0000,7-10-6-6,0.2500,0.80,tasa_seleccion
0.3846,0.0000,0.6154,0.0000,0.0000,0.0000,1.0000,0.0000,48.0000,96.0000,7.4805,15.4562,6.4167,2.0000,2.0000,s07_C_varios,Varios enemigos tipo C vs 1 agente,22.0600,0.4000,oponente,25.0000,0.0000,bando_enemigo_eliminado,validation,20.0000,3.0000,2.0000,aleatorio,0.0000,1.0000,20269113.0000,3.0000,0.0000,0.1500,0.8000,uniforme,gaussiana,torneo,softmax_argmax,385.0000,384.0000,0.0000,6.4167,6.2111,7-10-6-6,0.2500,0.80,tasa_seleccion
0.4286,0.0000,0.5714,0.0000,0.0000,0.0000,1.0000,0.0000,0.0000,88.0000,0.0000,41.9048,2.1000,2.0000,2.0000,s08_mixto_1agente,Varios de todos los enemigos vs 1 agente,-32.7460,0.4000,oponente,25.0000,0.0000,bando_enemigo_eliminado,validation,20.0000,6.0000,6.0000,aleatorio,0.0000,1.0000,20269244.0000,3.0000,0.0000,0.1500,0.8000,uniforme,gaussiana,torneo,softmax_argmax,126.0000,125.0000,0.0000,2.1000,2.1000,7-10-6-6,0.2500,0.80,tasa_seleccion
0.3939,0.0000,0.6052,0.0000,0.0000,0.0010,3.0000,0.0000,228.0000,300.0000,16.8611,15.1451,34.7333,2.0000,2.0000,s09_mixto_varios,Varios de todos los enemigos vs varios agentes,257.3460,0.4000,oponente,25.0000,2.0000,bando_enemigo_eliminado,validation,20.0000,6.0000,2.0000,aleatorio,1.0000,1.0000,20269375.0000,3.0000,0.3333,0.1500,0.8000,uniforme,gaussiana,torneo,softmax_argmax,2084.0000,387.0000,0.0000,13.5222,19.8083,7-10-6-6,0.2500,0.80,tasa_seleccion
0.0000,0.0000,0.8254,0.0000,0.0000,0.1746,3.0000,1.0000,108.0000,192.0000,3.6958,3.2000,60.0000,2.0000,2.0000,s10_humano_varios,Un jugador humano (bot) vs varios agentes,29.3500,0.4000,empate,25.0000,0.0000,tiempo_agotado,validation,20.0000,1.0000,1.0000,aleatorio,0.0000,1.0000,20269506.0000,3.0000,0.0000,0.1500,0.8000,uniforme,gaussiana,torneo,softmax_argmax,3600.0000,777.0000,0.0000,29.2222,60.0000,7-10-6-6,0.2500,0.80,tasa_seleccion
0.0123,0.0000,0.9877,0.0000,0.0000,0.0000,1.0000,1.0000,0.0000,0.0000,0.0000,0.0000,16.1167,2.0000,2.0000,s11_D_1v1,Un enemigo tipo D (sanador) vs 1 agente,43.8680,0.4000,agente,25.0000,0.0000,bando_jugador_eliminado,validation,20.0000,1.0000,0.0000,aleatorio,0.0000,1.0000,20269637.0000,3.0000,0.0000,0.1500,0.8000,uniforme,gaussiana,torneo,softmax_argmax,967.0000,0.0000,0.0000,16.1167,16.1167,7-10-6-6,0.2500,0.80,tasa_seleccion
0.4286,0.0000,0.5714,0.0000,0.0000,0.0000,1.0000,0.0000,0.0000,88.0000,0.0000,41.9048,2.1000,2.0000,2.0000,s12_escolta,Dos tipo A escoltados por un sanador vs 1 agente,-32.7460,0.4000,oponente,25.0000,0.0000,bando_enemigo_eliminado,validation,20.0000,3.0000,3.0000,aleatorio,0.0000,1.0000,20269768.0000,3.0000,0.0000,0.1500,0.8000,uniforme,gaussiana,torneo,softmax_argmax,126.0000,125.0000,0.0000,2.1000,2.1000,7-10-6-6,0.2500,0.80,tasa_seleccion
0.4286,0.0000,0.5714,0.0000,0.0000,0.0000,1.0000,0.0000,0.0000,88.0000,0.0000,48.0874,2.1000,2.0000,2.0000,s13_mixto_sanador,"Uno de cada tipo, sanador incluido, vs 1 agente",-32.7460,0.4000,oponente,25.0000,0.0000,bando_enemigo_eliminado,validation,20.0000,5.0000,4.0000,aleatorio,0.0000,1.0000,20269899.0000,3.0000,0.0000,0.1500,0.8000,uniforme,gaussiana,torneo,softmax_argmax,126.0000,125.0000,0.0000,2.1000,1.8300,7-10-6-6,0.2500,0.80,tasa_seleccion
0.0292,0.0000,0.9708,0.0000,0.0000,0.0000,1.0000,1.0000,0.0000,0.0000,0.0000,0.0000,17.0667,2.0000,2.0000,s01_A_1v1,Un enemigo tipo A vs 1 agente,44.0960,0.4000,agente,25.0000,0.0000,bando_jugador_eliminado,validation,20.0000,1.0000,0.0000,aleatorio,0.0000,2.0000,20276246.0000,3.0000,0.0000,0.1500,0.8000,uniforme,gaussiana,torneo,softmax_argmax,1024.0000,0.0000,0.0000,17.0667,17.0667,7-10-6-6,0.2500,0.80,tasa_seleccion
0.0000,0.0000,0.5747,0.0000,0.0000,0.4253,1.0000,1.0000,72.0000,52.0000,8.3559,6.0348,8.6167,2.0000,2.0000,s02_B_1v1,Un enemigo tipo B vs 1 agente,161.0680,0.4000,agente,25.0000,1.0000,bando_jugador_eliminado,validation,20.0000,1.0000,0.0000,aleatorio,0.0000,2.0000,20276377.0000,3.0000,1.0000,0.1500,0.8000,uniforme,gaussiana,torneo,softmax_argmax,517.0000,0.0000,0.0000,8.6167,8.6167,7-10-6-6,0.2500,0.80,tasa_seleccion
0.0125,0.0000,0.9875,0.0000,0.0000,0.0000,1.0000,1.0000,0.0000,0.0000,0.0000,0.0000,15.9667,2.0000,2.0000,s03_C_1v1,Un enemigo tipo C vs 1 agente,43.8320,0.4000,agente,25.0000,0.0000,bando_jugador_eliminado,validation,20.0000,1.0000,0.0000,aleatorio,0.0000,2.0000,20276508.0000,3.0000,0.0000,0.1500,0.8000,uniforme,gaussiana,torneo,softmax_argmax,958.0000,0.0000,0.0000,15.9667,15.9667,7-10-6-6,0.2500,0.80,tasa_seleccion
0.0000,0.0000,0.8450,0.0000,0.0000,0.1550,1.0000,0.0000,72.0000,96.0000,5.6104,7.4805,12.8333,2.0000,2.0000,s04_humano_1v1,Un jugador humano (bot) vs 1 agente,42.6800,0.4000,oponente,25.0000,0.0000,bando_enemigo_eliminado,validation,20.0000,1.0000,1.0000,aleatorio,0.0000,2.0000,20276639.0000,3.0000,0.0000,0.1500,0.8000,uniforme,gaussiana,torneo,softmax_argmax,770.0000,220.0000,0.0000,12.8333,12.8333,7-10-6-6,0.2500,0.80,tasa_seleccion
0.4286,0.0000,0.5714,0.0000,0.0000,0.0000,1.0000,0.0000,0.0000,88.0000,0.0000,41.9048,2.1000,2.0000,2.0000,s05_A_varios,Varios enemigos tipo A vs 1 agente,-32.7460,0.4000,oponente,25.0000,0.0000,bando_enemigo_eliminado,validation,20.0000,3.0000,3.0000,aleatorio,0.0000,2.0000,20276770.0000,3.0000,0.0000,0.1500,0.8000,uniforme,gaussiana,torneo,softmax_argmax,126.0000,125.0000,0.0000,2.1000,2.1000,7-10-6-6,0.2500,0.80,tasa_seleccion
0.0400,0.0000,0.9600,0.0000,0.0000,0.0000,1.0000,1.0000,60.0000,52.0000,1.0000,0.8667,60.0000,2.0000,2.0000,s06_B_varios,Varios enemigos tipo B vs 1 agente,153.8600,0.4000,empate,25.0000,0.0000,tiempo_agotado,validation,20.0000,3.0000,3.0000,aleatorio,0.0000,2.0000,20276901.0000,3.0000,0.0000,0.1500,0.8000,uniforme,gaussiana,torneo,softmax_argmax,3600.0000,3582.0000,0.0000,60.0000,60.0000,7-10-6-6,0.2500,0.80,tasa_seleccion
0.3846,0.0000,0.6154,0.0000,0.0000,0.0000,1.0000,0.0000,48.0000,96.0000,7.4805,15.4562,6.4167,2.0000,2.0000,s07_C_varios,Varios enemigos tipo C vs 1 agente,22.0600,0.4000,oponente,25.0000,0.0000,bando_enemigo_eliminado,validation,20.0000,3.0000,2.0000,aleatorio,0.0000,2.0000,20277032.0000,3.0000,0.0000,0.1500,0.8000,uniforme,gaussiana,torneo,softmax_argmax,385.0000,384.0000,0.0000,6.4167,6.2111,7-10-6-6,0.2500,0.80,tasa_seleccion
0.4286,0.0000,0.5714,0.0000,0.0000,0.0000,1.0000,0.0000,0.0000,88.0000,0.0000,41.9048,2.1000,2.0000,2.0000,s08_mixto_1agente,Varios de todos los enemigos vs 1 agente,-32.7460,0.4000,oponente,25.0000,0.0000,bando_enemigo_eliminado,validation,20.0000,6.0000,6.0000,aleatorio,0.0000,2.0000,20277163.0000,3.0000,0.0000,0.1500,0.8000,uniforme,gaussiana,torneo,softmax_argmax,126.0000,125.0000,0.0000,2.1000,2.1000,7-10-6-6,0.2500,0.80,tasa_seleccion
0.3939,0.0000,0.6052,0.0000,0.0000,0.0010,3.0000,0.0000,228.0000,300.0000,16.8611,15.1451,34.7333,2.0000,2.0000,s09_mixto_varios,Varios de todos los enemigos vs varios agentes,257.3460,0.4000,oponente,25.0000,2.0000,bando_enemigo_eliminado,validation,20.0000,6.0000,2.0000,aleatorio,1.0000,2.0000,20277294.0000,3.0000,0.3333,0.1500,0.8000,uniforme,gaussiana,torneo,softmax_argmax,2084.0000,387.0000,0.0000,13.5222,19.8083,7-10-6-6,0.2500,0.80,tasa_seleccion
0.0000,0.0000,0.8254,0.0000,0.0000,0.1746,3.0000,1.0000,108.0000,192.0000,3.6958,3.2000,60.0000,2.0000,2.0000,s10_humano_varios,Un jugador humano (bot) vs varios agentes,29.3500,0.4000,empate,25.0000,0.0000,tiempo_agotado,validation,20.0000,1.0000,1.0000,aleatorio,0.0000,2.0000,20277425.0000,3.0000,0.0000,0.1500,0.8000,uniforme,gaussiana,torneo,softmax_argmax,3600.0000,777.0000,0.0000,29.2222,60.0000,7-10-6-6,0.2500,0.80,tasa_seleccion
0.0123,0.0000,0.9877,0.0000,0.0000,0.0000,1.0000,1.0000,0.0000,0.0000,0.0000,0.0000,16.1167,2.0000,2.0000,s11_D_1v1,Un enemigo tipo D (sanador) vs 1 agente,43.8680,0.4000,agente,25.0000,0.0000,bando_jugador_eliminado,validation,20.0000,1.0000,0.0000,aleatorio,0.0000,2.0000,20277556.0000,3.0000,0.0000,0.1500,0.8000,uniforme,gaussiana,torneo,softmax_argmax,967.0000,0.0000,0.0000,16.1167,16.1167,7-10-6-6,0.2500,0.80,tasa_seleccion
0.4286,0.0000,0.5714,0.0000,0.0000,0.0000,1.0000,0.0000,0.0000,88.0000,0.0000,41.9048,2.1000,2.0000,2.0000,s12_escolta,Dos tipo A escoltados por un sanador vs 1 agente,-32.7460,0.4000,oponente,25.0000,0.0000,bando_enemigo_eliminado,validation,20.0000,3.0000,3.0000,aleatorio,0.0000,2.0000,20277687.0000,3.0000,0.0000,0.1500,0.8000,uniforme,gaussiana,torneo,softmax_argmax,126.0000,125.0000,0.0000,2.1000,2.1000,7-10-6-6,0.2500,0.80,tasa_seleccion
0.4286,0.0000,0.5714,0.0000,0.0000,0.0000,1.0000,0.0000,0.0000,88.0000,0.0000,48.0874,2.1000,2.0000,2.0000,s13_mixto_sanador,"Uno de cada tipo, sanador incluido, vs 1 agente",-32.7460,0.4000,oponente,25.0000,0.0000,bando_enemigo_eliminado,validation,20.0000,5.0000,4.0000,aleatorio,0.0000,2.0000,20277818.0000,3.0000,0.0000,0.1500,0.8000,uniforme,gaussiana,torneo,softmax_argmax,126.0000,125.0000,0.0000,2.1000,1.8300,7-10-6-6,0.2500,0.80,tasa_seleccion
0.0292,0.0000,0.9708,0.0000,0.0000,0.0000,1.0000,1.0000,0.0000,0.0000,0.0000,0.0000,17.0667,2.0000,2.0000,s01_A_1v1,Un enemigo tipo A vs 1 agente,44.0960,0.4000,agente,25.0000,0.0000,bando_jugador_eliminado,validation,20.0000,1.0000,0.0000,aleatorio,0.0000,3.0000,20284165.0000,3.0000,0.0000,0.1500,0.8000,uniforme,gaussiana,torneo,softmax_argmax,1024.0000,0.0000,0.0000,17.0667,17.0667,7-10-6-6,0.2500,0.80,tasa_seleccion
0.0000,0.0000,0.5747,0.0000,0.0000,0.4253,1.0000,1.0000,72.0000,52.0000,8.3559,6.0348,8.6167,2.0000,2.0000,s02_B_1v1,Un enemigo tipo B vs 1 agente,161.0680,0.4000,agente,25.0000,1.0000,bando_jugador_eliminado,validation,20.0000,1.0000,0.0000,aleatorio,0.0000,3.0000,20284296.0000,3.0000,1.0000,0.1500,0.8000,uniforme,gaussiana,torneo,softmax_argmax,517.0000,0.0000,0.0000,8.6167,8.6167,7-10-6-6,0.2500,0.80,tasa_seleccion
0.0125,0.0000,0.9875,0.0000,0.0000,0.0000,1.0000,1.0000,0.0000,0.0000,0.0000,0.0000,15.9667,2.0000,2.0000,s03_C_1v1,Un enemigo tipo C vs 1 agente,43.8320,0.4000,agente,25.0000,0.0000,bando_jugador_eliminado,validation,20.0000,1.0000,0.0000,aleatorio,0.0000,3.0000,20284427.0000,3.0000,0.0000,0.1500,0.8000,uniforme,gaussiana,torneo,softmax_argmax,958.0000,0.0000,0.0000,15.9667,15.9667,7-10-6-6,0.2500,0.80,tasa_seleccion
0.0000,0.0000,0.8450,0.0000,0.0000,0.1550,1.0000,0.0000,72.0000,96.0000,5.6104,7.4805,12.8333,2.0000,2.0000,s04_humano_1v1,Un jugador humano (bot) vs 1 agente,42.6800,0.4000,oponente,25.0000,0.0000,bando_enemigo_eliminado,validation,20.0000,1.0000,1.0000,aleatorio,0.0000,3.0000,20284558.0000,3.0000,0.0000,0.1500,0.8000,uniforme,gaussiana,torneo,softmax_argmax,770.0000,220.0000,0.0000,12.8333,12.8333,7-10-6-6,0.2500,0.80,tasa_seleccion
0.4286,0.0000,0.5714,0.0000,0.0000,0.0000,1.0000,0.0000,0.0000,88.0000,0.0000,41.9048,2.1000,2.0000,2.0000,s05_A_varios,Varios enemigos tipo A vs 1 agente,-32.7460,0.4000,oponente,25.0000,0.0000,bando_enemigo_eliminado,validation,20.0000,3.0000,3.0000,aleatorio,0.0000,3.0000,20284689.0000,3.0000,0.0000,0.1500,0.8000,uniforme,gaussiana,torneo,softmax_argmax,126.0000,125.0000,0.0000,2.1000,2.1000,7-10-6-6,0.2500,0.80,tasa_seleccion
0.0400,0.0000,0.9600,0.0000,0.0000,0.0000,1.0000,1.0000,60.0000,52.0000,1.0000,0.8667,60.0000,2.0000,2.0000,s06_B_varios,Varios enemigos tipo B vs 1 agente,153.8600,0.4000,empate,25.0000,0.0000,tiempo_agotado,validation,20.0000,3.0000,3.0000,aleatorio,0.0000,3.0000,20284820.0000,3.0000,0.0000,0.1500,0.8000,uniforme,gaussiana,torneo,softmax_argmax,3600.0000,3582.0000,0.0000,60.0000,60.0000,7-10-6-6,0.2500,0.80,tasa_seleccion
0.3846,0.0000,0.6154,0.0000,0.0000,0.0000,1.0000,0.0000,48.0000,96.0000,7.4805,15.4562,6.4167,2.0000,2.0000,s07_C_varios,Varios enemigos tipo C vs 1 agente,22.0600,0.4000,oponente,25.0000,0.0000,bando_enemigo_eliminado,validation,20.0000,3.0000,2.0000,aleatorio,0.0000,3.0000,20284951.0000,3.0000,0.0000,0.1500,0.8000,uniforme,gaussiana,torneo,softmax_argmax,385.0000,384.0000,0.0000,6.4167,6.2111,7-10-6-6,0.2500,0.80,tasa_seleccion
0.4286,0.0000,0.5714,0.0000,0.0000,0.0000,1.0000,0.0000,0.0000,88.0000,0.0000,41.9048,2.1000,2.0000,2.0000,s08_mixto_1agente,Varios de todos los enemigos vs 1 agente,-32.7460,0.4000,oponente,25.0000,0.0000,bando_enemigo_eliminado,validation,20.0000,6.0000,6.0000,aleatorio,0.0000,3.0000,20285082.0000,3.0000,0.0000,0.1500,0.8000,uniforme,gaussiana,torneo,softmax_argmax,126.0000,125.0000,0.0000,2.1000,2.1000,7-10-6-6,0.2500,0.80,tasa_seleccion
0.3939,0.0000,0.6052,0.0000,0.0000,0.0010,3.0000,0.0000,228.0000,300.0000,16.8611,15.1451,34.7333,2.0000,2.0000,s09_mixto_varios,Varios de todos los enemigos vs varios agentes,257.3460,0.4000,oponente,25.0000,2.0000,bando_enemigo_eliminado,validation,20.0000,6.0000,2.0000,aleatorio,1.0000,3.0000,20285213.0000,3.0000,0.3333,0.1500,0.8000,uniforme,gaussiana,torneo,softmax_argmax,2084.0000,387.0000,0.0000,13.5222,19.8083,7-10-6-6,0.2500,0.80,tasa_seleccion
0.0000,0.0000,0.8254,0.0000,0.0000,0.1746,3.0000,1.0000,108.0000,192.0000,3.6958,3.2000,60.0000,2.0000,2.0000,s10_humano_varios,Un jugador humano (bot) vs varios agentes,29.3500,0.4000,empate,25.0000,0.0000,tiempo_agotado,validation,20.0000,1.0000,1.0000,aleatorio,0.0000,3.0000,20285344.0000,3.0000,0.0000,0.1500,0.8000,uniforme,gaussiana,torneo,softmax_argmax,3600.0000,777.0000,0.0000,29.2222,60.0000,7-10-6-6,0.2500,0.80,tasa_seleccion
0.0123,0.0000,0.9877,0.0000,0.0000,0.0000,1.0000,1.0000,0.0000,0.0000,0.0000,0.0000,16.1167,2.0000,2.0000,s11_D_1v1,Un enemigo tipo D (sanador) vs 1 agente,43.8680,0.4000,agente,25.0000,0.0000,bando_jugador_eliminado,validation,20.0000,1.0000,0.0000,aleatorio,0.0000,3.0000,20285475.0000,3.0000,0.0000,0.1500,0.8000,uniforme,gaussiana,torneo,softmax_argmax,967.0000,0.0000,0.0000,16.1167,16.1167,7-10-6-6,0.2500,0.80,tasa_seleccion
0.4286,0.0000,0.5714,0.0000,0.0000,0.0000,1.0000,0.0000,0.0000,88.0000,0.0000,41.9048,2.1000,2.0000,2.0000,s12_escolta,Dos tipo A escoltados por un sanador vs 1 agente,-32.7460,0.4000,oponente,25.0000,0.0000,bando_enemigo_eliminado,validation,20.0000,3.0000,3.0000,aleatorio,0.0000,3.0000,20285606.0000,3.0000,0.0000,0.1500,0.8000,uniforme,gaussiana,torneo,softmax_argmax,126.0000,125.0000,0.0000,2.1000,2.1000,7-10-6-6,0.2500,0.80,tasa_seleccion
0.4286,0.0000,0.5714,0.0000,0.0000,0.0000,1.0000,0.0000,0.0000,88.0000,0.0000,48.0874,2.1000,2.0000,2.0000,s13_mixto_sanador,"Uno de cada tipo, sanador incluido, vs 1 agente",-32.7460,0.4000,oponente,25.0000,0.0000,bando_enemigo_eliminado,validation,20.0000,5.0000,4.0000,aleatorio,0.0000,3.0000,20285737.0000,3.0000,0.0000,0.1500,0.8000,uniforme,gaussiana,torneo,softmax_argmax,126.0000,125.0000,0.0000,2.1000,1.8300,7-10-6-6,0.2500,0.80,tasa_seleccion
0.0292,0.0000,0.9708,0.0000,0.0000,0.0000,1.0000,1.0000,0.0000,0.0000,0.0000,0.0000,17.0667,2.0000,2.0000,s01_A_1v1,Un enemigo tipo A vs 1 agente,44.0960,0.4000,agente,25.0000,0.0000,bando_jugador_eliminado,validation,20.0000,1.0000,0.0000,aleatorio,0.0000,4.0000,20292084.0000,3.0000,0.0000,0.1500,0.8000,uniforme,gaussiana,torneo,softmax_argmax,1024.0000,0.0000,0.0000,17.0667,17.0667,7-10-6-6,0.2500,0.80,tasa_seleccion
0.0000,0.0000,0.5747,0.0000,0.0000,0.4253,1.0000,1.0000,72.0000,52.0000,8.3559,6.0348,8.6167,2.0000,2.0000,s02_B_1v1,Un enemigo tipo B vs 1 agente,161.0680,0.4000,agente,25.0000,1.0000,bando_jugador_eliminado,validation,20.0000,1.0000,0.0000,aleatorio,0.0000,4.0000,20292215.0000,3.0000,1.0000,0.1500,0.8000,uniforme,gaussiana,torneo,softmax_argmax,517.0000,0.0000,0.0000,8.6167,8.6167,7-10-6-6,0.2500,0.80,tasa_seleccion
0.0125,0.0000,0.9875,0.0000,0.0000,0.0000,1.0000,1.0000,0.0000,0.0000,0.0000,0.0000,15.9667,2.0000,2.0000,s03_C_1v1,Un enemigo tipo C vs 1 agente,43.8320,0.4000,agente,25.0000,0.0000,bando_jugador_eliminado,validation,20.0000,1.0000,0.0000,aleatorio,0.0000,4.0000,20292346.0000,3.0000,0.0000,0.1500,0.8000,uniforme,gaussiana,torneo,softmax_argmax,958.0000,0.0000,0.0000,15.9667,15.9667,7-10-6-6,0.2500,0.80,tasa_seleccion
0.0000,0.0000,0.8450,0.0000,0.0000,0.1550,1.0000,0.0000,72.0000,96.0000,5.6104,7.4805,12.8333,2.0000,2.0000,s04_humano_1v1,Un jugador humano (bot) vs 1 agente,42.6800,0.4000,oponente,25.0000,0.0000,bando_enemigo_eliminado,validation,20.0000,1.0000,1.0000,aleatorio,0.0000,4.0000,20292477.0000,3.0000,0.0000,0.1500,0.8000,uniforme,gaussiana,torneo,softmax_argmax,770.0000,220.0000,0.0000,12.8333,12.8333,7-10-6-6,0.2500,0.80,tasa_seleccion
0.4286,0.0000,0.5714,0.0000,0.0000,0.0000,1.0000,0.0000,0.0000,88.0000,0.0000,41.9048,2.1000,2.0000,2.0000,s05_A_varios,Varios enemigos tipo A vs 1 agente,-32.7460,0.4000,oponente,25.0000,0.0000,bando_enemigo_eliminado,validation,20.0000,3.0000,3.0000,aleatorio,0.0000,4.0000,20292608.0000,3.0000,0.0000,0.1500,0.8000,uniforme,gaussiana,torneo,softmax_argmax,126.0000,125.0000,0.0000,2.1000,2.1000,7-10-6-6,0.2500,0.80,tasa_seleccion
0.0400,0.0000,0.9600,0.0000,0.0000,0.0000,1.0000,1.0000,60.0000,52.0000,1.0000,0.8667,60.0000,2.0000,2.0000,s06_B_varios,Varios enemigos tipo B vs 1 agente,153.8600,0.4000,empate,25.0000,0.0000,tiempo_agotado,validation,20.0000,3.0000,3.0000,aleatorio,0.0000,4.0000,20292739.0000,3.0000,0.0000,0.1500,0.8000,uniforme,gaussiana,torneo,softmax_argmax,3600.0000,3582.0000,0.0000,60.0000,60.0000,7-10-6-6,0.2500,0.80,tasa_seleccion
0.3846,0.0000,0.6154,0.0000,0.0000,0.0000,1.0000,0.0000,48.0000,96.0000,7.4805,15.4562,6.4167,2.0000,2.0000,s07_C_varios,Varios enemigos tipo C vs 1 agente,22.0600,0.4000,oponente,25.0000,0.0000,bando_enemigo_eliminado,validation,20.0000,3.0000,2.0000,aleatorio,0.0000,4.0000,20292870.0000,3.0000,0.0000,0.1500,0.8000,uniforme,gaussiana,torneo,softmax_argmax,385.0000,384.0000,0.0000,6.4167,6.2111,7-10-6-6,0.2500,0.80,tasa_seleccion
0.4286,0.0000,0.5714,0.0000,0.0000,0.0000,1.0000,0.0000,0.0000,88.0000,0.0000,41.9048,2.1000,2.0000,2.0000,s08_mixto_1agente,Varios de todos los enemigos vs 1 agente,-32.7460,0.4000,oponente,25.0000,0.0000,bando_enemigo_eliminado,validation,20.0000,6.0000,6.0000,aleatorio,0.0000,4.0000,20293001.0000,3.0000,0.0000,0.1500,0.8000,uniforme,gaussiana,torneo,softmax_argmax,126.0000,125.0000,0.0000,2.1000,2.1000,7-10-6-6,0.2500,0.80,tasa_seleccion
0.3939,0.0000,0.6052,0.0000,0.0000,0.0010,3.0000,0.0000,228.0000,300.0000,16.8611,15.1451,34.7333,2.0000,2.0000,s09_mixto_varios,Varios de todos los enemigos vs varios agentes,257.3460,0.4000,oponente,25.0000,2.0000,bando_enemigo_eliminado,validation,20.0000,6.0000,2.0000,aleatorio,1.0000,4.0000,20293132.0000,3.0000,0.3333,0.1500,0.8000,uniforme,gaussiana,torneo,softmax_argmax,2084.0000,387.0000,0.0000,13.5222,19.8083,7-10-6-6,0.2500,0.80,tasa_seleccion
0.0000,0.0000,0.8254,0.0000,0.0000,0.1746,3.0000,1.0000,108.0000,192.0000,3.6958,3.2000,60.0000,2.0000,2.0000,s10_humano_varios,Un jugador humano (bot) vs varios agentes,29.3500,0.4000,empate,25.0000,0.0000,tiempo_agotado,validation,20.0000,1.0000,1.0000,aleatorio,0.0000,4.0000,20293263.0000,3.0000,0.0000,0.1500,0.8000,uniforme,gaussiana,torneo,softmax_argmax,3600.0000,777.0000,0.0000,29.2222,60.0000,7-10-6-6,0.2500,0.80,tasa_seleccion
0.0123,0.0000,0.9877,0.0000,0.0000,0.0000,1.0000,1.0000,0.0000,0.0000,0.0000,0.0000,16.1167,2.0000,2.0000,s11_D_1v1,Un enemigo tipo D (sanador) vs 1 agente,43.8680,0.4000,agente,25.0000,0.0000,bando_jugador_eliminado,validation,20.0000,1.0000,0.0000,aleatorio,0.0000,4.0000,20293394.0000,3.0000,0.0000,0.1500,0.8000,uniforme,gaussiana,torneo,softmax_argmax,967.0000,0.0000,0.0000,16.1167,16.1167,7-10-6-6,0.2500,0.80,tasa_seleccion
0.4286,0.0000,0.5714,0.0000,0.0000,0.0000,1.0000,0.0000,0.0000,88.0000,0.0000,41.9048,2.1000,2.0000,2.0000,s12_escolta,Dos tipo A escoltados por un sanador vs 1 agente,-32.7460,0.4000,oponente,25.0000,0.0000,bando_enemigo_eliminado,validation,20.0000,3.0000,3.0000,aleatorio,0.0000,4.0000,20293525.0000,3.0000,0.0000,0.1500,0.8000,uniforme,gaussiana,torneo,softmax_argmax,126.0000,125.0000,0.0000,2.1000,2.1000,7-10-6-6,0.2500,0.80,tasa_seleccion
0.4286,0.0000,0.5714,0.0000,0.0000,0.0000,1.0000,0.0000,0.0000,88.0000,0.0000,48.0874,2.1000,2.0000,2.0000,s13_mixto_sanador,"Uno de cada tipo, sanador incluido, vs 1 agente",-32.7460,0.4000,oponente,25.0000,0.0000,bando_enemigo_eliminado,validation,20.0000,5.0000,4.0000,aleatorio,0.0000,4.0000,20293656.0000,3.0000,0.0000,0.1500,0.8000,uniforme,gaussiana,torneo,softmax_argmax,126.0000,125.0000,0.0000,2.1000,1.8300,7-10-6-6,0.2500,0.80,tasa_seleccion
0.2821,0.0000,0.7179,0.0000,0.0000,0.0000,1.0000,1.0000,96.0000,22.0000,12.4138,2.8448,7.7333,2.0000,2.0000,s01_A_1v1,Un enemigo tipo A vs 1 agente,138.8060,0.4000,agente,25.0000,0.0000,bando_jugador_eliminado,validation,20.0000,1.0000,0.0000,aleatorio,0.0000,0.0000,20260408.0000,3.0000,0.0000,0.1500,0.5000,uniforme,reemplazo_aleatorio,torneo,softmax_argmax,464.0000,215.0000,0.0000,7.7333,7.7333,7-10-6-6,0.2500,reemplazo_aleatorio,tecnica_mutacion
0.0000,0.0000,1.0000,0.0000,0.0000,0.0000,1.0000,1.0000,0.0000,0.0000,0.0000,0.0000,60.0000,2.0000,2.0000,s02_B_1v1,Un enemigo tipo B vs 1 agente,-0.6000,0.4000,empate,25.0000,0.0000,tiempo_agotado,validation,20.0000,1.0000,1.0000,aleatorio,0.0000,0.0000,20260539.0000,3.0000,0.0000,0.1500,0.5000,uniforme,reemplazo_aleatorio,torneo,softmax_argmax,3600.0000,0.0000,0.0000,60.0000,60.0000,7-10-6-6,0.2500,reemplazo_aleatorio,tecnica_mutacion
0.3226,0.0000,0.6774,0.0000,0.0000,0.0000,1.0000,1.0000,36.0000,0.0000,5.8696,0.0000,6.1333,2.0000,2.0000,s03_C_1v1,Un enemigo tipo C vs 1 agente,77.4720,0.4000,agente,25.0000,0.0000,bando_jugador_eliminado,validation,20.0000,1.0000,0.0000,aleatorio,0.0000,0.0000,20260670.0000,3.0000,0.0000,0.1500,0.5000,uniforme,reemplazo_aleatorio,torneo,softmax_argmax,368.0000,0.0000,0.0000,6.1333,6.1333,7-10-6-6,0.2500,reemplazo_aleatorio,tecnica_mutacion
0.0000,0.0000,1.0000,0.0000,0.0000,0.0000,1.0000,1.0000,0.0000,0.0000,0.0000,0.0000,60.0000,2.0000,2.0000,s04_humano_1v1,Un jugador humano (bot) vs 1 agente,-0.6000,0.4000,empate,25.0000,0.0000,tiempo_agotado,validation,20.0000,1.0000,1.0000,aleatorio,0.0000,0.0000,20260801.0000,3.0000,0.0000,0.1500,0.5000,uniforme,reemplazo_aleatorio,torneo,softmax_argmax,3600.0000,0.0000,0.0000,60.0000,60.0000,7-10-6-6,0.2500,reemplazo_aleatorio,tecnica_mutacion
0.0000,0.0000,1.0000,0.0000,0.0000,0.0000,1.0000,0.0000,0.0000,88.0000,0.0000,45.5172,1.9333,2.0000,2.0000,s05_A_varios,Varios enemigos tipo A vs 1 agente,-33.0860,0.4000,oponente,25.0000,0.0000,bando_enemigo_eliminado,validation,20.0000,3.0000,3.0000,aleatorio,0.0000,0.0000,20260932.0000,3.0000,0.0000,0.1500,0.5000,uniforme,reemplazo_aleatorio,torneo,softmax_argmax,116.0000,115.0000,0.0000,1.9333,1.9333,7-10-6-6,0.2500,reemplazo_aleatorio,tecnica_mutacion
0.0000,0.0000,1.0000,0.0000,0.0000,0.0000,1.0000,1.0000,72.0000,65.0000,1.2000,1.5425,60.0000,2.0000,2.0000,s06_B_varios,Varios enemigos tipo B vs 1 agente,126.6700,0.4000,empate,25.0000,1.0000,tiempo_agotado,validation,20.0000,3.0000,2.0000,aleatorio,0.0000,0.0000,20261063.0000,3.0000,0.3333,0.1500,0.5000,uniforme,reemplazo_aleatorio,torneo,softmax_argmax,3600.0000,384.0000,0.0000,60.0000,42.1389,7-10-6-6,0.2500,reemplazo_aleatorio,tecnica_mutacion
0.0000,0.0000,1.0000,0.0000,0.0000,0.0000,1.0000,0.0000,60.0000,96.0000,13.0435,20.8696,4.6000,2.0000,2.0000,s07_C_varios,Varios enemigos tipo C vs 1 agente,27.3540,0.4000,oponente,25.0000,0.0000,bando_enemigo_eliminado,validation,20.0000,3.0000,3.0000,aleatorio,0.0000,0.0000,20261194.0000,3.0000,0.0000,0.1500,0.5000,uniforme,reemplazo_aleatorio,torneo,softmax_argmax,276.0000,175.0000,0.0000,4.6000,4.6000,7-10-6-6,0.2500,reemplazo_aleatorio,tecnica_mutacion
0.0000,0.0000,1.0000,0.0000,0.0000,0.0000,1.0000,0.0000,0.0000,90.0000,0.0000,62.7907,1.4333,2.0000,2.0000,s08_mixto_1agente,Varios de todos los enemigos vs 1 agente,-34.6060,0.4000,oponente,25.0000,0.0000,bando_enemigo_eliminado,validation,20.0000,6.0000,6.0000,aleatorio,0.0000,0.0000,20261325.0000,3.0000,0.0000,0.1500,0.5000,uniforme,reemplazo_aleatorio,torneo,softmax_argmax,86.0000,85.0000,0.0000,1.4333,1.4333,7-10-6-6,0.2500,reemplazo_aleatorio,tecnica_mutacion
0.0000,0.0000,1.0000,0.0000,0.0000,0.0000,3.0000,1.0000,96.0000,245.0000,4.3439,15.7697,60.0000,2.0000,2.0000,s09_mixto_varios,Varios de todos los enemigos vs varios agentes,45.5320,0.4000,empate,25.0000,1.0000,tiempo_agotado,validation,20.0000,6.0000,1.0000,aleatorio,0.0000,0.0000,20261456.0000,3.0000,0.1667,0.1500,0.5000,uniforme,reemplazo_aleatorio,torneo,softmax_argmax,3600.0000,329.0000,0.0000,22.1000,15.5361,7-10-6-6,0.2500,reemplazo_aleatorio,tecnica_mutacion
0.0000,0.0000,1.0000,0.0000,0.0000,0.0000,3.0000,3.0000,0.0000,0.0000,0.0000,0.0000,60.0000,2.0000,2.0000,s10_humano_varios,Un jugador humano (bot) vs varios agentes,-1.8000,0.4000,empate,25.0000,0.0000,tiempo_agotado,validation,20.0000,1.0000,1.0000,aleatorio,0.0000,0.0000,20261587.0000,3.0000,0.0000,0.1500,0.5000,uniforme,reemplazo_aleatorio,torneo,softmax_argmax,3600.0000,0.0000,0.0000,60.0000,60.0000,7-10-6-6,0.2500,reemplazo_aleatorio,tecnica_mutacion
0.2558,0.0000,0.7442,0.0000,0.0000,0.0000,1.0000,1.0000,96.0000,32.0000,11.2500,3.7500,8.5333,2.0000,2.0000,s11_D_1v1,Un enemigo tipo D (sanador) vs 1 agente,190.0480,0.4000,agente,25.0000,1.0000,bando_jugador_eliminado,validation,20.0000,1.0000,0.0000,aleatorio,0.0000,0.0000,20261718.0000,3.0000,1.0000,0.1500,0.5000,uniforme,reemplazo_aleatorio,torneo,softmax_argmax,512.0000,0.0000,0.0000,8.5333,8.5333,7-10-6-6,0.2500,reemplazo_aleatorio,tecnica_mutacion
0.0000,0.0000,1.0000,0.0000,0.0000,0.0000,1.0000,0.0000,0.0000,88.0000,0.0000,45.5172,1.9333,2.0000,2.0000,s12_escolta,Dos tipo A escoltados por un sanador vs 1 agente,-33.0860,0.4000,oponente,25.0000,0.0000,bando_enemigo_eliminado,validation,20.0000,3.0000,3.0000,aleatorio,0.0000,0.0000,20261849.0000,3.0000,0.0000,0.1500,0.5000,uniforme,reemplazo_aleatorio,torneo,softmax_argmax,116.0000,115.0000,0.0000,1.9333,1.9333,7-10-6-6,0.2500,reemplazo_aleatorio,tecnica_mutacion
0.0000,0.0000,1.0000,0.0000,0.0000,0.0000,1.0000,0.0000,0.0000,88.0000,0.0000,51.8664,1.9333,2.0000,2.0000,s13_mixto_sanador,"Uno de cada tipo, sanador incluido, vs 1 agente",-33.0860,0.4000,oponente,25.0000,0.0000,bando_enemigo_eliminado,validation,20.0000,5.0000,4.0000,aleatorio,0.0000,0.0000,20261980.0000,3.0000,0.0000,0.1500,0.5000,uniforme,reemplazo_aleatorio,torneo,softmax_argmax,116.0000,115.0000,0.0000,1.9333,1.6967,7-10-6-6,0.2500,reemplazo_aleatorio,tecnica_mutacion
0.2821,0.0000,0.7179,0.0000,0.0000,0.0000,1.0000,1.0000,96.0000,22.0000,12.4138,2.8448,7.7333,2.0000,2.0000,s01_A_1v1,Un enemigo tipo A vs 1 agente,138.8060,0.4000,agente,25.0000,0.0000,bando_jugador_eliminado,validation,20.0000,1.0000,0.0000,aleatorio,0.0000,1.0000,20268327.0000,3.0000,0.0000,0.1500,0.5000,uniforme,reemplazo_aleatorio,torneo,softmax_argmax,464.0000,215.0000,0.0000,7.7333,7.7333,7-10-6-6,0.2500,reemplazo_aleatorio,tecnica_mutacion
0.0000,0.0000,1.0000,0.0000,0.0000,0.0000,1.0000,1.0000,0.0000,0.0000,0.0000,0.0000,60.0000,2.0000,2.0000,s02_B_1v1,Un enemigo tipo B vs 1 agente,-0.6000,0.4000,empate,25.0000,0.0000,tiempo_agotado,validation,20.0000,1.0000,1.0000,aleatorio,0.0000,1.0000,20268458.0000,3.0000,0.0000,0.1500,0.5000,uniforme,reemplazo_aleatorio,torneo,softmax_argmax,3600.0000,0.0000,0.0000,60.0000,60.0000,7-10-6-6,0.2500,reemplazo_aleatorio,tecnica_mutacion
0.3226,0.0000,0.6774,0.0000,0.0000,0.0000,1.0000,1.0000,36.0000,0.0000,5.8696,0.0000,6.1333,2.0000,2.0000,s03_C_1v1,Un enemigo tipo C vs 1 agente,77.4720,0.4000,agente,25.0000,0.0000,bando_jugador_eliminado,validation,20.0000,1.0000,0.0000,aleatorio,0.0000,1.0000,20268589.0000,3.0000,0.0000,0.1500,0.5000,uniforme,reemplazo_aleatorio,torneo,softmax_argmax,368.0000,0.0000,0.0000,6.1333,6.1333,7-10-6-6,0.2500,reemplazo_aleatorio,tecnica_mutacion
0.0000,0.0000,1.0000,0.0000,0.0000,0.0000,1.0000,1.0000,0.0000,0.0000,0.0000,0.0000,60.0000,2.0000,2.0000,s04_humano_1v1,Un jugador humano (bot) vs 1 agente,-0.6000,0.4000,empate,25.0000,0.0000,tiempo_agotado,validation,20.0000,1.0000,1.0000,aleatorio,0.0000,1.0000,20268720.0000,3.0000,0.0000,0.1500,0.5000,uniforme,reemplazo_aleatorio,torneo,softmax_argmax,3600.0000,0.0000,0.0000,60.0000,60.0000,7-10-6-6,0.2500,reemplazo_aleatorio,tecnica_mutacion
0.0000,0.0000,1.0000,0.0000,0.0000,0.0000,1.0000,0.0000,0.0000,88.0000,0.0000,45.5172,1.9333,2.0000,2.0000,s05_A_varios,Varios enemigos tipo A vs 1 agente,-33.0860,0.4000,oponente,25.0000,0.0000,bando_enemigo_eliminado,validation,20.0000,3.0000,3.0000,aleatorio,0.0000,1.0000,20268851.0000,3.0000,0.0000,0.1500,0.5000,uniforme,reemplazo_aleatorio,torneo,softmax_argmax,116.0000,115.0000,0.0000,1.9333,1.9333,7-10-6-6,0.2500,reemplazo_aleatorio,tecnica_mutacion
0.0000,0.0000,1.0000,0.0000,0.0000,0.0000,1.0000,1.0000,72.0000,65.0000,1.2000,1.5425,60.0000,2.0000,2.0000,s06_B_varios,Varios enemigos tipo B vs 1 agente,126.6700,0.4000,empate,25.0000,1.0000,tiempo_agotado,validation,20.0000,3.0000,2.0000,aleatorio,0.0000,1.0000,20268982.0000,3.0000,0.3333,0.1500,0.5000,uniforme,reemplazo_aleatorio,torneo,softmax_argmax,3600.0000,384.0000,0.0000,60.0000,42.1389,7-10-6-6,0.2500,reemplazo_aleatorio,tecnica_mutacion
0.0000,0.0000,1.0000,0.0000,0.0000,0.0000,1.0000,0.0000,60.0000,96.0000,13.0435,20.8696,4.6000,2.0000,2.0000,s07_C_varios,Varios enemigos tipo C vs 1 agente,27.3540,0.4000,oponente,25.0000,0.0000,bando_enemigo_eliminado,validation,20.0000,3.0000,3.0000,aleatorio,0.0000,1.0000,20269113.0000,3.0000,0.0000,0.1500,0.5000,uniforme,reemplazo_aleatorio,torneo,softmax_argmax,276.0000,175.0000,0.0000,4.6000,4.6000,7-10-6-6,0.2500,reemplazo_aleatorio,tecnica_mutacion
0.0000,0.0000,1.0000,0.0000,0.0000,0.0000,1.0000,0.0000,0.0000,90.0000,0.0000,62.7907,1.4333,2.0000,2.0000,s08_mixto_1agente,Varios de todos los enemigos vs 1 agente,-34.6060,0.4000,oponente,25.0000,0.0000,bando_enemigo_eliminado,validation,20.0000,6.0000,6.0000,aleatorio,0.0000,1.0000,20269244.0000,3.0000,0.0000,0.1500,0.5000,uniforme,reemplazo_aleatorio,torneo,softmax_argmax,86.0000,85.0000,0.0000,1.4333,1.4333,7-10-6-6,0.2500,reemplazo_aleatorio,tecnica_mutacion
0.0000,0.0000,1.0000,0.0000,0.0000,0.0000,3.0000,1.0000,96.0000,245.0000,4.3439,15.7697,60.0000,2.0000,2.0000,s09_mixto_varios,Varios de todos los enemigos vs varios agentes,45.5320,0.4000,empate,25.0000,1.0000,tiempo_agotado,validation,20.0000,6.0000,1.0000,aleatorio,0.0000,1.0000,20269375.0000,3.0000,0.1667,0.1500,0.5000,uniforme,reemplazo_aleatorio,torneo,softmax_argmax,3600.0000,329.0000,0.0000,22.1000,15.5361,7-10-6-6,0.2500,reemplazo_aleatorio,tecnica_mutacion
0.0000,0.0000,1.0000,0.0000,0.0000,0.0000,3.0000,3.0000,0.0000,0.0000,0.0000,0.0000,60.0000,2.0000,2.0000,s10_humano_varios,Un jugador humano (bot) vs varios agentes,-1.8000,0.4000,empate,25.0000,0.0000,tiempo_agotado,validation,20.0000,1.0000,1.0000,aleatorio,0.0000,1.0000,20269506.0000,3.0000,0.0000,0.1500,0.5000,uniforme,reemplazo_aleatorio,torneo,softmax_argmax,3600.0000,0.0000,0.0000,60.0000,60.0000,7-10-6-6,0.2500,reemplazo_aleatorio,tecnica_mutacion
0.2558,0.0000,0.7442,0.0000,0.0000,0.0000,1.0000,1.0000,96.0000,32.0000,11.2500,3.7500,8.5333,2.0000,2.0000,s11_D_1v1,Un enemigo tipo D (sanador) vs 1 agente,190.0480,0.4000,agente,25.0000,1.0000,bando_jugador_eliminado,validation,20.0000,1.0000,0.0000,aleatorio,0.0000,1.0000,20269637.0000,3.0000,1.0000,0.1500,0.5000,uniforme,reemplazo_aleatorio,torneo,softmax_argmax,512.0000,0.0000,0.0000,8.5333,8.5333,7-10-6-6,0.2500,reemplazo_aleatorio,tecnica_mutacion
0.0000,0.0000,1.0000,0.0000,0.0000,0.0000,1.0000,0.0000,0.0000,88.0000,0.0000,45.5172,1.9333,2.0000,2.0000,s12_escolta,Dos tipo A escoltados por un sanador vs 1 agente,-33.0860,0.4000,oponente,25.0000,0.0000,bando_enemigo_eliminado,validation,20.0000,3.0000,3.0000,aleatorio,0.0000,1.0000,20269768.0000,3.0000,0.0000,0.1500,0.5000,uniforme,reemplazo_aleatorio,torneo,softmax_argmax,116.0000,115.0000,0.0000,1.9333,1.9333,7-10-6-6,0.2500,reemplazo_aleatorio,tecnica_mutacion
0.0000,0.0000,1.0000,0.0000,0.0000,0.0000,1.0000,0.0000,0.0000,88.0000,0.0000,51.8664,1.9333,2.0000,2.0000,s13_mixto_sanador,"Uno de cada tipo, sanador incluido, vs 1 agente",-33.0860,0.4000,oponente,25.0000,0.0000,bando_enemigo_eliminado,validation,20.0000,5.0000,4.0000,aleatorio,0.0000,1.0000,20269899.0000,3.0000,0.0000,0.1500,0.5000,uniforme,reemplazo_aleatorio,torneo,softmax_argmax,116.0000,115.0000,0.0000,1.9333,1.6967,7-10-6-6,0.2500,reemplazo_aleatorio,tecnica_mutacion
0.2821,0.0000,0.7179,0.0000,0.0000,0.0000,1.0000,1.0000,96.0000,22.0000,12.4138,2.8448,7.7333,2.0000,2.0000,s01_A_1v1,Un enemigo tipo A vs 1 agente,138.8060,0.4000,agente,25.0000,0.0000,bando_jugador_eliminado,validation,20.0000,1.0000,0.0000,aleatorio,0.0000,2.0000,20276246.0000,3.0000,0.0000,0.1500,0.5000,uniforme,reemplazo_aleatorio,torneo,softmax_argmax,464.0000,215.0000,0.0000,7.7333,7.7333,7-10-6-6,0.2500,reemplazo_aleatorio,tecnica_mutacion
0.0000,0.0000,1.0000,0.0000,0.0000,0.0000,1.0000,1.0000,0.0000,0.0000,0.0000,0.0000,60.0000,2.0000,2.0000,s02_B_1v1,Un enemigo tipo B vs 1 agente,-0.6000,0.4000,empate,25.0000,0.0000,tiempo_agotado,validation,20.0000,1.0000,1.0000,aleatorio,0.0000,2.0000,20276377.0000,3.0000,0.0000,0.1500,0.5000,uniforme,reemplazo_aleatorio,torneo,softmax_argmax,3600.0000,0.0000,0.0000,60.0000,60.0000,7-10-6-6,0.2500,reemplazo_aleatorio,tecnica_mutacion
0.3226,0.0000,0.6774,0.0000,0.0000,0.0000,1.0000,1.0000,36.0000,0.0000,5.8696,0.0000,6.1333,2.0000,2.0000,s03_C_1v1,Un enemigo tipo C vs 1 agente,77.4720,0.4000,agente,25.0000,0.0000,bando_jugador_eliminado,validation,20.0000,1.0000,0.0000,aleatorio,0.0000,2.0000,20276508.0000,3.0000,0.0000,0.1500,0.5000,uniforme,reemplazo_aleatorio,torneo,softmax_argmax,368.0000,0.0000,0.0000,6.1333,6.1333,7-10-6-6,0.2500,reemplazo_aleatorio,tecnica_mutacion
0.0000,0.0000,1.0000,0.0000,0.0000,0.0000,1.0000,1.0000,0.0000,0.0000,0.0000,0.0000,60.0000,2.0000,2.0000,s04_humano_1v1,Un jugador humano (bot) vs 1 agente,-0.6000,0.4000,empate,25.0000,0.0000,tiempo_agotado,validation,20.0000,1.0000,1.0000,aleatorio,0.0000,2.0000,20276639.0000,3.0000,0.0000,0.1500,0.5000,uniforme,reemplazo_aleatorio,torneo,softmax_argmax,3600.0000,0.0000,0.0000,60.0000,60.0000,7-10-6-6,0.2500,reemplazo_aleatorio,tecnica_mutacion
0.0000,0.0000,1.0000,0.0000,0.0000,0.0000,1.0000,0.0000,0.0000,88.0000,0.0000,45.5172,1.9333,2.0000,2.0000,s05_A_varios,Varios enemigos tipo A vs 1 agente,-33.0860,0.4000,oponente,25.0000,0.0000,bando_enemigo_eliminado,validation,20.0000,3.0000,3.0000,aleatorio,0.0000,2.0000,20276770.0000,3.0000,0.0000,0.1500,0.5000,uniforme,reemplazo_aleatorio,torneo,softmax_argmax,116.0000,115.0000,0.0000,1.9333,1.9333,7-10-6-6,0.2500,reemplazo_aleatorio,tecnica_mutacion
0.0000,0.0000,1.0000,0.0000,0.0000,0.0000,1.0000,1.0000,72.0000,65.0000,1.2000,1.5425,60.0000,2.0000,2.0000,s06_B_varios,Varios enemigos tipo B vs 1 agente,126.6700,0.4000,empate,25.0000,1.0000,tiempo_agotado,validation,20.0000,3.0000,2.0000,aleatorio,0.0000,2.0000,20276901.0000,3.0000,0.3333,0.1500,0.5000,uniforme,reemplazo_aleatorio,torneo,softmax_argmax,3600.0000,384.0000,0.0000,60.0000,42.1389,7-10-6-6,0.2500,reemplazo_aleatorio,tecnica_mutacion
0.0000,0.0000,1.0000,0.0000,0.0000,0.0000,1.0000,0.0000,60.0000,96.0000,13.0435,20.8696,4.6000,2.0000,2.0000,s07_C_varios,Varios enemigos tipo C vs 1 agente,27.3540,0.4000,oponente,25.0000,0.0000,bando_enemigo_eliminado,validation,20.0000,3.0000,3.0000,aleatorio,0.0000,2.0000,20277032.0000,3.0000,0.0000,0.1500,0.5000,uniforme,reemplazo_aleatorio,torneo,softmax_argmax,276.0000,175.0000,0.0000,4.6000,4.6000,7-10-6-6,0.2500,reemplazo_aleatorio,tecnica_mutacion
0.0000,0.0000,1.0000,0.0000,0.0000,0.0000,1.0000,0.0000,0.0000,90.0000,0.0000,62.7907,1.4333,2.0000,2.0000,s08_mixto_1agente,Varios de todos los enemigos vs 1 agente,-34.6060,0.4000,oponente,25.0000,0.0000,bando_enemigo_eliminado,validation,20.0000,6.0000,6.0000,aleatorio,0.0000,2.0000,20277163.0000,3.0000,0.0000,0.1500,0.5000,uniforme,reemplazo_aleatorio,torneo,softmax_argmax,86.0000,85.0000,0.0000,1.4333,1.4333,7-10-6-6,0.2500,reemplazo_aleatorio,tecnica_mutacion
0.0000,0.0000,1.0000,0.0000,0.0000,0.0000,3.0000,1.0000,96.0000,245.0000,4.3439,15.7697,60.0000,2.0000,2.0000,s09_mixto_varios,Varios de todos los enemigos vs varios agentes,45.5320,0.4000,empate,25.0000,1.0000,tiempo_agotado,validation,20.0000,6.0000,1.0000,aleatorio,0.0000,2.0000,20277294.0000,3.0000,0.1667,0.1500,0.5000,uniforme,reemplazo_aleatorio,torneo,softmax_argmax,3600.0000,329.0000,0.0000,22.1000,15.5361,7-10-6-6,0.2500,reemplazo_aleatorio,tecnica_mutacion
0.0000,0.0000,1.0000,0.0000,0.0000,0.0000,3.0000,3.0000,0.0000,0.0000,0.0000,0.0000,60.0000,2.0000,2.0000,s10_humano_varios,Un jugador humano (bot) vs varios agentes,-1.8000,0.4000,empate,25.0000,0.0000,tiempo_agotado,validation,20.0000,1.0000,1.0000,aleatorio,0.0000,2.0000,20277425.0000,3.0000,0.0000,0.1500,0.5000,uniforme,reemplazo_aleatorio,torneo,softmax_argmax,3600.0000,0.0000,0.0000,60.0000,60.0000,7-10-6-6,0.2500,reemplazo_aleatorio,tecnica_mutacion
0.2558,0.0000,0.7442,0.0000,0.0000,0.0000,1.0000,1.0000,96.0000,32.0000,11.2500,3.7500,8.5333,2.0000,2.0000,s11_D_1v1,Un enemigo tipo D (sanador) vs 1 agente,190.0480,0.4000,agente,25.0000,1.0000,bando_jugador_eliminado,validation,20.0000,1.0000,0.0000,aleatorio,0.0000,2.0000,20277556.0000,3.0000,1.0000,0.1500,0.5000,uniforme,reemplazo_aleatorio,torneo,softmax_argmax,512.0000,0.0000,0.0000,8.5333,8.5333,7-10-6-6,0.2500,reemplazo_aleatorio,tecnica_mutacion
0.0000,0.0000,1.0000,0.0000,0.0000,0.0000,1.0000,0.0000,0.0000,88.0000,0.0000,45.5172,1.9333,2.0000,2.0000,s12_escolta,Dos tipo A escoltados por un sanador vs 1 agente,-33.0860,0.4000,oponente,25.0000,0.0000,bando_enemigo_eliminado,validation,20.0000,3.0000,3.0000,aleatorio,0.0000,2.0000,20277687.0000,3.0000,0.0000,0.1500,0.5000,uniforme,reemplazo_aleatorio,torneo,softmax_argmax,116.0000,115.0000,0.0000,1.9333,1.9333,7-10-6-6,0.2500,reemplazo_aleatorio,tecnica_mutacion
0.0000,0.0000,1.0000,0.0000,0.0000,0.0000,1.0000,0.0000,0.0000,88.0000,0.0000,51.8664,1.9333,2.0000,2.0000,s13_mixto_sanador,"Uno de cada tipo, sanador incluido, vs 1 agente",-33.0860,0.4000,oponente,25.0000,0.0000,bando_enemigo_eliminado,validation,20.0000,5.0000,4.0000,aleatorio,0.0000,2.0000,20277818.0000,3.0000,0.0000,0.1500,0.5000,uniforme,reemplazo_aleatorio,torneo,softmax_argmax,116.0000,115.0000,0.0000,1.9333,1.6967,7-10-6-6,0.2500,reemplazo_aleatorio,tecnica_mutacion
0.2821,0.0000,0.7179,0.0000,0.0000,0.0000,1.0000,1.0000,96.0000,22.0000,12.4138,2.8448,7.7333,2.0000,2.0000,s01_A_1v1,Un enemigo tipo A vs 1 agente,138.8060,0.4000,agente,25.0000,0.0000,bando_jugador_eliminado,validation,20.0000,1.0000,0.0000,aleatorio,0.0000,3.0000,20284165.0000,3.0000,0.0000,0.1500,0.5000,uniforme,reemplazo_aleatorio,torneo,softmax_argmax,464.0000,215.0000,0.0000,7.7333,7.7333,7-10-6-6,0.2500,reemplazo_aleatorio,tecnica_mutacion
0.0000,0.0000,1.0000,0.0000,0.0000,0.0000,1.0000,1.0000,0.0000,0.0000,0.0000,0.0000,60.0000,2.0000,2.0000,s02_B_1v1,Un enemigo tipo B vs 1 agente,-0.6000,0.4000,empate,25.0000,0.0000,tiempo_agotado,validation,20.0000,1.0000,1.0000,aleatorio,0.0000,3.0000,20284296.0000,3.0000,0.0000,0.1500,0.5000,uniforme,reemplazo_aleatorio,torneo,softmax_argmax,3600.0000,0.0000,0.0000,60.0000,60.0000,7-10-6-6,0.2500,reemplazo_aleatorio,tecnica_mutacion
0.3226,0.0000,0.6774,0.0000,0.0000,0.0000,1.0000,1.0000,36.0000,0.0000,5.8696,0.0000,6.1333,2.0000,2.0000,s03_C_1v1,Un enemigo tipo C vs 1 agente,77.4720,0.4000,agente,25.0000,0.0000,bando_jugador_eliminado,validation,20.0000,1.0000,0.0000,aleatorio,0.0000,3.0000,20284427.0000,3.0000,0.0000,0.1500,0.5000,uniforme,reemplazo_aleatorio,torneo,softmax_argmax,368.0000,0.0000,0.0000,6.1333,6.1333,7-10-6-6,0.2500,reemplazo_aleatorio,tecnica_mutacion
0.0000,0.0000,1.0000,0.0000,0.0000,0.0000,1.0000,1.0000,0.0000,0.0000,0.0000,0.0000,60.0000,2.0000,2.0000,s04_humano_1v1,Un jugador humano (bot) vs 1 agente,-0.6000,0.4000,empate,25.0000,0.0000,tiempo_agotado,validation,20.0000,1.0000,1.0000,aleatorio,0.0000,3.0000,20284558.0000,3.0000,0.0000,0.1500,0.5000,uniforme,reemplazo_aleatorio,torneo,softmax_argmax,3600.0000,0.0000,0.0000,60.0000,60.0000,7-10-6-6,0.2500,reemplazo_aleatorio,tecnica_mutacion
0.0000,0.0000,1.0000,0.0000,0.0000,0.0000,1.0000,0.0000,0.0000,88.0000,0.0000,45.5172,1.9333,2.0000,2.0000,s05_A_varios,Varios enemigos tipo A vs 1 agente,-33.0860,0.4000,oponente,25.0000,0.0000,bando_enemigo_eliminado,validation,20.0000,3.0000,3.0000,aleatorio,0.0000,3.0000,20284689.0000,3.0000,0.0000,0.1500,0.5000,uniforme,reemplazo_aleatorio,torneo,softmax_argmax,116.0000,115.0000,0.0000,1.9333,1.9333,7-10-6-6,0.2500,reemplazo_aleatorio,tecnica_mutacion
0.0000,0.0000,1.0000,0.0000,0.0000,0.0000,1.0000,1.0000,72.0000,65.0000,1.2000,1.5425,60.0000,2.0000,2.0000,s06_B_varios,Varios enemigos tipo B vs 1 agente,126.6700,0.4000,empate,25.0000,1.0000,tiempo_agotado,validation,20.0000,3.0000,2.0000,aleatorio,0.0000,3.0000,20284820.0000,3.0000,0.3333,0.1500,0.5000,uniforme,reemplazo_aleatorio,torneo,softmax_argmax,3600.0000,384.0000,0.0000,60.0000,42.1389,7-10-6-6,0.2500,reemplazo_aleatorio,tecnica_mutacion
0.0000,0.0000,1.0000,0.0000,0.0000,0.0000,1.0000,0.0000,60.0000,96.0000,13.0435,20.8696,4.6000,2.0000,2.0000,s07_C_varios,Varios enemigos tipo C vs 1 agente,27.3540,0.4000,oponente,25.0000,0.0000,bando_enemigo_eliminado,validation,20.0000,3.0000,3.0000,aleatorio,0.0000,3.0000,20284951.0000,3.0000,0.0000,0.1500,0.5000,uniforme,reemplazo_aleatorio,torneo,softmax_argmax,276.0000,175.0000,0.0000,4.6000,4.6000,7-10-6-6,0.2500,reemplazo_aleatorio,tecnica_mutacion
0.0000,0.0000,1.0000,0.0000,0.0000,0.0000,1.0000,0.0000,0.0000,90.0000,0.0000,62.7907,1.4333,2.0000,2.0000,s08_mixto_1agente,Varios de todos los enemigos vs 1 agente,-34.6060,0.4000,oponente,25.0000,0.0000,bando_enemigo_eliminado,validation,20.0000,6.0000,6.0000,aleatorio,0.0000,3.0000,20285082.0000,3.0000,0.0000,0.1500,0.5000,uniforme,reemplazo_aleatorio,torneo,softmax_argmax,86.0000,85.0000,0.0000,1.4333,1.4333,7-10-6-6,0.2500,reemplazo_aleatorio,tecnica_mutacion
0.0000,0.0000,1.0000,0.0000,0.0000,0.0000,3.0000,1.0000,96.0000,245.0000,4.3439,15.7697,60.0000,2.0000,2.0000,s09_mixto_varios,Varios de todos los enemigos vs varios agentes,45.5320,0.4000,empate,25.0000,1.0000,tiempo_agotado,validation,20.0000,6.0000,1.0000,aleatorio,0.0000,3.0000,20285213.0000,3.0000,0.1667,0.1500,0.5000,uniforme,reemplazo_aleatorio,torneo,softmax_argmax,3600.0000,329.0000,0.0000,22.1000,15.5361,7-10-6-6,0.2500,reemplazo_aleatorio,tecnica_mutacion
0.0000,0.0000,1.0000,0.0000,0.0000,0.0000,3.0000,3.0000,0.0000,0.0000,0.0000,0.0000,60.0000,2.0000,2.0000,s10_humano_varios,Un jugador humano (bot) vs varios agentes,-1.8000,0.4000,empate,25.0000,0.0000,tiempo_agotado,validation,20.0000,1.0000,1.0000,aleatorio,0.0000,3.0000,20285344.0000,3.0000,0.0000,0.1500,0.5000,uniforme,reemplazo_aleatorio,torneo,softmax_argmax,3600.0000,0.0000,0.0000,60.0000,60.0000,7-10-6-6,0.2500,reemplazo_aleatorio,tecnica_mutacion
0.2558,0.0000,0.7442,0.0000,0.0000,0.0000,1.0000,1.0000,96.0000,32.0000,11.2500,3.7500,8.5333,2.0000,2.0000,s11_D_1v1,Un enemigo tipo D (sanador) vs 1 agente,190.0480,0.4000,agente,25.0000,1.0000,bando_jugador_eliminado,validation,20.0000,1.0000,0.0000,aleatorio,0.0000,3.0000,20285475.0000,3.0000,1.0000,0.1500,0.5000,uniforme,reemplazo_aleatorio,torneo,softmax_argmax,512.0000,0.0000,0.0000,8.5333,8.5333,7-10-6-6,0.2500,reemplazo_aleatorio,tecnica_mutacion
0.0000,0.0000,1.0000,0.0000,0.0000,0.0000,1.0000,0.0000,0.0000,88.0000,0.0000,45.5172,1.9333,2.0000,2.0000,s12_escolta,Dos tipo A escoltados por un sanador vs 1 agente,-33.0860,0.4000,oponente,25.0000,0.0000,bando_enemigo_eliminado,validation,20.0000,3.0000,3.0000,aleatorio,0.0000,3.0000,20285606.0000,3.0000,0.0000,0.1500,0.5000,uniforme,reemplazo_aleatorio,torneo,softmax_argmax,116.0000,115.0000,0.0000,1.9333,1.9333,7-10-6-6,0.2500,reemplazo_aleatorio,tecnica_mutacion
0.0000,0.0000,1.0000,0.0000,0.0000,0.0000,1.0000,0.0000,0.0000,88.0000,0.0000,51.8664,1.9333,2.0000,2.0000,s13_mixto_sanador,"Uno de cada tipo, sanador incluido, vs 1 agente",-33.0860,0.4000,oponente,25.0000,0.0000,bando_enemigo_eliminado,validation,20.0000,5.0000,4.0000,aleatorio,0.0000,3.0000,20285737.0000,3.0000,0.0000,0.1500,0.5000,uniforme,reemplazo_aleatorio,torneo,softmax_argmax,116.0000,115.0000,0.0000,1.9333,1.6967,7-10-6-6,0.2500,reemplazo_aleatorio,tecnica_mutacion
0.2821,0.0000,0.7179,0.0000,0.0000,0.0000,1.0000,1.0000,96.0000,22.0000,12.4138,2.8448,7.7333,2.0000,2.0000,s01_A_1v1,Un enemigo tipo A vs 1 agente,138.8060,0.4000,agente,25.0000,0.0000,bando_jugador_eliminado,validation,20.0000,1.0000,0.0000,aleatorio,0.0000,4.0000,20292084.0000,3.0000,0.0000,0.1500,0.5000,uniforme,reemplazo_aleatorio,torneo,softmax_argmax,464.0000,215.0000,0.0000,7.7333,7.7333,7-10-6-6,0.2500,reemplazo_aleatorio,tecnica_mutacion
0.0000,0.0000,1.0000,0.0000,0.0000,0.0000,1.0000,1.0000,0.0000,0.0000,0.0000,0.0000,60.0000,2.0000,2.0000,s02_B_1v1,Un enemigo tipo B vs 1 agente,-0.6000,0.4000,empate,25.0000,0.0000,tiempo_agotado,validation,20.0000,1.0000,1.0000,aleatorio,0.0000,4.0000,20292215.0000,3.0000,0.0000,0.1500,0.5000,uniforme,reemplazo_aleatorio,torneo,softmax_argmax,3600.0000,0.0000,0.0000,60.0000,60.0000,7-10-6-6,0.2500,reemplazo_aleatorio,tecnica_mutacion
0.3226,0.0000,0.6774,0.0000,0.0000,0.0000,1.0000,1.0000,36.0000,0.0000,5.8696,0.0000,6.1333,2.0000,2.0000,s03_C_1v1,Un enemigo tipo C vs 1 agente,77.4720,0.4000,agente,25.0000,0.0000,bando_jugador_eliminado,validation,20.0000,1.0000,0.0000,aleatorio,0.0000,4.0000,20292346.0000,3.0000,0.0000,0.1500,0.5000,uniforme,reemplazo_aleatorio,torneo,softmax_argmax,368.0000,0.0000,0.0000,6.1333,6.1333,7-10-6-6,0.2500,reemplazo_aleatorio,tecnica_mutacion
0.0000,0.0000,1.0000,0.0000,0.0000,0.0000,1.0000,1.0000,0.0000,0.0000,0.0000,0.0000,60.0000,2.0000,2.0000,s04_humano_1v1,Un jugador humano (bot) vs 1 agente,-0.6000,0.4000,empate,25.0000,0.0000,tiempo_agotado,validation,20.0000,1.0000,1.0000,aleatorio,0.0000,4.0000,20292477.0000,3.0000,0.0000,0.1500,0.5000,uniforme,reemplazo_aleatorio,torneo,softmax_argmax,3600.0000,0.0000,0.0000,60.0000,60.0000,7-10-6-6,0.2500,reemplazo_aleatorio,tecnica_mutacion
0.0000,0.0000,1.0000,0.0000,0.0000,0.0000,1.0000,0.0000,0.0000,88.0000,0.0000,45.5172,1.9333,2.0000,2.0000,s05_A_varios,Varios enemigos tipo A vs 1 agente,-33.0860,0.4000,oponente,25.0000,0.0000,bando_enemigo_eliminado,validation,20.0000,3.0000,3.0000,aleatorio,0.0000,4.0000,20292608.0000,3.0000,0.0000,0.1500,0.5000,uniforme,reemplazo_aleatorio,torneo,softmax_argmax,116.0000,115.0000,0.0000,1.9333,1.9333,7-10-6-6,0.2500,reemplazo_aleatorio,tecnica_mutacion
0.0000,0.0000,1.0000,0.0000,0.0000,0.0000,1.0000,1.0000,72.0000,65.0000,1.2000,1.5425,60.0000,2.0000,2.0000,s06_B_varios,Varios enemigos tipo B vs 1 agente,126.6700,0.4000,empate,25.0000,1.0000,tiempo_agotado,validation,20.0000,3.0000,2.0000,aleatorio,0.0000,4.0000,20292739.0000,3.0000,0.3333,0.1500,0.5000,uniforme,reemplazo_aleatorio,torneo,softmax_argmax,3600.0000,384.0000,0.0000,60.0000,42.1389,7-10-6-6,0.2500,reemplazo_aleatorio,tecnica_mutacion
0.0000,0.0000,1.0000,0.0000,0.0000,0.0000,1.0000,0.0000,60.0000,96.0000,13.0435,20.8696,4.6000,2.0000,2.0000,s07_C_varios,Varios enemigos tipo C vs 1 agente,27.3540,0.4000,oponente,25.0000,0.0000,bando_enemigo_eliminado,validation,20.0000,3.0000,3.0000,aleatorio,0.0000,4.0000,20292870.0000,3.0000,0.0000,0.1500,0.5000,uniforme,reemplazo_aleatorio,torneo,softmax_argmax,276.0000,175.0000,0.0000,4.6000,4.6000,7-10-6-6,0.2500,reemplazo_aleatorio,tecnica_mutacion
0.0000,0.0000,1.0000,0.0000,0.0000,0.0000,1.0000,0.0000,0.0000,90.0000,0.0000,62.7907,1.4333,2.0000,2.0000,s08_mixto_1agente,Varios de todos los enemigos vs 1 agente,-34.6060,0.4000,oponente,25.0000,0.0000,bando_enemigo_eliminado,validation,20.0000,6.0000,6.0000,aleatorio,0.0000,4.0000,20293001.0000,3.0000,0.0000,0.1500,0.5000,uniforme,reemplazo_aleatorio,torneo,softmax_argmax,86.0000,85.0000,0.0000,1.4333,1.4333,7-10-6-6,0.2500,reemplazo_aleatorio,tecnica_mutacion
0.0000,0.0000,1.0000,0.0000,0.0000,0.0000,3.0000,1.0000,96.0000,245.0000,4.3439,15.7697,60.0000,2.0000,2.0000,s09_mixto_varios,Varios de todos los enemigos vs varios agentes,45.5320,0.4000,empate,25.0000,1.0000,tiempo_agotado,validation,20.0000,6.0000,1.0000,aleatorio,0.0000,4.0000,20293132.0000,3.0000,0.1667,0.1500,0.5000,uniforme,reemplazo_aleatorio,torneo,softmax_argmax,3600.0000,329.0000,0.0000,22.1000,15.5361,7-10-6-6,0.2500,reemplazo_aleatorio,tecnica_mutacion
0.0000,0.0000,1.0000,0.0000,0.0000,0.0000,3.0000,3.0000,0.0000,0.0000,0.0000,0.0000,60.0000,2.0000,2.0000,s10_humano_varios,Un jugador humano (bot) vs varios agentes,-1.8000,0.4000,empate,25.0000,0.0000,tiempo_agotado,validation,20.0000,1.0000,1.0000,aleatorio,0.0000,4.0000,20293263.0000,3.0000,0.0000,0.1500,0.5000,uniforme,reemplazo_aleatorio,torneo,softmax_argmax,3600.0000,0.0000,0.0000,60.0000,60.0000,7-10-6-6,0.2500,reemplazo_aleatorio,tecnica_mutacion
0.2558,0.0000,0.7442,0.0000,0.0000,0.0000,1.0000,1.0000,96.0000,32.0000,11.2500,3.7500,8.5333,2.0000,2.0000,s11_D_1v1,Un enemigo tipo D (sanador) vs 1 agente,190.0480,0.4000,agente,25.0000,1.0000,bando_jugador_eliminado,validation,20.0000,1.0000,0.0000,aleatorio,0.0000,4.0000,20293394.0000,3.0000,1.0000,0.1500,0.5000,uniforme,reemplazo_aleatorio,torneo,softmax_argmax,512.0000,0.0000,0.0000,8.5333,8.5333,7-10-6-6,0.2500,reemplazo_aleatorio,tecnica_mutacion
0.0000,0.0000,1.0000,0.0000,0.0000,0.0000,1.0000,0.0000,0.0000,88.0000,0.0000,45.5172,1.9333,2.0000,2.0000,s12_escolta,Dos tipo A escoltados por un sanador vs 1 agente,-33.0860,0.4000,oponente,25.0000,0.0000,bando_enemigo_eliminado,validation,20.0000,3.0000,3.0000,aleatorio,0.0000,4.0000,20293525.0000,3.0000,0.0000,0.1500,0.5000,uniforme,reemplazo_aleatorio,torneo,softmax_argmax,116.0000,115.0000,0.0000,1.9333,1.9333,7-10-6-6,0.2500,reemplazo_aleatorio,tecnica_mutacion
0.0000,0.0000,1.0000,0.0000,0.0000,0.0000,1.0000,0.0000,0.0000,88.0000,0.0000,51.8664,1.9333,2.0000,2.0000,s13_mixto_sanador,"Uno de cada tipo, sanador incluido, vs 1 agente",-33.0860,0.4000,oponente,25.0000,0.0000,bando_enemigo_eliminado,validation,20.0000,5.0000,4.0000,aleatorio,0.0000,4.0000,20293656.0000,3.0000,0.0000,0.1500,0.5000,uniforme,reemplazo_aleatorio,torneo,softmax_argmax,116.0000,115.0000,0.0000,1.9333,1.6967,7-10-6-6,0.2500,reemplazo_aleatorio,tecnica_mutacion
0.2680,0.0000,0.4536,0.0000,0.1031,0.1753,1.0000,0.0000,48.0000,110.0000,4.9485,11.3402,9.7000,2.0000,2.0000,s01_A_1v1,Un enemigo tipo A vs 1 agente,22.1280,0.4000,oponente,25.0000,0.0000,bando_enemigo_eliminado,validation,20.0000,1.0000,1.0000,aleatorio,1.0000,0.0000,20260408.0000,3.0000,0.0000,0.1500,0.5000,uniforme,gaussiana,ruleta,softmax_argmax,582.0000,210.0000,0.0000,9.7000,9.7000,7-10-6-6,0.2500,ruleta,tecnica_seleccion
0.0000,0.0000,0.0986,0.0000,0.0423,0.8592,1.0000,1.0000,76.0000,13.0000,10.8314,1.8527,7.0167,2.0000,2.0000,s02_B_1v1,Un enemigo tipo B vs 1 agente,178.4840,0.4000,agente,25.0000,1.0000,bando_jugador_eliminado,validation,20.0000,1.0000,0.0000,aleatorio,0.0000,0.0000,20260539.0000,3.0000,1.0000,0.1500,0.5000,uniforme,gaussiana,ruleta,softmax_argmax,421.0000,135.0000,0.0000,7.0167,7.0167,7-10-6-6,0.2500,ruleta,tecnica_seleccion
0.0323,0.0000,0.5484,0.0000,0.1290,0.2903,1.0000,1.0000,36.0000,0.0000,5.8696,0.0000,6.1333,2.0000,2.0000,s03_C_1v1,Un enemigo tipo C vs 1 agente,77.4720,0.4000,agente,25.0000,0.0000,bando_jugador_eliminado,validation,20.0000,1.0000,0.0000,aleatorio,0.0000,0.0000,20260670.0000,3.0000,0.0000,0.1500,0.5000,uniforme,gaussiana,ruleta,softmax_argmax,368.0000,0.0000,0.0000,6.1333,6.1333,7-10-6-6,0.2500,ruleta,tecnica_seleccion
0.0897,0.0000,0.3718,0.0000,0.0256,0.5128,1.0000,0.0000,24.0000,96.0000,3.0968,12.3871,7.7500,2.0000,2.0000,s04_humano_1v1,Un jugador humano (bot) vs 1 agente,-7.4400,0.4000,oponente,25.0000,0.0000,bando_enemigo_eliminado,validation,20.0000,1.0000,1.0000,aleatorio,0.0000,0.0000,20260801.0000,3.0000,0.0000,0.1500,0.5000,uniforme,gaussiana,ruleta,softmax_argmax,465.0000,190.0000,0.0000,7.7500,7.7500,7-10-6-6,0.2500,ruleta,tecnica_seleccion
0.5714,0.0000,0.1905,0.0476,0.1429,0.0476,1.0000,0.0000,56.0000,88.0000,27.3171,42.9268,2.0500,2.0000,2.0000,s05_A_varios,Varios enemigos tipo A vs 1 agente,23.1520,0.4000,oponente,25.0000,0.0000,bando_enemigo_eliminado,validation,20.0000,3.0000,3.0000,aleatorio,0.0000,0.0000,20260932.0000,3.0000,0.0000,0.1500,0.5000,uniforme,gaussiana,ruleta,softmax_argmax,123.0000,122.0000,0.0000,2.0500,2.0500,7-10-6-6,0.2500,ruleta,tecnica_seleccion
0.1200,0.0000,0.1050,0.0000,0.0350,0.7400,1.0000,1.0000,228.8000,78.0000,11.4879,6.2847,19.9167,2.0000,2.0000,s06_B_varios,Varios enemigos tipo B vs 1 agente,460.7800,0.4000,agente,25.0000,3.0000,bando_jugador_eliminado,validation,20.0000,3.0000,0.0000,aleatorio,0.0000,0.0000,20261063.0000,3.0000,1.0000,0.1500,0.5000,uniforme,gaussiana,ruleta,softmax_argmax,1195.0000,890.0000,0.0000,19.9167,12.4111,7-10-6-6,0.2500,ruleta,tecnica_seleccion
0.3600,0.0000,0.4600,0.0000,0.0000,0.1800,1.0000,0.0000,48.0000,96.0000,9.7627,19.5254,4.9167,2.0000,2.0000,s07_C_varios,Varios enemigos tipo C vs 1 agente,19.0000,0.4000,oponente,25.0000,0.0000,bando_enemigo_eliminado,validation,20.0000,3.0000,3.0000,aleatorio,0.0000,0.0000,20261194.0000,3.0000,0.0000,0.1500,0.5000,uniforme,gaussiana,ruleta,softmax_argmax,295.0000,294.0000,0.0000,4.9167,4.9167,7-10-6-6,0.2500,ruleta,tecnica_seleccion
0.5714,0.0000,0.1905,0.0476,0.1429,0.0476,1.0000,0.0000,56.0000,88.0000,27.3171,42.9268,2.0500,2.0000,2.0000,s08_mixto_1agente,Varios de todos los enemigos vs 1 agente,23.1520,0.4000,oponente,25.0000,0.0000,bando_enemigo_eliminado,validation,20.0000,6.0000,6.0000,aleatorio,0.0000,0.0000,20261325.0000,3.0000,0.0000,0.1500,0.5000,uniforme,gaussiana,ruleta,softmax_argmax,123.0000,122.0000,0.0000,2.0500,2.0500,7-10-6-6,0.2500,ruleta,tecnica_seleccion
0.3449,0.0000,0.2888,0.0484,0.0796,0.2383,3.0000,0.0000,128.0000,202.0000,51.8919,50.2905,4.0167,2.0000,2.0000,s09_mixto_varios,Varios de todos los enemigos vs varios agentes,45.7060,0.4000,oponente,25.0000,0.0000,bando_enemigo_eliminado,validation,20.0000,6.0000,6.0000,aleatorio,0.0000,0.0000,20261456.0000,3.0000,0.0000,0.1500,0.5000,uniforme,gaussiana,ruleta,softmax_argmax,241.0000,381.0000,0.0000,2.4667,4.0167,7-10-6-6,0.2500,ruleta,tecnica_seleccion
0.0233,0.0000,0.1978,0.0000,0.0253,0.7536,3.0000,0.0000,52.0000,94.0000,6.6953,10.2545,9.1667,2.0000,2.0000,s10_humano_varios,Un jugador humano (bot) vs varios agentes,7.0320,0.4000,oponente,25.0000,0.0000,bando_enemigo_eliminado,validation,20.0000,1.0000,1.0000,aleatorio,0.0000,0.0000,20261587.0000,3.0000,0.0000,0.1500,0.5000,uniforme,gaussiana,ruleta,softmax_argmax,550.0000,598.0000,0.0000,7.7667,9.1667,7-10-6-6,0.2500,ruleta,tecnica_seleccion
0.2570,0.0000,0.6034,0.0000,0.0503,0.0894,1.0000,1.0000,132.0000,56.0000,7.3950,3.1373,17.8500,2.0000,2.0000,s11_D_1v1,Un enemigo tipo D (sanador) vs 1 agente,228.7040,0.4000,agente,25.0000,1.0000,bando_jugador_eliminado,validation,20.0000,1.0000,0.0000,aleatorio,0.0000,0.0000,20261718.0000,3.0000,1.0000,0.1500,0.5000,uniforme,gaussiana,ruleta,softmax_argmax,1071.0000,214.0000,0.0000,17.8500,17.8500,7-10-6-6,0.2500,ruleta,tecnica_seleccion
0.5714,0.0000,0.1905,0.0476,0.1429,0.0476,1.0000,0.0000,56.0000,88.0000,27.3171,42.9268,2.0500,2.0000,2.0000,s12_escolta,Dos tipo A escoltados por un sanador vs 1 agente,23.1520,0.4000,oponente,25.0000,0.0000,bando_enemigo_eliminado,validation,20.0000,3.0000,3.0000,aleatorio,0.0000,0.0000,20261849.0000,3.0000,0.0000,0.1500,0.5000,uniforme,gaussiana,ruleta,softmax_argmax,123.0000,122.0000,0.0000,2.0500,2.0500,7-10-6-6,0.2500,ruleta,tecnica_seleccion
0.5714,0.0000,0.1905,0.0476,0.1429,0.0476,1.0000,0.0000,56.0000,96.0000,27.3171,46.8293,2.0500,2.0000,2.0000,s13_mixto_sanador,"Uno de cada tipo, sanador incluido, vs 1 agente",21.1520,0.4000,oponente,25.0000,0.0000,bando_enemigo_eliminado,validation,20.0000,5.0000,5.0000,aleatorio,0.0000,0.0000,20261980.0000,3.0000,0.0000,0.1500,0.5000,uniforme,gaussiana,ruleta,softmax_argmax,123.0000,122.0000,0.0000,2.0500,2.0500,7-10-6-6,0.2500,ruleta,tecnica_seleccion
0.2680,0.0000,0.4536,0.0000,0.1031,0.1753,1.0000,0.0000,48.0000,110.0000,4.9485,11.3402,9.7000,2.0000,2.0000,s01_A_1v1,Un enemigo tipo A vs 1 agente,22.1280,0.4000,oponente,25.0000,0.0000,bando_enemigo_eliminado,validation,20.0000,1.0000,1.0000,aleatorio,1.0000,1.0000,20268327.0000,3.0000,0.0000,0.1500,0.5000,uniforme,gaussiana,ruleta,softmax_argmax,582.0000,210.0000,0.0000,9.7000,9.7000,7-10-6-6,0.2500,ruleta,tecnica_seleccion
0.0000,0.0000,0.0986,0.0000,0.0423,0.8592,1.0000,1.0000,76.0000,13.0000,10.8314,1.8527,7.0167,2.0000,2.0000,s02_B_1v1,Un enemigo tipo B vs 1 agente,178.4840,0.4000,agente,25.0000,1.0000,bando_jugador_eliminado,validation,20.0000,1.0000,0.0000,aleatorio,0.0000,1.0000,20268458.0000,3.0000,1.0000,0.1500,0.5000,uniforme,gaussiana,ruleta,softmax_argmax,421.0000,135.0000,0.0000,7.0167,7.0167,7-10-6-6,0.2500,ruleta,tecnica_seleccion
0.0323,0.0000,0.5484,0.0000,0.1290,0.2903,1.0000,1.0000,36.0000,0.0000,5.8696,0.0000,6.1333,2.0000,2.0000,s03_C_1v1,Un enemigo tipo C vs 1 agente,77.4720,0.4000,agente,25.0000,0.0000,bando_jugador_eliminado,validation,20.0000,1.0000,0.0000,aleatorio,0.0000,1.0000,20268589.0000,3.0000,0.0000,0.1500,0.5000,uniforme,gaussiana,ruleta,softmax_argmax,368.0000,0.0000,0.0000,6.1333,6.1333,7-10-6-6,0.2500,ruleta,tecnica_seleccion
0.0897,0.0000,0.3718,0.0000,0.0256,0.5128,1.0000,0.0000,24.0000,96.0000,3.0968,12.3871,7.7500,2.0000,2.0000,s04_humano_1v1,Un jugador humano (bot) vs 1 agente,-7.4400,0.4000,oponente,25.0000,0.0000,bando_enemigo_eliminado,validation,20.0000,1.0000,1.0000,aleatorio,0.0000,1.0000,20268720.0000,3.0000,0.0000,0.1500,0.5000,uniforme,gaussiana,ruleta,softmax_argmax,465.0000,190.0000,0.0000,7.7500,7.7500,7-10-6-6,0.2500,ruleta,tecnica_seleccion
0.5714,0.0000,0.1905,0.0476,0.1429,0.0476,1.0000,0.0000,56.0000,88.0000,27.3171,42.9268,2.0500,2.0000,2.0000,s05_A_varios,Varios enemigos tipo A vs 1 agente,23.1520,0.4000,oponente,25.0000,0.0000,bando_enemigo_eliminado,validation,20.0000,3.0000,3.0000,aleatorio,0.0000,1.0000,20268851.0000,3.0000,0.0000,0.1500,0.5000,uniforme,gaussiana,ruleta,softmax_argmax,123.0000,122.0000,0.0000,2.0500,2.0500,7-10-6-6,0.2500,ruleta,tecnica_seleccion
0.1200,0.0000,0.1050,0.0000,0.0350,0.7400,1.0000,1.0000,228.8000,78.0000,11.4879,6.2847,19.9167,2.0000,2.0000,s06_B_varios,Varios enemigos tipo B vs 1 agente,460.7800,0.4000,agente,25.0000,3.0000,bando_jugador_eliminado,validation,20.0000,3.0000,0.0000,aleatorio,0.0000,1.0000,20268982.0000,3.0000,1.0000,0.1500,0.5000,uniforme,gaussiana,ruleta,softmax_argmax,1195.0000,890.0000,0.0000,19.9167,12.4111,7-10-6-6,0.2500,ruleta,tecnica_seleccion
0.3600,0.0000,0.4600,0.0000,0.0000,0.1800,1.0000,0.0000,48.0000,96.0000,9.7627,19.5254,4.9167,2.0000,2.0000,s07_C_varios,Varios enemigos tipo C vs 1 agente,19.0000,0.4000,oponente,25.0000,0.0000,bando_enemigo_eliminado,validation,20.0000,3.0000,3.0000,aleatorio,0.0000,1.0000,20269113.0000,3.0000,0.0000,0.1500,0.5000,uniforme,gaussiana,ruleta,softmax_argmax,295.0000,294.0000,0.0000,4.9167,4.9167,7-10-6-6,0.2500,ruleta,tecnica_seleccion
0.5714,0.0000,0.1905,0.0476,0.1429,0.0476,1.0000,0.0000,56.0000,88.0000,27.3171,42.9268,2.0500,2.0000,2.0000,s08_mixto_1agente,Varios de todos los enemigos vs 1 agente,23.1520,0.4000,oponente,25.0000,0.0000,bando_enemigo_eliminado,validation,20.0000,6.0000,6.0000,aleatorio,0.0000,1.0000,20269244.0000,3.0000,0.0000,0.1500,0.5000,uniforme,gaussiana,ruleta,softmax_argmax,123.0000,122.0000,0.0000,2.0500,2.0500,7-10-6-6,0.2500,ruleta,tecnica_seleccion
0.3449,0.0000,0.2888,0.0484,0.0796,0.2383,3.0000,0.0000,128.0000,202.0000,51.8919,50.2905,4.0167,2.0000,2.0000,s09_mixto_varios,Varios de todos los enemigos vs varios agentes,45.7060,0.4000,oponente,25.0000,0.0000,bando_enemigo_eliminado,validation,20.0000,6.0000,6.0000,aleatorio,0.0000,1.0000,20269375.0000,3.0000,0.0000,0.1500,0.5000,uniforme,gaussiana,ruleta,softmax_argmax,241.0000,381.0000,0.0000,2.4667,4.0167,7-10-6-6,0.2500,ruleta,tecnica_seleccion
0.0233,0.0000,0.1978,0.0000,0.0253,0.7536,3.0000,0.0000,52.0000,94.0000,6.6953,10.2545,9.1667,2.0000,2.0000,s10_humano_varios,Un jugador humano (bot) vs varios agentes,7.0320,0.4000,oponente,25.0000,0.0000,bando_enemigo_eliminado,validation,20.0000,1.0000,1.0000,aleatorio,0.0000,1.0000,20269506.0000,3.0000,0.0000,0.1500,0.5000,uniforme,gaussiana,ruleta,softmax_argmax,550.0000,598.0000,0.0000,7.7667,9.1667,7-10-6-6,0.2500,ruleta,tecnica_seleccion
0.2570,0.0000,0.6034,0.0000,0.0503,0.0894,1.0000,1.0000,132.0000,56.0000,7.3950,3.1373,17.8500,2.0000,2.0000,s11_D_1v1,Un enemigo tipo D (sanador) vs 1 agente,228.7040,0.4000,agente,25.0000,1.0000,bando_jugador_eliminado,validation,20.0000,1.0000,0.0000,aleatorio,0.0000,1.0000,20269637.0000,3.0000,1.0000,0.1500,0.5000,uniforme,gaussiana,ruleta,softmax_argmax,1071.0000,214.0000,0.0000,17.8500,17.8500,7-10-6-6,0.2500,ruleta,tecnica_seleccion
0.5714,0.0000,0.1905,0.0476,0.1429,0.0476,1.0000,0.0000,56.0000,88.0000,27.3171,42.9268,2.0500,2.0000,2.0000,s12_escolta,Dos tipo A escoltados por un sanador vs 1 agente,23.1520,0.4000,oponente,25.0000,0.0000,bando_enemigo_eliminado,validation,20.0000,3.0000,3.0000,aleatorio,0.0000,1.0000,20269768.0000,3.0000,0.0000,0.1500,0.5000,uniforme,gaussiana,ruleta,softmax_argmax,123.0000,122.0000,0.0000,2.0500,2.0500,7-10-6-6,0.2500,ruleta,tecnica_seleccion
0.5714,0.0000,0.1905,0.0476,0.1429,0.0476,1.0000,0.0000,56.0000,96.0000,27.3171,46.8293,2.0500,2.0000,2.0000,s13_mixto_sanador,"Uno de cada tipo, sanador incluido, vs 1 agente",21.1520,0.4000,oponente,25.0000,0.0000,bando_enemigo_eliminado,validation,20.0000,5.0000,5.0000,aleatorio,0.0000,1.0000,20269899.0000,3.0000,0.0000,0.1500,0.5000,uniforme,gaussiana,ruleta,softmax_argmax,123.0000,122.0000,0.0000,2.0500,2.0500,7-10-6-6,0.2500,ruleta,tecnica_seleccion
0.2680,0.0000,0.4536,0.0000,0.1031,0.1753,1.0000,0.0000,48.0000,110.0000,4.9485,11.3402,9.7000,2.0000,2.0000,s01_A_1v1,Un enemigo tipo A vs 1 agente,22.1280,0.4000,oponente,25.0000,0.0000,bando_enemigo_eliminado,validation,20.0000,1.0000,1.0000,aleatorio,1.0000,2.0000,20276246.0000,3.0000,0.0000,0.1500,0.5000,uniforme,gaussiana,ruleta,softmax_argmax,582.0000,210.0000,0.0000,9.7000,9.7000,7-10-6-6,0.2500,ruleta,tecnica_seleccion
0.0000,0.0000,0.0986,0.0000,0.0423,0.8592,1.0000,1.0000,76.0000,13.0000,10.8314,1.8527,7.0167,2.0000,2.0000,s02_B_1v1,Un enemigo tipo B vs 1 agente,178.4840,0.4000,agente,25.0000,1.0000,bando_jugador_eliminado,validation,20.0000,1.0000,0.0000,aleatorio,0.0000,2.0000,20276377.0000,3.0000,1.0000,0.1500,0.5000,uniforme,gaussiana,ruleta,softmax_argmax,421.0000,135.0000,0.0000,7.0167,7.0167,7-10-6-6,0.2500,ruleta,tecnica_seleccion
0.0323,0.0000,0.5484,0.0000,0.1290,0.2903,1.0000,1.0000,36.0000,0.0000,5.8696,0.0000,6.1333,2.0000,2.0000,s03_C_1v1,Un enemigo tipo C vs 1 agente,77.4720,0.4000,agente,25.0000,0.0000,bando_jugador_eliminado,validation,20.0000,1.0000,0.0000,aleatorio,0.0000,2.0000,20276508.0000,3.0000,0.0000,0.1500,0.5000,uniforme,gaussiana,ruleta,softmax_argmax,368.0000,0.0000,0.0000,6.1333,6.1333,7-10-6-6,0.2500,ruleta,tecnica_seleccion
0.0897,0.0000,0.3718,0.0000,0.0256,0.5128,1.0000,0.0000,24.0000,96.0000,3.0968,12.3871,7.7500,2.0000,2.0000,s04_humano_1v1,Un jugador humano (bot) vs 1 agente,-7.4400,0.4000,oponente,25.0000,0.0000,bando_enemigo_eliminado,validation,20.0000,1.0000,1.0000,aleatorio,0.0000,2.0000,20276639.0000,3.0000,0.0000,0.1500,0.5000,uniforme,gaussiana,ruleta,softmax_argmax,465.0000,190.0000,0.0000,7.7500,7.7500,7-10-6-6,0.2500,ruleta,tecnica_seleccion
0.5714,0.0000,0.1905,0.0476,0.1429,0.0476,1.0000,0.0000,56.0000,88.0000,27.3171,42.9268,2.0500,2.0000,2.0000,s05_A_varios,Varios enemigos tipo A vs 1 agente,23.1520,0.4000,oponente,25.0000,0.0000,bando_enemigo_eliminado,validation,20.0000,3.0000,3.0000,aleatorio,0.0000,2.0000,20276770.0000,3.0000,0.0000,0.1500,0.5000,uniforme,gaussiana,ruleta,softmax_argmax,123.0000,122.0000,0.0000,2.0500,2.0500,7-10-6-6,0.2500,ruleta,tecnica_seleccion
0.1200,0.0000,0.1050,0.0000,0.0350,0.7400,1.0000,1.0000,228.8000,78.0000,11.4879,6.2847,19.9167,2.0000,2.0000,s06_B_varios,Varios enemigos tipo B vs 1 agente,460.7800,0.4000,agente,25.0000,3.0000,bando_jugador_eliminado,validation,20.0000,3.0000,0.0000,aleatorio,0.0000,2.0000,20276901.0000,3.0000,1.0000,0.1500,0.5000,uniforme,gaussiana,ruleta,softmax_argmax,1195.0000,890.0000,0.0000,19.9167,12.4111,7-10-6-6,0.2500,ruleta,tecnica_seleccion
0.3600,0.0000,0.4600,0.0000,0.0000,0.1800,1.0000,0.0000,48.0000,96.0000,9.7627,19.5254,4.9167,2.0000,2.0000,s07_C_varios,Varios enemigos tipo C vs 1 agente,19.0000,0.4000,oponente,25.0000,0.0000,bando_enemigo_eliminado,validation,20.0000,3.0000,3.0000,aleatorio,0.0000,2.0000,20277032.0000,3.0000,0.0000,0.1500,0.5000,uniforme,gaussiana,ruleta,softmax_argmax,295.0000,294.0000,0.0000,4.9167,4.9167,7-10-6-6,0.2500,ruleta,tecnica_seleccion
0.5714,0.0000,0.1905,0.0476,0.1429,0.0476,1.0000,0.0000,56.0000,88.0000,27.3171,42.9268,2.0500,2.0000,2.0000,s08_mixto_1agente,Varios de todos los enemigos vs 1 agente,23.1520,0.4000,oponente,25.0000,0.0000,bando_enemigo_eliminado,validation,20.0000,6.0000,6.0000,aleatorio,0.0000,2.0000,20277163.0000,3.0000,0.0000,0.1500,0.5000,uniforme,gaussiana,ruleta,softmax_argmax,123.0000,122.0000,0.0000,2.0500,2.0500,7-10-6-6,0.2500,ruleta,tecnica_seleccion
0.3449,0.0000,0.2888,0.0484,0.0796,0.2383,3.0000,0.0000,128.0000,202.0000,51.8919,50.2905,4.0167,2.0000,2.0000,s09_mixto_varios,Varios de todos los enemigos vs varios agentes,45.7060,0.4000,oponente,25.0000,0.0000,bando_enemigo_eliminado,validation,20.0000,6.0000,6.0000,aleatorio,0.0000,2.0000,20277294.0000,3.0000,0.0000,0.1500,0.5000,uniforme,gaussiana,ruleta,softmax_argmax,241.0000,381.0000,0.0000,2.4667,4.0167,7-10-6-6,0.2500,ruleta,tecnica_seleccion
0.0233,0.0000,0.1978,0.0000,0.0253,0.7536,3.0000,0.0000,52.0000,94.0000,6.6953,10.2545,9.1667,2.0000,2.0000,s10_humano_varios,Un jugador humano (bot) vs varios agentes,7.0320,0.4000,oponente,25.0000,0.0000,bando_enemigo_eliminado,validation,20.0000,1.0000,1.0000,aleatorio,0.0000,2.0000,20277425.0000,3.0000,0.0000,0.1500,0.5000,uniforme,gaussiana,ruleta,softmax_argmax,550.0000,598.0000,0.0000,7.7667,9.1667,7-10-6-6,0.2500,ruleta,tecnica_seleccion
0.2570,0.0000,0.6034,0.0000,0.0503,0.0894,1.0000,1.0000,132.0000,56.0000,7.3950,3.1373,17.8500,2.0000,2.0000,s11_D_1v1,Un enemigo tipo D (sanador) vs 1 agente,228.7040,0.4000,agente,25.0000,1.0000,bando_jugador_eliminado,validation,20.0000,1.0000,0.0000,aleatorio,0.0000,2.0000,20277556.0000,3.0000,1.0000,0.1500,0.5000,uniforme,gaussiana,ruleta,softmax_argmax,1071.0000,214.0000,0.0000,17.8500,17.8500,7-10-6-6,0.2500,ruleta,tecnica_seleccion
0.5714,0.0000,0.1905,0.0476,0.1429,0.0476,1.0000,0.0000,56.0000,88.0000,27.3171,42.9268,2.0500,2.0000,2.0000,s12_escolta,Dos tipo A escoltados por un sanador vs 1 agente,23.1520,0.4000,oponente,25.0000,0.0000,bando_enemigo_eliminado,validation,20.0000,3.0000,3.0000,aleatorio,0.0000,2.0000,20277687.0000,3.0000,0.0000,0.1500,0.5000,uniforme,gaussiana,ruleta,softmax_argmax,123.0000,122.0000,0.0000,2.0500,2.0500,7-10-6-6,0.2500,ruleta,tecnica_seleccion
0.5714,0.0000,0.1905,0.0476,0.1429,0.0476,1.0000,0.0000,56.0000,96.0000,27.3171,46.8293,2.0500,2.0000,2.0000,s13_mixto_sanador,"Uno de cada tipo, sanador incluido, vs 1 agente",21.1520,0.4000,oponente,25.0000,0.0000,bando_enemigo_eliminado,validation,20.0000,5.0000,5.0000,aleatorio,0.0000,2.0000,20277818.0000,3.0000,0.0000,0.1500,0.5000,uniforme,gaussiana,ruleta,softmax_argmax,123.0000,122.0000,0.0000,2.0500,2.0500,7-10-6-6,0.2500,ruleta,tecnica_seleccion
0.2680,0.0000,0.4536,0.0000,0.1031,0.1753,1.0000,0.0000,48.0000,110.0000,4.9485,11.3402,9.7000,2.0000,2.0000,s01_A_1v1,Un enemigo tipo A vs 1 agente,22.1280,0.4000,oponente,25.0000,0.0000,bando_enemigo_eliminado,validation,20.0000,1.0000,1.0000,aleatorio,1.0000,3.0000,20284165.0000,3.0000,0.0000,0.1500,0.5000,uniforme,gaussiana,ruleta,softmax_argmax,582.0000,210.0000,0.0000,9.7000,9.7000,7-10-6-6,0.2500,ruleta,tecnica_seleccion
0.0000,0.0000,0.0986,0.0000,0.0423,0.8592,1.0000,1.0000,76.0000,13.0000,10.8314,1.8527,7.0167,2.0000,2.0000,s02_B_1v1,Un enemigo tipo B vs 1 agente,178.4840,0.4000,agente,25.0000,1.0000,bando_jugador_eliminado,validation,20.0000,1.0000,0.0000,aleatorio,0.0000,3.0000,20284296.0000,3.0000,1.0000,0.1500,0.5000,uniforme,gaussiana,ruleta,softmax_argmax,421.0000,135.0000,0.0000,7.0167,7.0167,7-10-6-6,0.2500,ruleta,tecnica_seleccion
0.0323,0.0000,0.5484,0.0000,0.1290,0.2903,1.0000,1.0000,36.0000,0.0000,5.8696,0.0000,6.1333,2.0000,2.0000,s03_C_1v1,Un enemigo tipo C vs 1 agente,77.4720,0.4000,agente,25.0000,0.0000,bando_jugador_eliminado,validation,20.0000,1.0000,0.0000,aleatorio,0.0000,3.0000,20284427.0000,3.0000,0.0000,0.1500,0.5000,uniforme,gaussiana,ruleta,softmax_argmax,368.0000,0.0000,0.0000,6.1333,6.1333,7-10-6-6,0.2500,ruleta,tecnica_seleccion
0.0897,0.0000,0.3718,0.0000,0.0256,0.5128,1.0000,0.0000,24.0000,96.0000,3.0968,12.3871,7.7500,2.0000,2.0000,s04_humano_1v1,Un jugador humano (bot) vs 1 agente,-7.4400,0.4000,oponente,25.0000,0.0000,bando_enemigo_eliminado,validation,20.0000,1.0000,1.0000,aleatorio,0.0000,3.0000,20284558.0000,3.0000,0.0000,0.1500,0.5000,uniforme,gaussiana,ruleta,softmax_argmax,465.0000,190.0000,0.0000,7.7500,7.7500,7-10-6-6,0.2500,ruleta,tecnica_seleccion
0.5714,0.0000,0.1905,0.0476,0.1429,0.0476,1.0000,0.0000,56.0000,88.0000,27.3171,42.9268,2.0500,2.0000,2.0000,s05_A_varios,Varios enemigos tipo A vs 1 agente,23.1520,0.4000,oponente,25.0000,0.0000,bando_enemigo_eliminado,validation,20.0000,3.0000,3.0000,aleatorio,0.0000,3.0000,20284689.0000,3.0000,0.0000,0.1500,0.5000,uniforme,gaussiana,ruleta,softmax_argmax,123.0000,122.0000,0.0000,2.0500,2.0500,7-10-6-6,0.2500,ruleta,tecnica_seleccion
0.1200,0.0000,0.1050,0.0000,0.0350,0.7400,1.0000,1.0000,228.8000,78.0000,11.4879,6.2847,19.9167,2.0000,2.0000,s06_B_varios,Varios enemigos tipo B vs 1 agente,460.7800,0.4000,agente,25.0000,3.0000,bando_jugador_eliminado,validation,20.0000,3.0000,0.0000,aleatorio,0.0000,3.0000,20284820.0000,3.0000,1.0000,0.1500,0.5000,uniforme,gaussiana,ruleta,softmax_argmax,1195.0000,890.0000,0.0000,19.9167,12.4111,7-10-6-6,0.2500,ruleta,tecnica_seleccion
0.3600,0.0000,0.4600,0.0000,0.0000,0.1800,1.0000,0.0000,48.0000,96.0000,9.7627,19.5254,4.9167,2.0000,2.0000,s07_C_varios,Varios enemigos tipo C vs 1 agente,19.0000,0.4000,oponente,25.0000,0.0000,bando_enemigo_eliminado,validation,20.0000,3.0000,3.0000,aleatorio,0.0000,3.0000,20284951.0000,3.0000,0.0000,0.1500,0.5000,uniforme,gaussiana,ruleta,softmax_argmax,295.0000,294.0000,0.0000,4.9167,4.9167,7-10-6-6,0.2500,ruleta,tecnica_seleccion
0.5714,0.0000,0.1905,0.0476,0.1429,0.0476,1.0000,0.0000,56.0000,88.0000,27.3171,42.9268,2.0500,2.0000,2.0000,s08_mixto_1agente,Varios de todos los enemigos vs 1 agente,23.1520,0.4000,oponente,25.0000,0.0000,bando_enemigo_eliminado,validation,20.0000,6.0000,6.0000,aleatorio,0.0000,3.0000,20285082.0000,3.0000,0.0000,0.1500,0.5000,uniforme,gaussiana,ruleta,softmax_argmax,123.0000,122.0000,0.0000,2.0500,2.0500,7-10-6-6,0.2500,ruleta,tecnica_seleccion
0.3449,0.0000,0.2888,0.0484,0.0796,0.2383,3.0000,0.0000,128.0000,202.0000,51.8919,50.2905,4.0167,2.0000,2.0000,s09_mixto_varios,Varios de todos los enemigos vs varios agentes,45.7060,0.4000,oponente,25.0000,0.0000,bando_enemigo_eliminado,validation,20.0000,6.0000,6.0000,aleatorio,0.0000,3.0000,20285213.0000,3.0000,0.0000,0.1500,0.5000,uniforme,gaussiana,ruleta,softmax_argmax,241.0000,381.0000,0.0000,2.4667,4.0167,7-10-6-6,0.2500,ruleta,tecnica_seleccion
0.0233,0.0000,0.1978,0.0000,0.0253,0.7536,3.0000,0.0000,52.0000,94.0000,6.6953,10.2545,9.1667,2.0000,2.0000,s10_humano_varios,Un jugador humano (bot) vs varios agentes,7.0320,0.4000,oponente,25.0000,0.0000,bando_enemigo_eliminado,validation,20.0000,1.0000,1.0000,aleatorio,0.0000,3.0000,20285344.0000,3.0000,0.0000,0.1500,0.5000,uniforme,gaussiana,ruleta,softmax_argmax,550.0000,598.0000,0.0000,7.7667,9.1667,7-10-6-6,0.2500,ruleta,tecnica_seleccion
0.2570,0.0000,0.6034,0.0000,0.0503,0.0894,1.0000,1.0000,132.0000,56.0000,7.3950,3.1373,17.8500,2.0000,2.0000,s11_D_1v1,Un enemigo tipo D (sanador) vs 1 agente,228.7040,0.4000,agente,25.0000,1.0000,bando_jugador_eliminado,validation,20.0000,1.0000,0.0000,aleatorio,0.0000,3.0000,20285475.0000,3.0000,1.0000,0.1500,0.5000,uniforme,gaussiana,ruleta,softmax_argmax,1071.0000,214.0000,0.0000,17.8500,17.8500,7-10-6-6,0.2500,ruleta,tecnica_seleccion
0.5714,0.0000,0.1905,0.0476,0.1429,0.0476,1.0000,0.0000,56.0000,88.0000,27.3171,42.9268,2.0500,2.0000,2.0000,s12_escolta,Dos tipo A escoltados por un sanador vs 1 agente,23.1520,0.4000,oponente,25.0000,0.0000,bando_enemigo_eliminado,validation,20.0000,3.0000,3.0000,aleatorio,0.0000,3.0000,20285606.0000,3.0000,0.0000,0.1500,0.5000,uniforme,gaussiana,ruleta,softmax_argmax,123.0000,122.0000,0.0000,2.0500,2.0500,7-10-6-6,0.2500,ruleta,tecnica_seleccion
0.5714,0.0000,0.1905,0.0476,0.1429,0.0476,1.0000,0.0000,56.0000,96.0000,27.3171,46.8293,2.0500,2.0000,2.0000,s13_mixto_sanador,"Uno de cada tipo, sanador incluido, vs 1 agente",21.1520,0.4000,oponente,25.0000,0.0000,bando_enemigo_eliminado,validation,20.0000,5.0000,5.0000,aleatorio,0.0000,3.0000,20285737.0000,3.0000,0.0000,0.1500,0.5000,uniforme,gaussiana,ruleta,softmax_argmax,123.0000,122.0000,0.0000,2.0500,2.0500,7-10-6-6,0.2500,ruleta,tecnica_seleccion
0.2680,0.0000,0.4536,0.0000,0.1031,0.1753,1.0000,0.0000,48.0000,110.0000,4.9485,11.3402,9.7000,2.0000,2.0000,s01_A_1v1,Un enemigo tipo A vs 1 agente,22.1280,0.4000,oponente,25.0000,0.0000,bando_enemigo_eliminado,validation,20.0000,1.0000,1.0000,aleatorio,1.0000,4.0000,20292084.0000,3.0000,0.0000,0.1500,0.5000,uniforme,gaussiana,ruleta,softmax_argmax,582.0000,210.0000,0.0000,9.7000,9.7000,7-10-6-6,0.2500,ruleta,tecnica_seleccion
0.0000,0.0000,0.0986,0.0000,0.0423,0.8592,1.0000,1.0000,76.0000,13.0000,10.8314,1.8527,7.0167,2.0000,2.0000,s02_B_1v1,Un enemigo tipo B vs 1 agente,178.4840,0.4000,agente,25.0000,1.0000,bando_jugador_eliminado,validation,20.0000,1.0000,0.0000,aleatorio,0.0000,4.0000,20292215.0000,3.0000,1.0000,0.1500,0.5000,uniforme,gaussiana,ruleta,softmax_argmax,421.0000,135.0000,0.0000,7.0167,7.0167,7-10-6-6,0.2500,ruleta,tecnica_seleccion
0.0323,0.0000,0.5484,0.0000,0.1290,0.2903,1.0000,1.0000,36.0000,0.0000,5.8696,0.0000,6.1333,2.0000,2.0000,s03_C_1v1,Un enemigo tipo C vs 1 agente,77.4720,0.4000,agente,25.0000,0.0000,bando_jugador_eliminado,validation,20.0000,1.0000,0.0000,aleatorio,0.0000,4.0000,20292346.0000,3.0000,0.0000,0.1500,0.5000,uniforme,gaussiana,ruleta,softmax_argmax,368.0000,0.0000,0.0000,6.1333,6.1333,7-10-6-6,0.2500,ruleta,tecnica_seleccion
0.0897,0.0000,0.3718,0.0000,0.0256,0.5128,1.0000,0.0000,24.0000,96.0000,3.0968,12.3871,7.7500,2.0000,2.0000,s04_humano_1v1,Un jugador humano (bot) vs 1 agente,-7.4400,0.4000,oponente,25.0000,0.0000,bando_enemigo_eliminado,validation,20.0000,1.0000,1.0000,aleatorio,0.0000,4.0000,20292477.0000,3.0000,0.0000,0.1500,0.5000,uniforme,gaussiana,ruleta,softmax_argmax,465.0000,190.0000,0.0000,7.7500,7.7500,7-10-6-6,0.2500,ruleta,tecnica_seleccion
0.5714,0.0000,0.1905,0.0476,0.1429,0.0476,1.0000,0.0000,56.0000,88.0000,27.3171,42.9268,2.0500,2.0000,2.0000,s05_A_varios,Varios enemigos tipo A vs 1 agente,23.1520,0.4000,oponente,25.0000,0.0000,bando_enemigo_eliminado,validation,20.0000,3.0000,3.0000,aleatorio,0.0000,4.0000,20292608.0000,3.0000,0.0000,0.1500,0.5000,uniforme,gaussiana,ruleta,softmax_argmax,123.0000,122.0000,0.0000,2.0500,2.0500,7-10-6-6,0.2500,ruleta,tecnica_seleccion
0.1200,0.0000,0.1050,0.0000,0.0350,0.7400,1.0000,1.0000,228.8000,78.0000,11.4879,6.2847,19.9167,2.0000,2.0000,s06_B_varios,Varios enemigos tipo B vs 1 agente,460.7800,0.4000,agente,25.0000,3.0000,bando_jugador_eliminado,validation,20.0000,3.0000,0.0000,aleatorio,0.0000,4.0000,20292739.0000,3.0000,1.0000,0.1500,0.5000,uniforme,gaussiana,ruleta,softmax_argmax,1195.0000,890.0000,0.0000,19.9167,12.4111,7-10-6-6,0.2500,ruleta,tecnica_seleccion
0.3600,0.0000,0.4600,0.0000,0.0000,0.1800,1.0000,0.0000,48.0000,96.0000,9.7627,19.5254,4.9167,2.0000,2.0000,s07_C_varios,Varios enemigos tipo C vs 1 agente,19.0000,0.4000,oponente,25.0000,0.0000,bando_enemigo_eliminado,validation,20.0000,3.0000,3.0000,aleatorio,0.0000,4.0000,20292870.0000,3.0000,0.0000,0.1500,0.5000,uniforme,gaussiana,ruleta,softmax_argmax,295.0000,294.0000,0.0000,4.9167,4.9167,7-10-6-6,0.2500,ruleta,tecnica_seleccion
0.5714,0.0000,0.1905,0.0476,0.1429,0.0476,1.0000,0.0000,56.0000,88.0000,27.3171,42.9268,2.0500,2.0000,2.0000,s08_mixto_1agente,Varios de todos los enemigos vs 1 agente,23.1520,0.4000,oponente,25.0000,0.0000,bando_enemigo_eliminado,validation,20.0000,6.0000,6.0000,aleatorio,0.0000,4.0000,20293001.0000,3.0000,0.0000,0.1500,0.5000,uniforme,gaussiana,ruleta,softmax_argmax,123.0000,122.0000,0.0000,2.0500,2.0500,7-10-6-6,0.2500,ruleta,tecnica_seleccion
0.3449,0.0000,0.2888,0.0484,0.0796,0.2383,3.0000,0.0000,128.0000,202.0000,51.8919,50.2905,4.0167,2.0000,2.0000,s09_mixto_varios,Varios de todos los enemigos vs varios agentes,45.7060,0.4000,oponente,25.0000,0.0000,bando_enemigo_eliminado,validation,20.0000,6.0000,6.0000,aleatorio,0.0000,4.0000,20293132.0000,3.0000,0.0000,0.1500,0.5000,uniforme,gaussiana,ruleta,softmax_argmax,241.0000,381.0000,0.0000,2.4667,4.0167,7-10-6-6,0.2500,ruleta,tecnica_seleccion
0.0233,0.0000,0.1978,0.0000,0.0253,0.7536,3.0000,0.0000,52.0000,94.0000,6.6953,10.2545,9.1667,2.0000,2.0000,s10_humano_varios,Un jugador humano (bot) vs varios agentes,7.0320,0.4000,oponente,25.0000,0.0000,bando_enemigo_eliminado,validation,20.0000,1.0000,1.0000,aleatorio,0.0000,4.0000,20293263.0000,3.0000,0.0000,0.1500,0.5000,uniforme,gaussiana,ruleta,softmax_argmax,550.0000,598.0000,0.0000,7.7667,9.1667,7-10-6-6,0.2500,ruleta,tecnica_seleccion
0.2570,0.0000,0.6034,0.0000,0.0503,0.0894,1.0000,1.0000,132.0000,56.0000,7.3950,3.1373,17.8500,2.0000,2.0000,s11_D_1v1,Un enemigo tipo D (sanador) vs 1 agente,228.7040,0.4000,agente,25.0000,1.0000,bando_jugador_eliminado,validation,20.0000,1.0000,0.0000,aleatorio,0.0000,4.0000,20293394.0000,3.0000,1.0000,0.1500,0.5000,uniforme,gaussiana,ruleta,softmax_argmax,1071.0000,214.0000,0.0000,17.8500,17.8500,7-10-6-6,0.2500,ruleta,tecnica_seleccion
0.5714,0.0000,0.1905,0.0476,0.1429,0.0476,1.0000,0.0000,56.0000,88.0000,27.3171,42.9268,2.0500,2.0000,2.0000,s12_escolta,Dos tipo A escoltados por un sanador vs 1 agente,23.1520,0.4000,oponente,25.0000,0.0000,bando_enemigo_eliminado,validation,20.0000,3.0000,3.0000,aleatorio,0.0000,4.0000,20293525.0000,3.0000,0.0000,0.1500,0.5000,uniforme,gaussiana,ruleta,softmax_argmax,123.0000,122.0000,0.0000,2.0500,2.0500,7-10-6-6,0.2500,ruleta,tecnica_seleccion
0.5714,0.0000,0.1905,0.0476,0.1429,0.0476,1.0000,0.0000,56.0000,96.0000,27.3171,46.8293,2.0500,2.0000,2.0000,s13_mixto_sanador,"Uno de cada tipo, sanador incluido, vs 1 agente",21.1520,0.4000,oponente,25.0000,0.0000,bando_enemigo_eliminado,validation,20.0000,5.0000,5.0000,aleatorio,0.0000,4.0000,20293656.0000,3.0000,0.0000,0.1500,0.5000,uniforme,gaussiana,ruleta,softmax_argmax,123.0000,122.0000,0.0000,2.0500,2.0500,7-10-6-6,0.2500,ruleta,tecnica_seleccion
0.0000,0.0000,0.5270,0.0000,0.0405,0.4324,1.0000,0.0000,112.0000,88.0000,15.2036,11.9457,7.3667,2.0000,2.0000,s01_A_1v1,Un enemigo tipo A vs 1 agente,84.0580,0.4000,oponente,25.0000,0.0000,bando_enemigo_eliminado,validation,20.0000,1.0000,1.0000,aleatorio,0.0000,0.0000,20260408.0000,3.0000,0.0000,0.1500,0.5000,un_punto,gaussiana,torneo,softmax_argmax,442.0000,243.0000,0.0000,7.3667,7.3667,7-10-6-6,0.2500,un_punto,tecnica_cruce
0.0118,0.0000,0.5412,0.0000,0.0000,0.4471,1.0000,1.0000,72.0000,39.0000,8.4706,4.5882,8.5000,2.0000,2.0000,s02_B_1v1,Un enemigo tipo B vs 1 agente,164.2900,0.4000,agente,25.0000,1.0000,bando_jugador_eliminado,validation,20.0000,1.0000,0.0000,aleatorio,0.0000,0.0000,20260539.0000,3.0000,1.0000,0.1500,0.5000,un_punto,gaussiana,torneo,softmax_argmax,510.0000,0.0000,0.0000,8.5000,8.5000,7-10-6-6,0.2500,un_punto,tecnica_cruce
0.0000,0.0000,0.5375,0.0000,0.0125,0.4500,1.0000,1.0000,84.0000,72.0000,10.5219,9.0188,7.9833,2.0000,2.0000,s03_C_1v1,Un enemigo tipo C vs 1 agente,115.5060,0.4000,agente,25.0000,0.0000,bando_jugador_eliminado,validation,20.0000,1.0000,0.0000,aleatorio,0.0000,0.0000,20260670.0000,3.0000,0.0000,0.1500,0.5000,un_punto,gaussiana,torneo,softmax_argmax,479.0000,253.0000,0.0000,7.9833,7.9833,7-10-6-6,0.2500,un_punto,tecnica_cruce
0.0259,0.0000,0.7672,0.0000,0.0000,0.2069,1.0000,0.0000,72.0000,96.0000,6.2248,8.2997,11.5667,2.0000,2.0000,s04_humano_1v1,Un jugador humano (bot) vs 1 agente,41.0560,0.4000,oponente,25.0000,0.0000,bando_enemigo_eliminado,validation,20.0000,1.0000,1.0000,aleatorio,0.0000,0.0000,20260801.0000,3.0000,0.0000,0.1500,0.5000,un_punto,gaussiana,torneo,softmax_argmax,694.0000,176.0000,0.0000,11.5667,11.5667,7-10-6-6,0.2500,un_punto,tecnica_cruce
0.0000,0.0000,0.6111,0.0000,0.2222,0.1667,1.0000,0.0000,40.0000,88.0000,22.2222,48.8889,1.8000,2.0000,2.0000,s05_A_varios,Varios enemigos tipo A vs 1 agente,6.6420,0.4000,oponente,25.0000,0.0000,bando_enemigo_eliminado,validation,20.0000,3.0000,3.0000,aleatorio,0.0000,0.0000,20260932.0000,3.0000,0.0000,0.1500,0.5000,un_punto,gaussiana,torneo,softmax_argmax,108.0000,107.0000,0.0000,1.8000,1.8000,7-10-6-6,0.2500,un_punto,tecnica_cruce
0.0000,0.0000,0.7183,0.0000,0.0000,0.2817,1.0000,1.0000,9.6000,0.0000,0.1600,0.0000,60.0000,2.0000,2.0000,s06_B_varios,Varios enemigos tipo B vs 1 agente,117.0000,0.4000,empate,25.0000,0.0000,tiempo_agotado,validation,20.0000,3.0000,3.0000,aleatorio,0.0000,0.0000,20261063.0000,3.0000,0.0000,0.1500,0.5000,un_punto,gaussiana,torneo,softmax_argmax,3600.0000,3600.0000,0.0000,60.0000,60.0000,7-10-6-6,0.2500,un_punto,tecnica_cruce
0.0000,0.0000,0.4369,0.0000,0.0485,0.5146,1.0000,0.0000,132.0000,96.0000,12.8780,10.2735,10.2500,2.0000,2.0000,s07_C_varios,Varios enemigos tipo C vs 1 agente,169.2300,0.4000,oponente,25.0000,1.0000,bando_enemigo_eliminado,validation,20.0000,3.0000,2.0000,aleatorio,0.0000,0.0000,20261194.0000,3.0000,0.3333,0.1500,0.5000,un_punto,gaussiana,torneo,softmax_argmax,615.0000,459.0000,0.0000,10.2500,9.3444,7-10-6-6,0.2500,un_punto,tecnica_cruce
0.0000,0.0000,0.6111,0.0000,0.2222,0.1667,1.0000,0.0000,40.0000,100.0000,22.2222,55.5556,1.8000,2.0000,2.0000,s08_mixto_1agente,Varios de todos los enemigos vs 1 agente,3.6420,0.4000,oponente,25.0000,0.0000,bando_enemigo_eliminado,validation,20.0000,6.0000,6.0000,aleatorio,0.0000,0.0000,20261325.0000,3.0000,0.0000,0.1500,0.5000,un_punto,gaussiana,torneo,softmax_argmax,108.0000,107.0000,0.0000,1.8000,1.8000,7-10-6-6,0.2500,un_punto,tecnica_cruce
0.1050,0.0000,0.6198,0.0215,0.0848,0.1689,3.0000,0.0000,272.0000,277.0000,47.7659,40.0161,9.1833,2.0000,2.0000,s09_mixto_varios,Varios de todos los enemigos vs varios agentes,299.7300,0.4000,oponente,25.0000,2.0000,bando_enemigo_eliminado,validation,20.0000,6.0000,3.0000,aleatorio,0.0000,0.0000,20261456.0000,3.0000,0.3333,0.1500,0.5000,un_punto,gaussiana,torneo,softmax_argmax,551.0000,596.0000,0.0000,5.6944,6.9222,7-10-6-6,0.2500,un_punto,tecnica_cruce
0.0000,0.0000,0.5382,0.0000,0.0083,0.4535,3.0000,2.0000,152.0000,176.0000,11.2085,11.0576,15.9167,2.0000,2.0000,s10_humano_varios,Un jugador humano (bot) vs varios agentes,322.7240,0.4000,agente,25.0000,1.0000,bando_jugador_eliminado,validation,20.0000,1.0000,0.0000,aleatorio,0.0000,0.0000,20261587.0000,3.0000,1.0000,0.1500,0.5000,un_punto,gaussiana,torneo,softmax_argmax,955.0000,1332.0000,0.0000,13.5611,15.9167,7-10-6-6,0.2500,un_punto,tecnica_cruce
0.0000,0.0000,0.5132,0.0000,0.0000,0.4868,1.0000,1.0000,84.0000,32.0000,11.0526,4.2105,7.6000,2.0000,2.0000,s11_D_1v1,Un enemigo tipo D (sanador) vs 1 agente,124.1240,0.4000,agente,25.0000,0.0000,bando_jugador_eliminado,validation,20.0000,1.0000,0.0000,aleatorio,0.0000,0.0000,20261718.0000,3.0000,0.0000,0.1500,0.5000,un_punto,gaussiana,torneo,softmax_argmax,456.0000,210.0000,0.0000,7.6000,7.6000,7-10-6-6,0.2500,un_punto,tecnica_cruce
0.0000,0.0000,0.6111,0.0000,0.2222,0.1667,1.0000,0.0000,40.0000,88.0000,22.2222,48.8889,1.8000,2.0000,2.0000,s12_escolta,Dos tipo A escoltados por un sanador vs 1 agente,6.6420,0.4000,oponente,25.0000,0.0000,bando_enemigo_eliminado,validation,20.0000,3.0000,3.0000,aleatorio,0.0000,0.0000,20261849.0000,3.0000,0.0000,0.1500,0.5000,un_punto,gaussiana,torneo,softmax_argmax,108.0000,107.0000,0.0000,1.8000,1.8000,7-10-6-6,0.2500,un_punto,tecnica_cruce
0.0000,0.0000,0.6111,0.0000,0.2222,0.1667,1.0000,0.0000,40.0000,88.0000,22.2222,55.3459,1.8000,2.0000,2.0000,s13_mixto_sanador,"Uno de cada tipo, sanador incluido, vs 1 agente",6.6420,0.4000,oponente,25.0000,0.0000,bando_enemigo_eliminado,validation,20.0000,5.0000,4.0000,aleatorio,0.0000,0.0000,20261980.0000,3.0000,0.0000,0.1500,0.5000,un_punto,gaussiana,torneo,softmax_argmax,108.0000,107.0000,0.0000,1.8000,1.5900,7-10-6-6,0.2500,un_punto,tecnica_cruce
0.0000,0.0000,0.5270,0.0000,0.0405,0.4324,1.0000,0.0000,112.0000,88.0000,15.2036,11.9457,7.3667,2.0000,2.0000,s01_A_1v1,Un enemigo tipo A vs 1 agente,84.0580,0.4000,oponente,25.0000,0.0000,bando_enemigo_eliminado,validation,20.0000,1.0000,1.0000,aleatorio,0.0000,1.0000,20268327.0000,3.0000,0.0000,0.1500,0.5000,un_punto,gaussiana,torneo,softmax_argmax,442.0000,243.0000,0.0000,7.3667,7.3667,7-10-6-6,0.2500,un_punto,tecnica_cruce
0.0118,0.0000,0.5412,0.0000,0.0000,0.4471,1.0000,1.0000,72.0000,39.0000,8.4706,4.5882,8.5000,2.0000,2.0000,s02_B_1v1,Un enemigo tipo B vs 1 agente,164.2900,0.4000,agente,25.0000,1.0000,bando_jugador_eliminado,validation,20.0000,1.0000,0.0000,aleatorio,0.0000,1.0000,20268458.0000,3.0000,1.0000,0.1500,0.5000,un_punto,gaussiana,torneo,softmax_argmax,510.0000,0.0000,0.0000,8.5000,8.5000,7-10-6-6,0.2500,un_punto,tecnica_cruce
0.0000,0.0000,0.5375,0.0000,0.0125,0.4500,1.0000,1.0000,84.0000,72.0000,10.5219,9.0188,7.9833,2.0000,2.0000,s03_C_1v1,Un enemigo tipo C vs 1 agente,115.5060,0.4000,agente,25.0000,0.0000,bando_jugador_eliminado,validation,20.0000,1.0000,0.0000,aleatorio,0.0000,1.0000,20268589.0000,3.0000,0.0000,0.1500,0.5000,un_punto,gaussiana,torneo,softmax_argmax,479.0000,253.0000,0.0000,7.9833,7.9833,7-10-6-6,0.2500,un_punto,tecnica_cruce
0.0259,0.0000,0.7672,0.0000,0.0000,0.2069,1.0000,0.0000,72.0000,96.0000,6.2248,8.2997,11.5667,2.0000,2.0000,s04_humano_1v1,Un jugador humano (bot) vs 1 agente,41.0560,0.4000,oponente,25.0000,0.0000,bando_enemigo_eliminado,validation,20.0000,1.0000,1.0000,aleatorio,0.0000,1.0000,20268720.0000,3.0000,0.0000,0.1500,0.5000,un_punto,gaussiana,torneo,softmax_argmax,694.0000,176.0000,0.0000,11.5667,11.5667,7-10-6-6,0.2500,un_punto,tecnica_cruce
0.0000,0.0000,0.6111,0.0000,0.2222,0.1667,1.0000,0.0000,40.0000,88.0000,22.2222,48.8889,1.8000,2.0000,2.0000,s05_A_varios,Varios enemigos tipo A vs 1 agente,6.6420,0.4000,oponente,25.0000,0.0000,bando_enemigo_eliminado,validation,20.0000,3.0000,3.0000,aleatorio,0.0000,1.0000,20268851.0000,3.0000,0.0000,0.1500,0.5000,un_punto,gaussiana,torneo,softmax_argmax,108.0000,107.0000,0.0000,1.8000,1.8000,7-10-6-6,0.2500,un_punto,tecnica_cruce
0.0000,0.0000,0.7183,0.0000,0.0000,0.2817,1.0000,1.0000,9.6000,0.0000,0.1600,0.0000,60.0000,2.0000,2.0000,s06_B_varios,Varios enemigos tipo B vs 1 agente,117.0000,0.4000,empate,25.0000,0.0000,tiempo_agotado,validation,20.0000,3.0000,3.0000,aleatorio,0.0000,1.0000,20268982.0000,3.0000,0.0000,0.1500,0.5000,un_punto,gaussiana,torneo,softmax_argmax,3600.0000,3600.0000,0.0000,60.0000,60.0000,7-10-6-6,0.2500,un_punto,tecnica_cruce
0.0000,0.0000,0.4369,0.0000,0.0485,0.5146,1.0000,0.0000,132.0000,96.0000,12.8780,10.2735,10.2500,2.0000,2.0000,s07_C_varios,Varios enemigos tipo C vs 1 agente,169.2300,0.4000,oponente,25.0000,1.0000,bando_enemigo_eliminado,validation,20.0000,3.0000,2.0000,aleatorio,0.0000,1.0000,20269113.0000,3.0000,0.3333,0.1500,0.5000,un_punto,gaussiana,torneo,softmax_argmax,615.0000,459.0000,0.0000,10.2500,9.3444,7-10-6-6,0.2500,un_punto,tecnica_cruce
0.0000,0.0000,0.6111,0.0000,0.2222,0.1667,1.0000,0.0000,40.0000,100.0000,22.2222,55.5556,1.8000,2.0000,2.0000,s08_mixto_1agente,Varios de todos los enemigos vs 1 agente,3.6420,0.4000,oponente,25.0000,0.0000,bando_enemigo_eliminado,validation,20.0000,6.0000,6.0000,aleatorio,0.0000,1.0000,20269244.0000,3.0000,0.0000,0.1500,0.5000,un_punto,gaussiana,torneo,softmax_argmax,108.0000,107.0000,0.0000,1.8000,1.8000,7-10-6-6,0.2500,un_punto,tecnica_cruce
0.1050,0.0000,0.6198,0.0215,0.0848,0.1689,3.0000,0.0000,272.0000,277.0000,47.7659,40.0161,9.1833,2.0000,2.0000,s09_mixto_varios,Varios de todos los enemigos vs varios agentes,299.7300,0.4000,oponente,25.0000,2.0000,bando_enemigo_eliminado,validation,20.0000,6.0000,3.0000,aleatorio,0.0000,1.0000,20269375.0000,3.0000,0.3333,0.1500,0.5000,un_punto,gaussiana,torneo,softmax_argmax,551.0000,596.0000,0.0000,5.6944,6.9222,7-10-6-6,0.2500,un_punto,tecnica_cruce
0.0000,0.0000,0.5382,0.0000,0.0083,0.4535,3.0000,2.0000,152.0000,176.0000,11.2085,11.0576,15.9167,2.0000,2.0000,s10_humano_varios,Un jugador humano (bot) vs varios agentes,322.7240,0.4000,agente,25.0000,1.0000,bando_jugador_eliminado,validation,20.0000,1.0000,0.0000,aleatorio,0.0000,1.0000,20269506.0000,3.0000,1.0000,0.1500,0.5000,un_punto,gaussiana,torneo,softmax_argmax,955.0000,1332.0000,0.0000,13.5611,15.9167,7-10-6-6,0.2500,un_punto,tecnica_cruce
0.0000,0.0000,0.5132,0.0000,0.0000,0.4868,1.0000,1.0000,84.0000,32.0000,11.0526,4.2105,7.6000,2.0000,2.0000,s11_D_1v1,Un enemigo tipo D (sanador) vs 1 agente,124.1240,0.4000,agente,25.0000,0.0000,bando_jugador_eliminado,validation,20.0000,1.0000,0.0000,aleatorio,0.0000,1.0000,20269637.0000,3.0000,0.0000,0.1500,0.5000,un_punto,gaussiana,torneo,softmax_argmax,456.0000,210.0000,0.0000,7.6000,7.6000,7-10-6-6,0.2500,un_punto,tecnica_cruce
0.0000,0.0000,0.6111,0.0000,0.2222,0.1667,1.0000,0.0000,40.0000,88.0000,22.2222,48.8889,1.8000,2.0000,2.0000,s12_escolta,Dos tipo A escoltados por un sanador vs 1 agente,6.6420,0.4000,oponente,25.0000,0.0000,bando_enemigo_eliminado,validation,20.0000,3.0000,3.0000,aleatorio,0.0000,1.0000,20269768.0000,3.0000,0.0000,0.1500,0.5000,un_punto,gaussiana,torneo,softmax_argmax,108.0000,107.0000,0.0000,1.8000,1.8000,7-10-6-6,0.2500,un_punto,tecnica_cruce
0.0000,0.0000,0.6111,0.0000,0.2222,0.1667,1.0000,0.0000,40.0000,88.0000,22.2222,55.3459,1.8000,2.0000,2.0000,s13_mixto_sanador,"Uno de cada tipo, sanador incluido, vs 1 agente",6.6420,0.4000,oponente,25.0000,0.0000,bando_enemigo_eliminado,validation,20.0000,5.0000,4.0000,aleatorio,0.0000,1.0000,20269899.0000,3.0000,0.0000,0.1500,0.5000,un_punto,gaussiana,torneo,softmax_argmax,108.0000,107.0000,0.0000,1.8000,1.5900,7-10-6-6,0.2500,un_punto,tecnica_cruce
0.0000,0.0000,0.5270,0.0000,0.0405,0.4324,1.0000,0.0000,112.0000,88.0000,15.2036,11.9457,7.3667,2.0000,2.0000,s01_A_1v1,Un enemigo tipo A vs 1 agente,84.0580,0.4000,oponente,25.0000,0.0000,bando_enemigo_eliminado,validation,20.0000,1.0000,1.0000,aleatorio,0.0000,2.0000,20276246.0000,3.0000,0.0000,0.1500,0.5000,un_punto,gaussiana,torneo,softmax_argmax,442.0000,243.0000,0.0000,7.3667,7.3667,7-10-6-6,0.2500,un_punto,tecnica_cruce
0.0118,0.0000,0.5412,0.0000,0.0000,0.4471,1.0000,1.0000,72.0000,39.0000,8.4706,4.5882,8.5000,2.0000,2.0000,s02_B_1v1,Un enemigo tipo B vs 1 agente,164.2900,0.4000,agente,25.0000,1.0000,bando_jugador_eliminado,validation,20.0000,1.0000,0.0000,aleatorio,0.0000,2.0000,20276377.0000,3.0000,1.0000,0.1500,0.5000,un_punto,gaussiana,torneo,softmax_argmax,510.0000,0.0000,0.0000,8.5000,8.5000,7-10-6-6,0.2500,un_punto,tecnica_cruce
0.0000,0.0000,0.5375,0.0000,0.0125,0.4500,1.0000,1.0000,84.0000,72.0000,10.5219,9.0188,7.9833,2.0000,2.0000,s03_C_1v1,Un enemigo tipo C vs 1 agente,115.5060,0.4000,agente,25.0000,0.0000,bando_jugador_eliminado,validation,20.0000,1.0000,0.0000,aleatorio,0.0000,2.0000,20276508.0000,3.0000,0.0000,0.1500,0.5000,un_punto,gaussiana,torneo,softmax_argmax,479.0000,253.0000,0.0000,7.9833,7.9833,7-10-6-6,0.2500,un_punto,tecnica_cruce
0.0259,0.0000,0.7672,0.0000,0.0000,0.2069,1.0000,0.0000,72.0000,96.0000,6.2248,8.2997,11.5667,2.0000,2.0000,s04_humano_1v1,Un jugador humano (bot) vs 1 agente,41.0560,0.4000,oponente,25.0000,0.0000,bando_enemigo_eliminado,validation,20.0000,1.0000,1.0000,aleatorio,0.0000,2.0000,20276639.0000,3.0000,0.0000,0.1500,0.5000,un_punto,gaussiana,torneo,softmax_argmax,694.0000,176.0000,0.0000,11.5667,11.5667,7-10-6-6,0.2500,un_punto,tecnica_cruce
0.0000,0.0000,0.6111,0.0000,0.2222,0.1667,1.0000,0.0000,40.0000,88.0000,22.2222,48.8889,1.8000,2.0000,2.0000,s05_A_varios,Varios enemigos tipo A vs 1 agente,6.6420,0.4000,oponente,25.0000,0.0000,bando_enemigo_eliminado,validation,20.0000,3.0000,3.0000,aleatorio,0.0000,2.0000,20276770.0000,3.0000,0.0000,0.1500,0.5000,un_punto,gaussiana,torneo,softmax_argmax,108.0000,107.0000,0.0000,1.8000,1.8000,7-10-6-6,0.2500,un_punto,tecnica_cruce
0.0000,0.0000,0.7183,0.0000,0.0000,0.2817,1.0000,1.0000,9.6000,0.0000,0.1600,0.0000,60.0000,2.0000,2.0000,s06_B_varios,Varios enemigos tipo B vs 1 agente,117.0000,0.4000,empate,25.0000,0.0000,tiempo_agotado,validation,20.0000,3.0000,3.0000,aleatorio,0.0000,2.0000,20276901.0000,3.0000,0.0000,0.1500,0.5000,un_punto,gaussiana,torneo,softmax_argmax,3600.0000,3600.0000,0.0000,60.0000,60.0000,7-10-6-6,0.2500,un_punto,tecnica_cruce
0.0000,0.0000,0.4369,0.0000,0.0485,0.5146,1.0000,0.0000,132.0000,96.0000,12.8780,10.2735,10.2500,2.0000,2.0000,s07_C_varios,Varios enemigos tipo C vs 1 agente,169.2300,0.4000,oponente,25.0000,1.0000,bando_enemigo_eliminado,validation,20.0000,3.0000,2.0000,aleatorio,0.0000,2.0000,20277032.0000,3.0000,0.3333,0.1500,0.5000,un_punto,gaussiana,torneo,softmax_argmax,615.0000,459.0000,0.0000,10.2500,9.3444,7-10-6-6,0.2500,un_punto,tecnica_cruce
0.0000,0.0000,0.6111,0.0000,0.2222,0.1667,1.0000,0.0000,40.0000,100.0000,22.2222,55.5556,1.8000,2.0000,2.0000,s08_mixto_1agente,Varios de todos los enemigos vs 1 agente,3.6420,0.4000,oponente,25.0000,0.0000,bando_enemigo_eliminado,validation,20.0000,6.0000,6.0000,aleatorio,0.0000,2.0000,20277163.0000,3.0000,0.0000,0.1500,0.5000,un_punto,gaussiana,torneo,softmax_argmax,108.0000,107.0000,0.0000,1.8000,1.8000,7-10-6-6,0.2500,un_punto,tecnica_cruce
0.1050,0.0000,0.6198,0.0215,0.0848,0.1689,3.0000,0.0000,272.0000,277.0000,47.7659,40.0161,9.1833,2.0000,2.0000,s09_mixto_varios,Varios de todos los enemigos vs varios agentes,299.7300,0.4000,oponente,25.0000,2.0000,bando_enemigo_eliminado,validation,20.0000,6.0000,3.0000,aleatorio,0.0000,2.0000,20277294.0000,3.0000,0.3333,0.1500,0.5000,un_punto,gaussiana,torneo,softmax_argmax,551.0000,596.0000,0.0000,5.6944,6.9222,7-10-6-6,0.2500,un_punto,tecnica_cruce
0.0000,0.0000,0.5382,0.0000,0.0083,0.4535,3.0000,2.0000,152.0000,176.0000,11.2085,11.0576,15.9167,2.0000,2.0000,s10_humano_varios,Un jugador humano (bot) vs varios agentes,322.7240,0.4000,agente,25.0000,1.0000,bando_jugador_eliminado,validation,20.0000,1.0000,0.0000,aleatorio,0.0000,2.0000,20277425.0000,3.0000,1.0000,0.1500,0.5000,un_punto,gaussiana,torneo,softmax_argmax,955.0000,1332.0000,0.0000,13.5611,15.9167,7-10-6-6,0.2500,un_punto,tecnica_cruce
0.0000,0.0000,0.5132,0.0000,0.0000,0.4868,1.0000,1.0000,84.0000,32.0000,11.0526,4.2105,7.6000,2.0000,2.0000,s11_D_1v1,Un enemigo tipo D (sanador) vs 1 agente,124.1240,0.4000,agente,25.0000,0.0000,bando_jugador_eliminado,validation,20.0000,1.0000,0.0000,aleatorio,0.0000,2.0000,20277556.0000,3.0000,0.0000,0.1500,0.5000,un_punto,gaussiana,torneo,softmax_argmax,456.0000,210.0000,0.0000,7.6000,7.6000,7-10-6-6,0.2500,un_punto,tecnica_cruce
0.0000,0.0000,0.6111,0.0000,0.2222,0.1667,1.0000,0.0000,40.0000,88.0000,22.2222,48.8889,1.8000,2.0000,2.0000,s12_escolta,Dos tipo A escoltados por un sanador vs 1 agente,6.6420,0.4000,oponente,25.0000,0.0000,bando_enemigo_eliminado,validation,20.0000,3.0000,3.0000,aleatorio,0.0000,2.0000,20277687.0000,3.0000,0.0000,0.1500,0.5000,un_punto,gaussiana,torneo,softmax_argmax,108.0000,107.0000,0.0000,1.8000,1.8000,7-10-6-6,0.2500,un_punto,tecnica_cruce
0.0000,0.0000,0.6111,0.0000,0.2222,0.1667,1.0000,0.0000,40.0000,88.0000,22.2222,55.3459,1.8000,2.0000,2.0000,s13_mixto_sanador,"Uno de cada tipo, sanador incluido, vs 1 agente",6.6420,0.4000,oponente,25.0000,0.0000,bando_enemigo_eliminado,validation,20.0000,5.0000,4.0000,aleatorio,0.0000,2.0000,20277818.0000,3.0000,0.0000,0.1500,0.5000,un_punto,gaussiana,torneo,softmax_argmax,108.0000,107.0000,0.0000,1.8000,1.5900,7-10-6-6,0.2500,un_punto,tecnica_cruce
0.0000,0.0000,0.5270,0.0000,0.0405,0.4324,1.0000,0.0000,112.0000,88.0000,15.2036,11.9457,7.3667,2.0000,2.0000,s01_A_1v1,Un enemigo tipo A vs 1 agente,84.0580,0.4000,oponente,25.0000,0.0000,bando_enemigo_eliminado,validation,20.0000,1.0000,1.0000,aleatorio,0.0000,3.0000,20284165.0000,3.0000,0.0000,0.1500,0.5000,un_punto,gaussiana,torneo,softmax_argmax,442.0000,243.0000,0.0000,7.3667,7.3667,7-10-6-6,0.2500,un_punto,tecnica_cruce
0.0118,0.0000,0.5412,0.0000,0.0000,0.4471,1.0000,1.0000,72.0000,39.0000,8.4706,4.5882,8.5000,2.0000,2.0000,s02_B_1v1,Un enemigo tipo B vs 1 agente,164.2900,0.4000,agente,25.0000,1.0000,bando_jugador_eliminado,validation,20.0000,1.0000,0.0000,aleatorio,0.0000,3.0000,20284296.0000,3.0000,1.0000,0.1500,0.5000,un_punto,gaussiana,torneo,softmax_argmax,510.0000,0.0000,0.0000,8.5000,8.5000,7-10-6-6,0.2500,un_punto,tecnica_cruce
0.0000,0.0000,0.5375,0.0000,0.0125,0.4500,1.0000,1.0000,84.0000,72.0000,10.5219,9.0188,7.9833,2.0000,2.0000,s03_C_1v1,Un enemigo tipo C vs 1 agente,115.5060,0.4000,agente,25.0000,0.0000,bando_jugador_eliminado,validation,20.0000,1.0000,0.0000,aleatorio,0.0000,3.0000,20284427.0000,3.0000,0.0000,0.1500,0.5000,un_punto,gaussiana,torneo,softmax_argmax,479.0000,253.0000,0.0000,7.9833,7.9833,7-10-6-6,0.2500,un_punto,tecnica_cruce
0.0259,0.0000,0.7672,0.0000,0.0000,0.2069,1.0000,0.0000,72.0000,96.0000,6.2248,8.2997,11.5667,2.0000,2.0000,s04_humano_1v1,Un jugador humano (bot) vs 1 agente,41.0560,0.4000,oponente,25.0000,0.0000,bando_enemigo_eliminado,validation,20.0000,1.0000,1.0000,aleatorio,0.0000,3.0000,20284558.0000,3.0000,0.0000,0.1500,0.5000,un_punto,gaussiana,torneo,softmax_argmax,694.0000,176.0000,0.0000,11.5667,11.5667,7-10-6-6,0.2500,un_punto,tecnica_cruce
0.0000,0.0000,0.6111,0.0000,0.2222,0.1667,1.0000,0.0000,40.0000,88.0000,22.2222,48.8889,1.8000,2.0000,2.0000,s05_A_varios,Varios enemigos tipo A vs 1 agente,6.6420,0.4000,oponente,25.0000,0.0000,bando_enemigo_eliminado,validation,20.0000,3.0000,3.0000,aleatorio,0.0000,3.0000,20284689.0000,3.0000,0.0000,0.1500,0.5000,un_punto,gaussiana,torneo,softmax_argmax,108.0000,107.0000,0.0000,1.8000,1.8000,7-10-6-6,0.2500,un_punto,tecnica_cruce
0.0000,0.0000,0.7183,0.0000,0.0000,0.2817,1.0000,1.0000,9.6000,0.0000,0.1600,0.0000,60.0000,2.0000,2.0000,s06_B_varios,Varios enemigos tipo B vs 1 agente,117.0000,0.4000,empate,25.0000,0.0000,tiempo_agotado,validation,20.0000,3.0000,3.0000,aleatorio,0.0000,3.0000,20284820.0000,3.0000,0.0000,0.1500,0.5000,un_punto,gaussiana,torneo,softmax_argmax,3600.0000,3600.0000,0.0000,60.0000,60.0000,7-10-6-6,0.2500,un_punto,tecnica_cruce
0.0000,0.0000,0.4369,0.0000,0.0485,0.5146,1.0000,0.0000,132.0000,96.0000,12.8780,10.2735,10.2500,2.0000,2.0000,s07_C_varios,Varios enemigos tipo C vs 1 agente,169.2300,0.4000,oponente,25.0000,1.0000,bando_enemigo_eliminado,validation,20.0000,3.0000,2.0000,aleatorio,0.0000,3.0000,20284951.0000,3.0000,0.3333,0.1500,0.5000,un_punto,gaussiana,torneo,softmax_argmax,615.0000,459.0000,0.0000,10.2500,9.3444,7-10-6-6,0.2500,un_punto,tecnica_cruce
0.0000,0.0000,0.6111,0.0000,0.2222,0.1667,1.0000,0.0000,40.0000,100.0000,22.2222,55.5556,1.8000,2.0000,2.0000,s08_mixto_1agente,Varios de todos los enemigos vs 1 agente,3.6420,0.4000,oponente,25.0000,0.0000,bando_enemigo_eliminado,validation,20.0000,6.0000,6.0000,aleatorio,0.0000,3.0000,20285082.0000,3.0000,0.0000,0.1500,0.5000,un_punto,gaussiana,torneo,softmax_argmax,108.0000,107.0000,0.0000,1.8000,1.8000,7-10-6-6,0.2500,un_punto,tecnica_cruce
0.1050,0.0000,0.6198,0.0215,0.0848,0.1689,3.0000,0.0000,272.0000,277.0000,47.7659,40.0161,9.1833,2.0000,2.0000,s09_mixto_varios,Varios de todos los enemigos vs varios agentes,299.7300,0.4000,oponente,25.0000,2.0000,bando_enemigo_eliminado,validation,20.0000,6.0000,3.0000,aleatorio,0.0000,3.0000,20285213.0000,3.0000,0.3333,0.1500,0.5000,un_punto,gaussiana,torneo,softmax_argmax,551.0000,596.0000,0.0000,5.6944,6.9222,7-10-6-6,0.2500,un_punto,tecnica_cruce
0.0000,0.0000,0.5382,0.0000,0.0083,0.4535,3.0000,2.0000,152.0000,176.0000,11.2085,11.0576,15.9167,2.0000,2.0000,s10_humano_varios,Un jugador humano (bot) vs varios agentes,322.7240,0.4000,agente,25.0000,1.0000,bando_jugador_eliminado,validation,20.0000,1.0000,0.0000,aleatorio,0.0000,3.0000,20285344.0000,3.0000,1.0000,0.1500,0.5000,un_punto,gaussiana,torneo,softmax_argmax,955.0000,1332.0000,0.0000,13.5611,15.9167,7-10-6-6,0.2500,un_punto,tecnica_cruce
0.0000,0.0000,0.5132,0.0000,0.0000,0.4868,1.0000,1.0000,84.0000,32.0000,11.0526,4.2105,7.6000,2.0000,2.0000,s11_D_1v1,Un enemigo tipo D (sanador) vs 1 agente,124.1240,0.4000,agente,25.0000,0.0000,bando_jugador_eliminado,validation,20.0000,1.0000,0.0000,aleatorio,0.0000,3.0000,20285475.0000,3.0000,0.0000,0.1500,0.5000,un_punto,gaussiana,torneo,softmax_argmax,456.0000,210.0000,0.0000,7.6000,7.6000,7-10-6-6,0.2500,un_punto,tecnica_cruce
0.0000,0.0000,0.6111,0.0000,0.2222,0.1667,1.0000,0.0000,40.0000,88.0000,22.2222,48.8889,1.8000,2.0000,2.0000,s12_escolta,Dos tipo A escoltados por un sanador vs 1 agente,6.6420,0.4000,oponente,25.0000,0.0000,bando_enemigo_eliminado,validation,20.0000,3.0000,3.0000,aleatorio,0.0000,3.0000,20285606.0000,3.0000,0.0000,0.1500,0.5000,un_punto,gaussiana,torneo,softmax_argmax,108.0000,107.0000,0.0000,1.8000,1.8000,7-10-6-6,0.2500,un_punto,tecnica_cruce
0.0000,0.0000,0.6111,0.0000,0.2222,0.1667,1.0000,0.0000,40.0000,88.0000,22.2222,55.3459,1.8000,2.0000,2.0000,s13_mixto_sanador,"Uno de cada tipo, sanador incluido, vs 1 agente",6.6420,0.4000,oponente,25.0000,0.0000,bando_enemigo_eliminado,validation,20.0000,5.0000,4.0000,aleatorio,0.0000,3.0000,20285737.0000,3.0000,0.0000,0.1500,0.5000,un_punto,gaussiana,torneo,softmax_argmax,108.0000,107.0000,0.0000,1.8000,1.5900,7-10-6-6,0.2500,un_punto,tecnica_cruce
0.0000,0.0000,0.5270,0.0000,0.0405,0.4324,1.0000,0.0000,112.0000,88.0000,15.2036,11.9457,7.3667,2.0000,2.0000,s01_A_1v1,Un enemigo tipo A vs 1 agente,84.0580,0.4000,oponente,25.0000,0.0000,bando_enemigo_eliminado,validation,20.0000,1.0000,1.0000,aleatorio,0.0000,4.0000,20292084.0000,3.0000,0.0000,0.1500,0.5000,un_punto,gaussiana,torneo,softmax_argmax,442.0000,243.0000,0.0000,7.3667,7.3667,7-10-6-6,0.2500,un_punto,tecnica_cruce
0.0118,0.0000,0.5412,0.0000,0.0000,0.4471,1.0000,1.0000,72.0000,39.0000,8.4706,4.5882,8.5000,2.0000,2.0000,s02_B_1v1,Un enemigo tipo B vs 1 agente,164.2900,0.4000,agente,25.0000,1.0000,bando_jugador_eliminado,validation,20.0000,1.0000,0.0000,aleatorio,0.0000,4.0000,20292215.0000,3.0000,1.0000,0.1500,0.5000,un_punto,gaussiana,torneo,softmax_argmax,510.0000,0.0000,0.0000,8.5000,8.5000,7-10-6-6,0.2500,un_punto,tecnica_cruce
0.0000,0.0000,0.5375,0.0000,0.0125,0.4500,1.0000,1.0000,84.0000,72.0000,10.5219,9.0188,7.9833,2.0000,2.0000,s03_C_1v1,Un enemigo tipo C vs 1 agente,115.5060,0.4000,agente,25.0000,0.0000,bando_jugador_eliminado,validation,20.0000,1.0000,0.0000,aleatorio,0.0000,4.0000,20292346.0000,3.0000,0.0000,0.1500,0.5000,un_punto,gaussiana,torneo,softmax_argmax,479.0000,253.0000,0.0000,7.9833,7.9833,7-10-6-6,0.2500,un_punto,tecnica_cruce
0.0259,0.0000,0.7672,0.0000,0.0000,0.2069,1.0000,0.0000,72.0000,96.0000,6.2248,8.2997,11.5667,2.0000,2.0000,s04_humano_1v1,Un jugador humano (bot) vs 1 agente,41.0560,0.4000,oponente,25.0000,0.0000,bando_enemigo_eliminado,validation,20.0000,1.0000,1.0000,aleatorio,0.0000,4.0000,20292477.0000,3.0000,0.0000,0.1500,0.5000,un_punto,gaussiana,torneo,softmax_argmax,694.0000,176.0000,0.0000,11.5667,11.5667,7-10-6-6,0.2500,un_punto,tecnica_cruce
0.0000,0.0000,0.6111,0.0000,0.2222,0.1667,1.0000,0.0000,40.0000,88.0000,22.2222,48.8889,1.8000,2.0000,2.0000,s05_A_varios,Varios enemigos tipo A vs 1 agente,6.6420,0.4000,oponente,25.0000,0.0000,bando_enemigo_eliminado,validation,20.0000,3.0000,3.0000,aleatorio,0.0000,4.0000,20292608.0000,3.0000,0.0000,0.1500,0.5000,un_punto,gaussiana,torneo,softmax_argmax,108.0000,107.0000,0.0000,1.8000,1.8000,7-10-6-6,0.2500,un_punto,tecnica_cruce
0.0000,0.0000,0.7183,0.0000,0.0000,0.2817,1.0000,1.0000,9.6000,0.0000,0.1600,0.0000,60.0000,2.0000,2.0000,s06_B_varios,Varios enemigos tipo B vs 1 agente,117.0000,0.4000,empate,25.0000,0.0000,tiempo_agotado,validation,20.0000,3.0000,3.0000,aleatorio,0.0000,4.0000,20292739.0000,3.0000,0.0000,0.1500,0.5000,un_punto,gaussiana,torneo,softmax_argmax,3600.0000,3600.0000,0.0000,60.0000,60.0000,7-10-6-6,0.2500,un_punto,tecnica_cruce
0.0000,0.0000,0.4369,0.0000,0.0485,0.5146,1.0000,0.0000,132.0000,96.0000,12.8780,10.2735,10.2500,2.0000,2.0000,s07_C_varios,Varios enemigos tipo C vs 1 agente,169.2300,0.4000,oponente,25.0000,1.0000,bando_enemigo_eliminado,validation,20.0000,3.0000,2.0000,aleatorio,0.0000,4.0000,20292870.0000,3.0000,0.3333,0.1500,0.5000,un_punto,gaussiana,torneo,softmax_argmax,615.0000,459.0000,0.0000,10.2500,9.3444,7-10-6-6,0.2500,un_punto,tecnica_cruce
0.0000,0.0000,0.6111,0.0000,0.2222,0.1667,1.0000,0.0000,40.0000,100.0000,22.2222,55.5556,1.8000,2.0000,2.0000,s08_mixto_1agente,Varios de todos los enemigos vs 1 agente,3.6420,0.4000,oponente,25.0000,0.0000,bando_enemigo_eliminado,validation,20.0000,6.0000,6.0000,aleatorio,0.0000,4.0000,20293001.0000,3.0000,0.0000,0.1500,0.5000,un_punto,gaussiana,torneo,softmax_argmax,108.0000,107.0000,0.0000,1.8000,1.8000,7-10-6-6,0.2500,un_punto,tecnica_cruce
0.1050,0.0000,0.6198,0.0215,0.0848,0.1689,3.0000,0.0000,272.0000,277.0000,47.7659,40.0161,9.1833,2.0000,2.0000,s09_mixto_varios,Varios de todos los enemigos vs varios agentes,299.7300,0.4000,oponente,25.0000,2.0000,bando_enemigo_eliminado,validation,20.0000,6.0000,3.0000,aleatorio,0.0000,4.0000,20293132.0000,3.0000,0.3333,0.1500,0.5000,un_punto,gaussiana,torneo,softmax_argmax,551.0000,596.0000,0.0000,5.6944,6.9222,7-10-6-6,0.2500,un_punto,tecnica_cruce
0.0000,0.0000,0.5382,0.0000,0.0083,0.4535,3.0000,2.0000,152.0000,176.0000,11.2085,11.0576,15.9167,2.0000,2.0000,s10_humano_varios,Un jugador humano (bot) vs varios agentes,322.7240,0.4000,agente,25.0000,1.0000,bando_jugador_eliminado,validation,20.0000,1.0000,0.0000,aleatorio,0.0000,4.0000,20293263.0000,3.0000,1.0000,0.1500,0.5000,un_punto,gaussiana,torneo,softmax_argmax,955.0000,1332.0000,0.0000,13.5611,15.9167,7-10-6-6,0.2500,un_punto,tecnica_cruce
0.0000,0.0000,0.5132,0.0000,0.0000,0.4868,1.0000,1.0000,84.0000,32.0000,11.0526,4.2105,7.6000,2.0000,2.0000,s11_D_1v1,Un enemigo tipo D (sanador) vs 1 agente,124.1240,0.4000,agente,25.0000,0.0000,bando_jugador_eliminado,validation,20.0000,1.0000,0.0000,aleatorio,0.0000,4.0000,20293394.0000,3.0000,0.0000,0.1500,0.5000,un_punto,gaussiana,torneo,softmax_argmax,456.0000,210.0000,0.0000,7.6000,7.6000,7-10-6-6,0.2500,un_punto,tecnica_cruce
0.0000,0.0000,0.6111,0.0000,0.2222,0.1667,1.0000,0.0000,40.0000,88.0000,22.2222,48.8889,1.8000,2.0000,2.0000,s12_escolta,Dos tipo A escoltados por un sanador vs 1 agente,6.6420,0.4000,oponente,25.0000,0.0000,bando_enemigo_eliminado,validation,20.0000,3.0000,3.0000,aleatorio,0.0000,4.0000,20293525.0000,3.0000,0.0000,0.1500,0.5000,un_punto,gaussiana,torneo,softmax_argmax,108.0000,107.0000,0.0000,1.8000,1.8000,7-10-6-6,0.2500,un_punto,tecnica_cruce
0.0000,0.0000,0.6111,0.0000,0.2222,0.1667,1.0000,0.0000,40.0000,88.0000,22.2222,55.3459,1.8000,2.0000,2.0000,s13_mixto_sanador,"Uno de cada tipo, sanador incluido, vs 1 agente",6.6420,0.4000,oponente,25.0000,0.0000,bando_enemigo_eliminado,validation,20.0000,5.0000,4.0000,aleatorio,0.0000,4.0000,20293656.0000,3.0000,0.0000,0.1500,0.5000,un_punto,gaussiana,torneo,softmax_argmax,108.0000,107.0000,0.0000,1.8000,1.5900,7-10-6-6,0.2500,un_punto,tecnica_cruce
0.1224,0.3741,0.4830,0.0000,0.0136,0.0068,1.0000,0.0000,80.0000,101.2000,5.4422,6.8844,14.7000,2.0000,2.0000,s01_A_1v1,Un enemigo tipo A vs 1 agente,76.1380,0.4000,oponente,25.0000,0.0000,bando_enemigo_eliminado,validation,20.0000,1.0000,1.0000,aleatorio,0.0000,0.0000,20260408.0000,3.0000,0.0000,0.1500,0.5000,uniforme,gaussiana,torneo,umbral_fijo,882.0000,481.0000,0.0000,14.7000,14.7000,7-10-6-6,0.2500,umbral_fijo,thresholding
0.9967,0.0000,0.0033,0.0000,0.0000,0.0000,1.0000,1.0000,0.0000,0.0000,0.0000,0.0000,60.0000,2.0000,2.0000,s02_B_1v1,Un enemigo tipo B vs 1 agente,-0.6000,0.4000,empate,25.0000,0.0000,tiempo_agotado,validation,20.0000,1.0000,1.0000,aleatorio,0.0000,0.0000,20260539.0000,3.0000,0.0000,0.1500,0.5000,uniforme,gaussiana,torneo,umbral_fijo,3600.0000,0.0000,0.0000,60.0000,60.0000,7-10-6-6,0.2500,umbral_fijo,thresholding
0.2093,0.0814,0.7093,0.0000,0.0000,0.0000,1.0000,1.0000,48.0000,28.8000,5.5922,3.3553,8.5833,2.0000,2.0000,s03_C_1v1,Un enemigo tipo C vs 1 agente,89.5800,0.4000,agente,25.0000,0.0000,bando_jugador_eliminado,validation,20.0000,1.0000,0.0000,aleatorio,0.0000,0.0000,20260670.0000,3.0000,0.0000,0.1500,0.5000,uniforme,gaussiana,torneo,umbral_fijo,515.0000,0.0000,0.0000,8.5833,8.5833,7-10-6-6,0.2500,umbral_fijo,thresholding
0.2718,0.4466,0.2427,0.0000,0.0388,0.0000,1.0000,0.0000,36.0000,89.6000,3.5065,8.7273,10.2667,2.0000,2.0000,s04_humano_1v1,Un jugador humano (bot) vs 1 agente,22.5740,0.4000,oponente,25.0000,0.0000,bando_enemigo_eliminado,validation,20.0000,1.0000,1.0000,aleatorio,0.0000,0.0000,20260801.0000,3.0000,0.0000,0.1500,0.5000,uniforme,gaussiana,torneo,umbral_fijo,616.0000,269.0000,0.0000,10.2667,10.2667,7-10-6-6,0.2500,umbral_fijo,thresholding
0.0000,0.7429,0.2000,0.0000,0.0571,0.0000,1.0000,0.0000,32.0000,101.2000,9.3204,29.4757,3.4333,2.0000,2.0000,s05_A_varios,Varios enemigos tipo A vs 1 agente,17.1540,0.4000,oponente,25.0000,0.0000,bando_enemigo_eliminado,validation,20.0000,3.0000,3.0000,aleatorio,0.0000,0.0000,20260932.0000,3.0000,0.0000,0.1500,0.5000,uniforme,gaussiana,torneo,umbral_fijo,206.0000,205.0000,0.0000,3.4333,3.4333,7-10-6-6,0.2500,umbral_fijo,thresholding
0.1718,0.5521,0.2515,0.0000,0.0184,0.0061,1.0000,0.0000,105.6000,88.4000,6.4985,6.7026,16.2500,2.0000,2.0000,s06_B_varios,Varios enemigos tipo B vs 1 agente,165.5900,0.4000,oponente,25.0000,1.0000,bando_enemigo_eliminado,validation,20.0000,3.0000,2.0000,aleatorio,0.0000,0.0000,20261063.0000,3.0000,0.3333,0.1500,0.5000,uniforme,gaussiana,torneo,umbral_fijo,975.0000,621.0000,0.0000,16.2500,13.1889,7-10-6-6,0.2500,umbral_fijo,thresholding
0.0000,0.2090,0.7612,0.0000,0.0299,0.0000,1.0000,0.0000,84.0000,93.6000,12.5373,13.9701,6.7000,2.0000,2.0000,s07_C_varios,Varios enemigos tipo C vs 1 agente,66.7980,0.4000,oponente,25.0000,0.0000,bando_enemigo_eliminado,validation,20.0000,3.0000,3.0000,aleatorio,0.0000,0.0000,20261194.0000,3.0000,0.0000,0.1500,0.5000,uniforme,gaussiana,torneo,umbral_fijo,402.0000,205.0000,0.0000,6.7000,6.7000,7-10-6-6,0.2500,umbral_fijo,thresholding
0.0000,0.8000,0.1600,0.0000,0.0400,0.0000,1.0000,0.0000,12.0000,94.0000,4.9315,38.6301,2.4333,2.0000,2.0000,s08_mixto_1agente,Varios de todos los enemigos vs 1 agente,0.8340,0.4000,oponente,25.0000,0.0000,bando_enemigo_eliminado,validation,20.0000,6.0000,6.0000,aleatorio,0.0000,0.0000,20261325.0000,3.0000,0.0000,0.1500,0.5000,uniforme,gaussiana,torneo,umbral_fijo,146.0000,145.0000,0.0000,2.4333,2.4333,7-10-6-6,0.2500,umbral_fijo,thresholding
0.0367,0.4796,0.4576,0.0000,0.0256,0.0006,3.0000,1.0000,128.0000,249.2000,5.7016,8.1802,60.0000,2.0000,2.0000,s09_mixto_varios,Varios de todos los enemigos vs varios agentes,98.6940,0.4000,empate,25.0000,1.0000,tiempo_agotado,validation,20.0000,6.0000,1.0000,aleatorio,0.0000,0.0000,20261456.0000,3.0000,0.1667,0.1500,0.5000,uniforme,gaussiana,torneo,umbral_fijo,3600.0000,445.0000,0.0000,22.4500,30.4639,7-10-6-6,0.2500,umbral_fijo,thresholding
0.4950,0.3122,0.1655,0.0000,0.0254,0.0018,3.0000,1.0000,60.0000,188.8000,1.9886,3.1467,60.0000,2.0000,2.0000,s10_humano_varios,Un jugador humano (bot) vs varios agentes,1.1740,0.4000,empate,25.0000,0.0000,tiempo_agotado,validation,20.0000,1.0000,1.0000,aleatorio,0.0000,0.0000,20261587.0000,3.0000,0.0000,0.1500,0.5000,uniforme,gaussiana,torneo,umbral_fijo,3600.0000,791.0000,0.0000,30.1722,60.0000,7-10-6-6,0.2500,umbral_fijo,thresholding
0.1584,0.0198,0.8218,0.0000,0.0000,0.0000,1.0000,1.0000,60.0000,0.0000,5.9603,0.0000,10.0667,2.0000,2.0000,s11_D_1v1,Un enemigo tipo D (sanador) vs 1 agente,162.4160,0.4000,agente,25.0000,1.0000,bando_jugador_eliminado,validation,20.0000,1.0000,0.0000,aleatorio,0.0000,0.0000,20261718.0000,3.0000,1.0000,0.1500,0.5000,uniforme,gaussiana,torneo,umbral_fijo,604.0000,0.0000,0.0000,10.0667,10.0667,7-10-6-6,0.2500,umbral_fijo,thresholding
0.0000,0.7667,0.1667,0.0000,0.0667,0.0000,1.0000,0.0000,32.0000,87.2000,10.9091,29.7273,2.9333,2.0000,2.0000,s12_escolta,Dos tipo A escoltados por un sanador vs 1 agente,19.6340,0.4000,oponente,25.0000,0.0000,bando_enemigo_eliminado,validation,20.0000,3.0000,3.0000,aleatorio,0.0000,0.0000,20261849.0000,3.0000,0.0000,0.1500,0.5000,uniforme,gaussiana,torneo,umbral_fijo,176.0000,175.0000,0.0000,2.9333,2.9333,7-10-6-6,0.2500,umbral_fijo,thresholding
0.0000,0.7667,0.1667,0.0000,0.0667,0.0000,1.0000,0.0000,32.0000,96.8000,10.9091,33.0000,2.9333,2.0000,2.0000,s13_mixto_sanador,"Uno de cada tipo, sanador incluido, vs 1 agente",19.4740,0.4000,oponente,25.0000,0.0000,bando_enemigo_eliminado,validation,20.0000,5.0000,5.0000,aleatorio,0.0000,0.0000,20261980.0000,3.0000,0.0000,0.1500,0.5000,uniforme,gaussiana,torneo,umbral_fijo,176.0000,175.0000,0.0000,2.9333,2.9333,7-10-6-6,0.2500,umbral_fijo,thresholding
0.1224,0.3741,0.4830,0.0000,0.0136,0.0068,1.0000,0.0000,80.0000,101.2000,5.4422,6.8844,14.7000,2.0000,2.0000,s01_A_1v1,Un enemigo tipo A vs 1 agente,76.1380,0.4000,oponente,25.0000,0.0000,bando_enemigo_eliminado,validation,20.0000,1.0000,1.0000,aleatorio,0.0000,1.0000,20268327.0000,3.0000,0.0000,0.1500,0.5000,uniforme,gaussiana,torneo,umbral_fijo,882.0000,481.0000,0.0000,14.7000,14.7000,7-10-6-6,0.2500,umbral_fijo,thresholding
0.9967,0.0000,0.0033,0.0000,0.0000,0.0000,1.0000,1.0000,0.0000,0.0000,0.0000,0.0000,60.0000,2.0000,2.0000,s02_B_1v1,Un enemigo tipo B vs 1 agente,-0.6000,0.4000,empate,25.0000,0.0000,tiempo_agotado,validation,20.0000,1.0000,1.0000,aleatorio,0.0000,1.0000,20268458.0000,3.0000,0.0000,0.1500,0.5000,uniforme,gaussiana,torneo,umbral_fijo,3600.0000,0.0000,0.0000,60.0000,60.0000,7-10-6-6,0.2500,umbral_fijo,thresholding
0.2093,0.0814,0.7093,0.0000,0.0000,0.0000,1.0000,1.0000,48.0000,28.8000,5.5922,3.3553,8.5833,2.0000,2.0000,s03_C_1v1,Un enemigo tipo C vs 1 agente,89.5800,0.4000,agente,25.0000,0.0000,bando_jugador_eliminado,validation,20.0000,1.0000,0.0000,aleatorio,0.0000,1.0000,20268589.0000,3.0000,0.0000,0.1500,0.5000,uniforme,gaussiana,torneo,umbral_fijo,515.0000,0.0000,0.0000,8.5833,8.5833,7-10-6-6,0.2500,umbral_fijo,thresholding
0.2718,0.4466,0.2427,0.0000,0.0388,0.0000,1.0000,0.0000,36.0000,89.6000,3.5065,8.7273,10.2667,2.0000,2.0000,s04_humano_1v1,Un jugador humano (bot) vs 1 agente,22.5740,0.4000,oponente,25.0000,0.0000,bando_enemigo_eliminado,validation,20.0000,1.0000,1.0000,aleatorio,0.0000,1.0000,20268720.0000,3.0000,0.0000,0.1500,0.5000,uniforme,gaussiana,torneo,umbral_fijo,616.0000,269.0000,0.0000,10.2667,10.2667,7-10-6-6,0.2500,umbral_fijo,thresholding
0.0000,0.7429,0.2000,0.0000,0.0571,0.0000,1.0000,0.0000,32.0000,101.2000,9.3204,29.4757,3.4333,2.0000,2.0000,s05_A_varios,Varios enemigos tipo A vs 1 agente,17.1540,0.4000,oponente,25.0000,0.0000,bando_enemigo_eliminado,validation,20.0000,3.0000,3.0000,aleatorio,0.0000,1.0000,20268851.0000,3.0000,0.0000,0.1500,0.5000,uniforme,gaussiana,torneo,umbral_fijo,206.0000,205.0000,0.0000,3.4333,3.4333,7-10-6-6,0.2500,umbral_fijo,thresholding
0.1718,0.5521,0.2515,0.0000,0.0184,0.0061,1.0000,0.0000,105.6000,88.4000,6.4985,6.7026,16.2500,2.0000,2.0000,s06_B_varios,Varios enemigos tipo B vs 1 agente,165.5900,0.4000,oponente,25.0000,1.0000,bando_enemigo_eliminado,validation,20.0000,3.0000,2.0000,aleatorio,0.0000,1.0000,20268982.0000,3.0000,0.3333,0.1500,0.5000,uniforme,gaussiana,torneo,umbral_fijo,975.0000,621.0000,0.0000,16.2500,13.1889,7-10-6-6,0.2500,umbral_fijo,thresholding
0.0000,0.2090,0.7612,0.0000,0.0299,0.0000,1.0000,0.0000,84.0000,93.6000,12.5373,13.9701,6.7000,2.0000,2.0000,s07_C_varios,Varios enemigos tipo C vs 1 agente,66.7980,0.4000,oponente,25.0000,0.0000,bando_enemigo_eliminado,validation,20.0000,3.0000,3.0000,aleatorio,0.0000,1.0000,20269113.0000,3.0000,0.0000,0.1500,0.5000,uniforme,gaussiana,torneo,umbral_fijo,402.0000,205.0000,0.0000,6.7000,6.7000,7-10-6-6,0.2500,umbral_fijo,thresholding
0.0000,0.8000,0.1600,0.0000,0.0400,0.0000,1.0000,0.0000,12.0000,94.0000,4.9315,38.6301,2.4333,2.0000,2.0000,s08_mixto_1agente,Varios de todos los enemigos vs 1 agente,0.8340,0.4000,oponente,25.0000,0.0000,bando_enemigo_eliminado,validation,20.0000,6.0000,6.0000,aleatorio,0.0000,1.0000,20269244.0000,3.0000,0.0000,0.1500,0.5000,uniforme,gaussiana,torneo,umbral_fijo,146.0000,145.0000,0.0000,2.4333,2.4333,7-10-6-6,0.2500,umbral_fijo,thresholding
0.0367,0.4796,0.4576,0.0000,0.0256,0.0006,3.0000,1.0000,128.0000,249.2000,5.7016,8.1802,60.0000,2.0000,2.0000,s09_mixto_varios,Varios de todos los enemigos vs varios agentes,98.6940,0.4000,empate,25.0000,1.0000,tiempo_agotado,validation,20.0000,6.0000,1.0000,aleatorio,0.0000,1.0000,20269375.0000,3.0000,0.1667,0.1500,0.5000,uniforme,gaussiana,torneo,umbral_fijo,3600.0000,445.0000,0.0000,22.4500,30.4639,7-10-6-6,0.2500,umbral_fijo,thresholding
0.4950,0.3122,0.1655,0.0000,0.0254,0.0018,3.0000,1.0000,60.0000,188.8000,1.9886,3.1467,60.0000,2.0000,2.0000,s10_humano_varios,Un jugador humano (bot) vs varios agentes,1.1740,0.4000,empate,25.0000,0.0000,tiempo_agotado,validation,20.0000,1.0000,1.0000,aleatorio,0.0000,1.0000,20269506.0000,3.0000,0.0000,0.1500,0.5000,uniforme,gaussiana,torneo,umbral_fijo,3600.0000,791.0000,0.0000,30.1722,60.0000,7-10-6-6,0.2500,umbral_fijo,thresholding
0.1584,0.0198,0.8218,0.0000,0.0000,0.0000,1.0000,1.0000,60.0000,0.0000,5.9603,0.0000,10.0667,2.0000,2.0000,s11_D_1v1,Un enemigo tipo D (sanador) vs 1 agente,162.4160,0.4000,agente,25.0000,1.0000,bando_jugador_eliminado,validation,20.0000,1.0000,0.0000,aleatorio,0.0000,1.0000,20269637.0000,3.0000,1.0000,0.1500,0.5000,uniforme,gaussiana,torneo,umbral_fijo,604.0000,0.0000,0.0000,10.0667,10.0667,7-10-6-6,0.2500,umbral_fijo,thresholding
0.0000,0.7667,0.1667,0.0000,0.0667,0.0000,1.0000,0.0000,32.0000,87.2000,10.9091,29.7273,2.9333,2.0000,2.0000,s12_escolta,Dos tipo A escoltados por un sanador vs 1 agente,19.6340,0.4000,oponente,25.0000,0.0000,bando_enemigo_eliminado,validation,20.0000,3.0000,3.0000,aleatorio,0.0000,1.0000,20269768.0000,3.0000,0.0000,0.1500,0.5000,uniforme,gaussiana,torneo,umbral_fijo,176.0000,175.0000,0.0000,2.9333,2.9333,7-10-6-6,0.2500,umbral_fijo,thresholding
0.0000,0.7667,0.1667,0.0000,0.0667,0.0000,1.0000,0.0000,32.0000,96.8000,10.9091,33.0000,2.9333,2.0000,2.0000,s13_mixto_sanador,"Uno de cada tipo, sanador incluido, vs 1 agente",19.4740,0.4000,oponente,25.0000,0.0000,bando_enemigo_eliminado,validation,20.0000,5.0000,5.0000,aleatorio,0.0000,1.0000,20269899.0000,3.0000,0.0000,0.1500,0.5000,uniforme,gaussiana,torneo,umbral_fijo,176.0000,175.0000,0.0000,2.9333,2.9333,7-10-6-6,0.2500,umbral_fijo,thresholding
0.1224,0.3741,0.4830,0.0000,0.0136,0.0068,1.0000,0.0000,80.0000,101.2000,5.4422,6.8844,14.7000,2.0000,2.0000,s01_A_1v1,Un enemigo tipo A vs 1 agente,76.1380,0.4000,oponente,25.0000,0.0000,bando_enemigo_eliminado,validation,20.0000,1.0000,1.0000,aleatorio,0.0000,2.0000,20276246.0000,3.0000,0.0000,0.1500,0.5000,uniforme,gaussiana,torneo,umbral_fijo,882.0000,481.0000,0.0000,14.7000,14.7000,7-10-6-6,0.2500,umbral_fijo,thresholding
0.9967,0.0000,0.0033,0.0000,0.0000,0.0000,1.0000,1.0000,0.0000,0.0000,0.0000,0.0000,60.0000,2.0000,2.0000,s02_B_1v1,Un enemigo tipo B vs 1 agente,-0.6000,0.4000,empate,25.0000,0.0000,tiempo_agotado,validation,20.0000,1.0000,1.0000,aleatorio,0.0000,2.0000,20276377.0000,3.0000,0.0000,0.1500,0.5000,uniforme,gaussiana,torneo,umbral_fijo,3600.0000,0.0000,0.0000,60.0000,60.0000,7-10-6-6,0.2500,umbral_fijo,thresholding
0.2093,0.0814,0.7093,0.0000,0.0000,0.0000,1.0000,1.0000,48.0000,28.8000,5.5922,3.3553,8.5833,2.0000,2.0000,s03_C_1v1,Un enemigo tipo C vs 1 agente,89.5800,0.4000,agente,25.0000,0.0000,bando_jugador_eliminado,validation,20.0000,1.0000,0.0000,aleatorio,0.0000,2.0000,20276508.0000,3.0000,0.0000,0.1500,0.5000,uniforme,gaussiana,torneo,umbral_fijo,515.0000,0.0000,0.0000,8.5833,8.5833,7-10-6-6,0.2500,umbral_fijo,thresholding
0.2718,0.4466,0.2427,0.0000,0.0388,0.0000,1.0000,0.0000,36.0000,89.6000,3.5065,8.7273,10.2667,2.0000,2.0000,s04_humano_1v1,Un jugador humano (bot) vs 1 agente,22.5740,0.4000,oponente,25.0000,0.0000,bando_enemigo_eliminado,validation,20.0000,1.0000,1.0000,aleatorio,0.0000,2.0000,20276639.0000,3.0000,0.0000,0.1500,0.5000,uniforme,gaussiana,torneo,umbral_fijo,616.0000,269.0000,0.0000,10.2667,10.2667,7-10-6-6,0.2500,umbral_fijo,thresholding
0.0000,0.7429,0.2000,0.0000,0.0571,0.0000,1.0000,0.0000,32.0000,101.2000,9.3204,29.4757,3.4333,2.0000,2.0000,s05_A_varios,Varios enemigos tipo A vs 1 agente,17.1540,0.4000,oponente,25.0000,0.0000,bando_enemigo_eliminado,validation,20.0000,3.0000,3.0000,aleatorio,0.0000,2.0000,20276770.0000,3.0000,0.0000,0.1500,0.5000,uniforme,gaussiana,torneo,umbral_fijo,206.0000,205.0000,0.0000,3.4333,3.4333,7-10-6-6,0.2500,umbral_fijo,thresholding
0.1718,0.5521,0.2515,0.0000,0.0184,0.0061,1.0000,0.0000,105.6000,88.4000,6.4985,6.7026,16.2500,2.0000,2.0000,s06_B_varios,Varios enemigos tipo B vs 1 agente,165.5900,0.4000,oponente,25.0000,1.0000,bando_enemigo_eliminado,validation,20.0000,3.0000,2.0000,aleatorio,0.0000,2.0000,20276901.0000,3.0000,0.3333,0.1500,0.5000,uniforme,gaussiana,torneo,umbral_fijo,975.0000,621.0000,0.0000,16.2500,13.1889,7-10-6-6,0.2500,umbral_fijo,thresholding
0.0000,0.2090,0.7612,0.0000,0.0299,0.0000,1.0000,0.0000,84.0000,93.6000,12.5373,13.9701,6.7000,2.0000,2.0000,s07_C_varios,Varios enemigos tipo C vs 1 agente,66.7980,0.4000,oponente,25.0000,0.0000,bando_enemigo_eliminado,validation,20.0000,3.0000,3.0000,aleatorio,0.0000,2.0000,20277032.0000,3.0000,0.0000,0.1500,0.5000,uniforme,gaussiana,torneo,umbral_fijo,402.0000,205.0000,0.0000,6.7000,6.7000,7-10-6-6,0.2500,umbral_fijo,thresholding
0.0000,0.8000,0.1600,0.0000,0.0400,0.0000,1.0000,0.0000,12.0000,94.0000,4.9315,38.6301,2.4333,2.0000,2.0000,s08_mixto_1agente,Varios de todos los enemigos vs 1 agente,0.8340,0.4000,oponente,25.0000,0.0000,bando_enemigo_eliminado,validation,20.0000,6.0000,6.0000,aleatorio,0.0000,2.0000,20277163.0000,3.0000,0.0000,0.1500,0.5000,uniforme,gaussiana,torneo,umbral_fijo,146.0000,145.0000,0.0000,2.4333,2.4333,7-10-6-6,0.2500,umbral_fijo,thresholding
0.0367,0.4796,0.4576,0.0000,0.0256,0.0006,3.0000,1.0000,128.0000,249.2000,5.7016,8.1802,60.0000,2.0000,2.0000,s09_mixto_varios,Varios de todos los enemigos vs varios agentes,98.6940,0.4000,empate,25.0000,1.0000,tiempo_agotado,validation,20.0000,6.0000,1.0000,aleatorio,0.0000,2.0000,20277294.0000,3.0000,0.1667,0.1500,0.5000,uniforme,gaussiana,torneo,umbral_fijo,3600.0000,445.0000,0.0000,22.4500,30.4639,7-10-6-6,0.2500,umbral_fijo,thresholding
0.4950,0.3122,0.1655,0.0000,0.0254,0.0018,3.0000,1.0000,60.0000,188.8000,1.9886,3.1467,60.0000,2.0000,2.0000,s10_humano_varios,Un jugador humano (bot) vs varios agentes,1.1740,0.4000,empate,25.0000,0.0000,tiempo_agotado,validation,20.0000,1.0000,1.0000,aleatorio,0.0000,2.0000,20277425.0000,3.0000,0.0000,0.1500,0.5000,uniforme,gaussiana,torneo,umbral_fijo,3600.0000,791.0000,0.0000,30.1722,60.0000,7-10-6-6,0.2500,umbral_fijo,thresholding
0.1584,0.0198,0.8218,0.0000,0.0000,0.0000,1.0000,1.0000,60.0000,0.0000,5.9603,0.0000,10.0667,2.0000,2.0000,s11_D_1v1,Un enemigo tipo D (sanador) vs 1 agente,162.4160,0.4000,agente,25.0000,1.0000,bando_jugador_eliminado,validation,20.0000,1.0000,0.0000,aleatorio,0.0000,2.0000,20277556.0000,3.0000,1.0000,0.1500,0.5000,uniforme,gaussiana,torneo,umbral_fijo,604.0000,0.0000,0.0000,10.0667,10.0667,7-10-6-6,0.2500,umbral_fijo,thresholding
0.0000,0.7667,0.1667,0.0000,0.0667,0.0000,1.0000,0.0000,32.0000,87.2000,10.9091,29.7273,2.9333,2.0000,2.0000,s12_escolta,Dos tipo A escoltados por un sanador vs 1 agente,19.6340,0.4000,oponente,25.0000,0.0000,bando_enemigo_eliminado,validation,20.0000,3.0000,3.0000,aleatorio,0.0000,2.0000,20277687.0000,3.0000,0.0000,0.1500,0.5000,uniforme,gaussiana,torneo,umbral_fijo,176.0000,175.0000,0.0000,2.9333,2.9333,7-10-6-6,0.2500,umbral_fijo,thresholding
0.0000,0.7667,0.1667,0.0000,0.0667,0.0000,1.0000,0.0000,32.0000,96.8000,10.9091,33.0000,2.9333,2.0000,2.0000,s13_mixto_sanador,"Uno de cada tipo, sanador incluido, vs 1 agente",19.4740,0.4000,oponente,25.0000,0.0000,bando_enemigo_eliminado,validation,20.0000,5.0000,5.0000,aleatorio,0.0000,2.0000,20277818.0000,3.0000,0.0000,0.1500,0.5000,uniforme,gaussiana,torneo,umbral_fijo,176.0000,175.0000,0.0000,2.9333,2.9333,7-10-6-6,0.2500,umbral_fijo,thresholding
0.1224,0.3741,0.4830,0.0000,0.0136,0.0068,1.0000,0.0000,80.0000,101.2000,5.4422,6.8844,14.7000,2.0000,2.0000,s01_A_1v1,Un enemigo tipo A vs 1 agente,76.1380,0.4000,oponente,25.0000,0.0000,bando_enemigo_eliminado,validation,20.0000,1.0000,1.0000,aleatorio,0.0000,3.0000,20284165.0000,3.0000,0.0000,0.1500,0.5000,uniforme,gaussiana,torneo,umbral_fijo,882.0000,481.0000,0.0000,14.7000,14.7000,7-10-6-6,0.2500,umbral_fijo,thresholding
0.9967,0.0000,0.0033,0.0000,0.0000,0.0000,1.0000,1.0000,0.0000,0.0000,0.0000,0.0000,60.0000,2.0000,2.0000,s02_B_1v1,Un enemigo tipo B vs 1 agente,-0.6000,0.4000,empate,25.0000,0.0000,tiempo_agotado,validation,20.0000,1.0000,1.0000,aleatorio,0.0000,3.0000,20284296.0000,3.0000,0.0000,0.1500,0.5000,uniforme,gaussiana,torneo,umbral_fijo,3600.0000,0.0000,0.0000,60.0000,60.0000,7-10-6-6,0.2500,umbral_fijo,thresholding
0.2093,0.0814,0.7093,0.0000,0.0000,0.0000,1.0000,1.0000,48.0000,28.8000,5.5922,3.3553,8.5833,2.0000,2.0000,s03_C_1v1,Un enemigo tipo C vs 1 agente,89.5800,0.4000,agente,25.0000,0.0000,bando_jugador_eliminado,validation,20.0000,1.0000,0.0000,aleatorio,0.0000,3.0000,20284427.0000,3.0000,0.0000,0.1500,0.5000,uniforme,gaussiana,torneo,umbral_fijo,515.0000,0.0000,0.0000,8.5833,8.5833,7-10-6-6,0.2500,umbral_fijo,thresholding
0.2718,0.4466,0.2427,0.0000,0.0388,0.0000,1.0000,0.0000,36.0000,89.6000,3.5065,8.7273,10.2667,2.0000,2.0000,s04_humano_1v1,Un jugador humano (bot) vs 1 agente,22.5740,0.4000,oponente,25.0000,0.0000,bando_enemigo_eliminado,validation,20.0000,1.0000,1.0000,aleatorio,0.0000,3.0000,20284558.0000,3.0000,0.0000,0.1500,0.5000,uniforme,gaussiana,torneo,umbral_fijo,616.0000,269.0000,0.0000,10.2667,10.2667,7-10-6-6,0.2500,umbral_fijo,thresholding
0.0000,0.7429,0.2000,0.0000,0.0571,0.0000,1.0000,0.0000,32.0000,101.2000,9.3204,29.4757,3.4333,2.0000,2.0000,s05_A_varios,Varios enemigos tipo A vs 1 agente,17.1540,0.4000,oponente,25.0000,0.0000,bando_enemigo_eliminado,validation,20.0000,3.0000,3.0000,aleatorio,0.0000,3.0000,20284689.0000,3.0000,0.0000,0.1500,0.5000,uniforme,gaussiana,torneo,umbral_fijo,206.0000,205.0000,0.0000,3.4333,3.4333,7-10-6-6,0.2500,umbral_fijo,thresholding
0.1718,0.5521,0.2515,0.0000,0.0184,0.0061,1.0000,0.0000,105.6000,88.4000,6.4985,6.7026,16.2500,2.0000,2.0000,s06_B_varios,Varios enemigos tipo B vs 1 agente,165.5900,0.4000,oponente,25.0000,1.0000,bando_enemigo_eliminado,validation,20.0000,3.0000,2.0000,aleatorio,0.0000,3.0000,20284820.0000,3.0000,0.3333,0.1500,0.5000,uniforme,gaussiana,torneo,umbral_fijo,975.0000,621.0000,0.0000,16.2500,13.1889,7-10-6-6,0.2500,umbral_fijo,thresholding
0.0000,0.2090,0.7612,0.0000,0.0299,0.0000,1.0000,0.0000,84.0000,93.6000,12.5373,13.9701,6.7000,2.0000,2.0000,s07_C_varios,Varios enemigos tipo C vs 1 agente,66.7980,0.4000,oponente,25.0000,0.0000,bando_enemigo_eliminado,validation,20.0000,3.0000,3.0000,aleatorio,0.0000,3.0000,20284951.0000,3.0000,0.0000,0.1500,0.5000,uniforme,gaussiana,torneo,umbral_fijo,402.0000,205.0000,0.0000,6.7000,6.7000,7-10-6-6,0.2500,umbral_fijo,thresholding
0.0000,0.8000,0.1600,0.0000,0.0400,0.0000,1.0000,0.0000,12.0000,94.0000,4.9315,38.6301,2.4333,2.0000,2.0000,s08_mixto_1agente,Varios de todos los enemigos vs 1 agente,0.8340,0.4000,oponente,25.0000,0.0000,bando_enemigo_eliminado,validation,20.0000,6.0000,6.0000,aleatorio,0.0000,3.0000,20285082.0000,3.0000,0.0000,0.1500,0.5000,uniforme,gaussiana,torneo,umbral_fijo,146.0000,145.0000,0.0000,2.4333,2.4333,7-10-6-6,0.2500,umbral_fijo,thresholding
0.0367,0.4796,0.4576,0.0000,0.0256,0.0006,3.0000,1.0000,128.0000,249.2000,5.7016,8.1802,60.0000,2.0000,2.0000,s09_mixto_varios,Varios de todos los enemigos vs varios agentes,98.6940,0.4000,empate,25.0000,1.0000,tiempo_agotado,validation,20.0000,6.0000,1.0000,aleatorio,0.0000,3.0000,20285213.0000,3.0000,0.1667,0.1500,0.5000,uniforme,gaussiana,torneo,umbral_fijo,3600.0000,445.0000,0.0000,22.4500,30.4639,7-10-6-6,0.2500,umbral_fijo,thresholding
0.4950,0.3122,0.1655,0.0000,0.0254,0.0018,3.0000,1.0000,60.0000,188.8000,1.9886,3.1467,60.0000,2.0000,2.0000,s10_humano_varios,Un jugador humano (bot) vs varios agentes,1.1740,0.4000,empate,25.0000,0.0000,tiempo_agotado,validation,20.0000,1.0000,1.0000,aleatorio,0.0000,3.0000,20285344.0000,3.0000,0.0000,0.1500,0.5000,uniforme,gaussiana,torneo,umbral_fijo,3600.0000,791.0000,0.0000,30.1722,60.0000,7-10-6-6,0.2500,umbral_fijo,thresholding
0.1584,0.0198,0.8218,0.0000,0.0000,0.0000,1.0000,1.0000,60.0000,0.0000,5.9603,0.0000,10.0667,2.0000,2.0000,s11_D_1v1,Un enemigo tipo D (sanador) vs 1 agente,162.4160,0.4000,agente,25.0000,1.0000,bando_jugador_eliminado,validation,20.0000,1.0000,0.0000,aleatorio,0.0000,3.0000,20285475.0000,3.0000,1.0000,0.1500,0.5000,uniforme,gaussiana,torneo,umbral_fijo,604.0000,0.0000,0.0000,10.0667,10.0667,7-10-6-6,0.2500,umbral_fijo,thresholding
0.0000,0.7667,0.1667,0.0000,0.0667,0.0000,1.0000,0.0000,32.0000,87.2000,10.9091,29.7273,2.9333,2.0000,2.0000,s12_escolta,Dos tipo A escoltados por un sanador vs 1 agente,19.6340,0.4000,oponente,25.0000,0.0000,bando_enemigo_eliminado,validation,20.0000,3.0000,3.0000,aleatorio,0.0000,3.0000,20285606.0000,3.0000,0.0000,0.1500,0.5000,uniforme,gaussiana,torneo,umbral_fijo,176.0000,175.0000,0.0000,2.9333,2.9333,7-10-6-6,0.2500,umbral_fijo,thresholding
0.0000,0.7667,0.1667,0.0000,0.0667,0.0000,1.0000,0.0000,32.0000,96.8000,10.9091,33.0000,2.9333,2.0000,2.0000,s13_mixto_sanador,"Uno de cada tipo, sanador incluido, vs 1 agente",19.4740,0.4000,oponente,25.0000,0.0000,bando_enemigo_eliminado,validation,20.0000,5.0000,5.0000,aleatorio,0.0000,3.0000,20285737.0000,3.0000,0.0000,0.1500,0.5000,uniforme,gaussiana,torneo,umbral_fijo,176.0000,175.0000,0.0000,2.9333,2.9333,7-10-6-6,0.2500,umbral_fijo,thresholding
0.1224,0.3741,0.4830,0.0000,0.0136,0.0068,1.0000,0.0000,80.0000,101.2000,5.4422,6.8844,14.7000,2.0000,2.0000,s01_A_1v1,Un enemigo tipo A vs 1 agente,76.1380,0.4000,oponente,25.0000,0.0000,bando_enemigo_eliminado,validation,20.0000,1.0000,1.0000,aleatorio,0.0000,4.0000,20292084.0000,3.0000,0.0000,0.1500,0.5000,uniforme,gaussiana,torneo,umbral_fijo,882.0000,481.0000,0.0000,14.7000,14.7000,7-10-6-6,0.2500,umbral_fijo,thresholding
0.9967,0.0000,0.0033,0.0000,0.0000,0.0000,1.0000,1.0000,0.0000,0.0000,0.0000,0.0000,60.0000,2.0000,2.0000,s02_B_1v1,Un enemigo tipo B vs 1 agente,-0.6000,0.4000,empate,25.0000,0.0000,tiempo_agotado,validation,20.0000,1.0000,1.0000,aleatorio,0.0000,4.0000,20292215.0000,3.0000,0.0000,0.1500,0.5000,uniforme,gaussiana,torneo,umbral_fijo,3600.0000,0.0000,0.0000,60.0000,60.0000,7-10-6-6,0.2500,umbral_fijo,thresholding
0.2093,0.0814,0.7093,0.0000,0.0000,0.0000,1.0000,1.0000,48.0000,28.8000,5.5922,3.3553,8.5833,2.0000,2.0000,s03_C_1v1,Un enemigo tipo C vs 1 agente,89.5800,0.4000,agente,25.0000,0.0000,bando_jugador_eliminado,validation,20.0000,1.0000,0.0000,aleatorio,0.0000,4.0000,20292346.0000,3.0000,0.0000,0.1500,0.5000,uniforme,gaussiana,torneo,umbral_fijo,515.0000,0.0000,0.0000,8.5833,8.5833,7-10-6-6,0.2500,umbral_fijo,thresholding
0.2718,0.4466,0.2427,0.0000,0.0388,0.0000,1.0000,0.0000,36.0000,89.6000,3.5065,8.7273,10.2667,2.0000,2.0000,s04_humano_1v1,Un jugador humano (bot) vs 1 agente,22.5740,0.4000,oponente,25.0000,0.0000,bando_enemigo_eliminado,validation,20.0000,1.0000,1.0000,aleatorio,0.0000,4.0000,20292477.0000,3.0000,0.0000,0.1500,0.5000,uniforme,gaussiana,torneo,umbral_fijo,616.0000,269.0000,0.0000,10.2667,10.2667,7-10-6-6,0.2500,umbral_fijo,thresholding
0.0000,0.7429,0.2000,0.0000,0.0571,0.0000,1.0000,0.0000,32.0000,101.2000,9.3204,29.4757,3.4333,2.0000,2.0000,s05_A_varios,Varios enemigos tipo A vs 1 agente,17.1540,0.4000,oponente,25.0000,0.0000,bando_enemigo_eliminado,validation,20.0000,3.0000,3.0000,aleatorio,0.0000,4.0000,20292608.0000,3.0000,0.0000,0.1500,0.5000,uniforme,gaussiana,torneo,umbral_fijo,206.0000,205.0000,0.0000,3.4333,3.4333,7-10-6-6,0.2500,umbral_fijo,thresholding
0.1718,0.5521,0.2515,0.0000,0.0184,0.0061,1.0000,0.0000,105.6000,88.4000,6.4985,6.7026,16.2500,2.0000,2.0000,s06_B_varios,Varios enemigos tipo B vs 1 agente,165.5900,0.4000,oponente,25.0000,1.0000,bando_enemigo_eliminado,validation,20.0000,3.0000,2.0000,aleatorio,0.0000,4.0000,20292739.0000,3.0000,0.3333,0.1500,0.5000,uniforme,gaussiana,torneo,umbral_fijo,975.0000,621.0000,0.0000,16.2500,13.1889,7-10-6-6,0.2500,umbral_fijo,thresholding
0.0000,0.2090,0.7612,0.0000,0.0299,0.0000,1.0000,0.0000,84.0000,93.6000,12.5373,13.9701,6.7000,2.0000,2.0000,s07_C_varios,Varios enemigos tipo C vs 1 agente,66.7980,0.4000,oponente,25.0000,0.0000,bando_enemigo_eliminado,validation,20.0000,3.0000,3.0000,aleatorio,0.0000,4.0000,20292870.0000,3.0000,0.0000,0.1500,0.5000,uniforme,gaussiana,torneo,umbral_fijo,402.0000,205.0000,0.0000,6.7000,6.7000,7-10-6-6,0.2500,umbral_fijo,thresholding
0.0000,0.8000,0.1600,0.0000,0.0400,0.0000,1.0000,0.0000,12.0000,94.0000,4.9315,38.6301,2.4333,2.0000,2.0000,s08_mixto_1agente,Varios de todos los enemigos vs 1 agente,0.8340,0.4000,oponente,25.0000,0.0000,bando_enemigo_eliminado,validation,20.0000,6.0000,6.0000,aleatorio,0.0000,4.0000,20293001.0000,3.0000,0.0000,0.1500,0.5000,uniforme,gaussiana,torneo,umbral_fijo,146.0000,145.0000,0.0000,2.4333,2.4333,7-10-6-6,0.2500,umbral_fijo,thresholding
0.0367,0.4796,0.4576,0.0000,0.0256,0.0006,3.0000,1.0000,128.0000,249.2000,5.7016,8.1802,60.0000,2.0000,2.0000,s09_mixto_varios,Varios de todos los enemigos vs varios agentes,98.6940,0.4000,empate,25.0000,1.0000,tiempo_agotado,validation,20.0000,6.0000,1.0000,aleatorio,0.0000,4.0000,20293132.0000,3.0000,0.1667,0.1500,0.5000,uniforme,gaussiana,torneo,umbral_fijo,3600.0000,445.0000,0.0000,22.4500,30.4639,7-10-6-6,0.2500,umbral_fijo,thresholding
0.4950,0.3122,0.1655,0.0000,0.0254,0.0018,3.0000,1.0000,60.0000,188.8000,1.9886,3.1467,60.0000,2.0000,2.0000,s10_humano_varios,Un jugador humano (bot) vs varios agentes,1.1740,0.4000,empate,25.0000,0.0000,tiempo_agotado,validation,20.0000,1.0000,1.0000,aleatorio,0.0000,4.0000,20293263.0000,3.0000,0.0000,0.1500,0.5000,uniforme,gaussiana,torneo,umbral_fijo,3600.0000,791.0000,0.0000,30.1722,60.0000,7-10-6-6,0.2500,umbral_fijo,thresholding
0.1584,0.0198,0.8218,0.0000,0.0000,0.0000,1.0000,1.0000,60.0000,0.0000,5.9603,0.0000,10.0667,2.0000,2.0000,s11_D_1v1,Un enemigo tipo D (sanador) vs 1 agente,162.4160,0.4000,agente,25.0000,1.0000,bando_jugador_eliminado,validation,20.0000,1.0000,0.0000,aleatorio,0.0000,4.0000,20293394.0000,3.0000,1.0000,0.1500,0.5000,uniforme,gaussiana,torneo,umbral_fijo,604.0000,0.0000,0.0000,10.0667,10.0667,7-10-6-6,0.2500,umbral_fijo,thresholding
0.0000,0.7667,0.1667,0.0000,0.0667,0.0000,1.0000,0.0000,32.0000,87.2000,10.9091,29.7273,2.9333,2.0000,2.0000,s12_escolta,Dos tipo A escoltados por un sanador vs 1 agente,19.6340,0.4000,oponente,25.0000,0.0000,bando_enemigo_eliminado,validation,20.0000,3.0000,3.0000,aleatorio,0.0000,4.0000,20293525.0000,3.0000,0.0000,0.1500,0.5000,uniforme,gaussiana,torneo,umbral_fijo,176.0000,175.0000,0.0000,2.9333,2.9333,7-10-6-6,0.2500,umbral_fijo,thresholding
0.0000,0.7667,0.1667,0.0000,0.0667,0.0000,1.0000,0.0000,32.0000,96.8000,10.9091,33.0000,2.9333,2.0000,2.0000,s13_mixto_sanador,"Uno de cada tipo, sanador incluido, vs 1 agente",19.4740,0.4000,oponente,25.0000,0.0000,bando_enemigo_eliminado,validation,20.0000,5.0000,5.0000,aleatorio,0.0000,4.0000,20293656.0000,3.0000,0.0000,0.1500,0.5000,uniforme,gaussiana,torneo,umbral_fijo,176.0000,175.0000,0.0000,2.9333,2.9333,7-10-6-6,0.2500,umbral_fijo,thresholding
0.0000,0.0000,0.3704,0.0000,0.0556,0.5741,1.0000,0.0000,64.0000,88.0000,11.9626,16.4486,5.3500,2.0000,2.0000,s01_A_1v1,Un enemigo tipo A vs 1 agente,32.9340,0.4000,oponente,25.0000,0.0000,bando_enemigo_eliminado,validation,20.0000,1.0000,1.0000,aleatorio,0.0000,0.0000,20260408.0000,3.0000,0.0000,0.1500,0.5000,uniforme,gaussiana,torneo,muestreo_softmax,321.0000,155.0000,0.0000,5.3500,5.3500,7-10-6-6,0.2500,muestreo_softmax,thresholding
0.0526,0.0088,0.2719,0.0000,0.0263,0.6404,1.0000,1.0000,80.8000,13.0000,7.1399,1.1487,11.3167,2.0000,2.0000,s02_B_1v1,Un enemigo tipo B vs 1 agente,193.0460,0.4000,agente,25.0000,1.0000,bando_jugador_eliminado,validation,20.0000,1.0000,0.0000,aleatorio,0.0000,0.0000,20260539.0000,3.0000,1.0000,0.1500,0.5000,uniforme,gaussiana,torneo,muestreo_softmax,679.0000,426.0000,0.0000,11.3167,11.3167,7-10-6-6,0.2500,muestreo_softmax,thresholding
0.0000,0.0000,0.2353,0.0000,0.0882,0.6765,1.0000,1.0000,68.0000,48.0000,10.1241,7.1464,6.7167,2.0000,2.0000,s03_C_1v1,Un enemigo tipo C vs 1 agente,164.2120,0.4000,agente,25.0000,1.0000,bando_jugador_eliminado,validation,20.0000,1.0000,0.0000,aleatorio,0.0000,0.0000,20260670.0000,3.0000,1.0000,0.1500,0.5000,uniforme,gaussiana,torneo,muestreo_softmax,403.0000,220.0000,0.0000,6.7167,6.7167,7-10-6-6,0.2500,muestreo_softmax,thresholding
0.0000,0.0000,0.0800,0.0000,0.0000,0.9200,1.0000,0.0000,12.0000,90.0000,2.4000,18.0000,5.0000,2.0000,2.0000,s04_humano_1v1,Un jugador humano (bot) vs 1 agente,-19.5900,0.4000,oponente,25.0000,0.0000,bando_enemigo_eliminado,validation,20.0000,1.0000,1.0000,aleatorio,0.0000,0.0000,20260801.0000,3.0000,0.0000,0.1500,0.5000,uniforme,gaussiana,torneo,muestreo_softmax,300.0000,157.0000,0.0000,5.0000,5.0000,7-10-6-6,0.2500,muestreo_softmax,thresholding
0.0000,0.0000,0.9500,0.0000,0.0000,0.0500,1.0000,0.0000,0.0000,88.0000,0.0000,45.5172,1.9333,2.0000,2.0000,s05_A_varios,Varios enemigos tipo A vs 1 agente,-33.0860,0.4000,oponente,25.0000,0.0000,bando_enemigo_eliminado,validation,20.0000,3.0000,3.0000,aleatorio,0.0000,0.0000,20260932.0000,3.0000,0.0000,0.1500,0.5000,uniforme,gaussiana,torneo,muestreo_softmax,116.0000,115.0000,0.0000,1.9333,1.9333,7-10-6-6,0.2500,muestreo_softmax,thresholding
0.0383,0.0863,0.3227,0.0000,0.0447,0.5080,1.0000,1.0000,253.6000,26.0000,8.1239,1.4092,31.2167,2.0000,2.0000,s06_B_varios,Varios enemigos tipo B vs 1 agente,513.8920,0.4000,agente,25.0000,3.0000,bando_jugador_eliminado,validation,20.0000,3.0000,0.0000,aleatorio,0.0000,0.0000,20261063.0000,3.0000,1.0000,0.1500,0.5000,uniforme,gaussiana,torneo,muestreo_softmax,1873.0000,1310.0000,0.0000,31.2167,18.4500,7-10-6-6,0.2500,muestreo_softmax,thresholding
0.0145,0.0000,0.4783,0.0000,0.0725,0.4348,1.0000,0.0000,80.0000,96.0000,11.7359,14.0831,6.8167,2.0000,2.0000,s07_C_varios,Varios enemigos tipo C vs 1 agente,54.8760,0.4000,oponente,25.0000,0.0000,bando_enemigo_eliminado,validation,20.0000,3.0000,3.0000,aleatorio,0.0000,0.0000,20261194.0000,3.0000,0.0000,0.1500,0.5000,uniforme,gaussiana,torneo,muestreo_softmax,409.0000,408.0000,0.0000,6.8167,6.8167,7-10-6-6,0.2500,muestreo_softmax,thresholding
0.0000,0.0000,0.8500,0.0000,0.1000,0.0500,1.0000,0.0000,40.0000,88.0000,20.6897,51.2621,1.9333,2.0000,2.0000,s08_mixto_1agente,Varios de todos los enemigos vs 1 agente,6.9140,0.4000,oponente,25.0000,0.0000,bando_enemigo_eliminado,validation,20.0000,6.0000,5.0000,aleatorio,0.0000,0.0000,20261325.0000,3.0000,0.0000,0.1500,0.5000,uniforme,gaussiana,torneo,muestreo_softmax,116.0000,115.0000,0.0000,1.9333,1.7167,7-10-6-6,0.2500,muestreo_softmax,thresholding
0.0000,0.0000,0.4996,0.0000,0.0791,0.4213,3.0000,0.0000,108.0000,193.0000,40.5000,38.3444,5.0333,2.0000,2.0000,s09_mixto_varios,Varios de todos los enemigos vs varios agentes,29.9300,0.4000,oponente,25.0000,0.0000,bando_enemigo_eliminado,validation,20.0000,6.0000,6.0000,aleatorio,0.0000,0.0000,20261456.0000,3.0000,0.0000,0.1500,0.5000,uniforme,gaussiana,torneo,muestreo_softmax,302.0000,442.0000,0.0000,2.6667,5.0333,7-10-6-6,0.2500,muestreo_softmax,thresholding
0.0000,0.0000,0.0683,0.0000,0.0158,0.9158,3.0000,0.0000,44.0000,158.0000,5.9864,14.9527,10.5667,2.0000,2.0000,s10_humano_varios,Un jugador humano (bot) vs varios agentes,-17.9280,0.4000,oponente,25.0000,0.0000,bando_enemigo_eliminado,validation,20.0000,1.0000,1.0000,aleatorio,0.0000,0.0000,20261587.0000,3.0000,0.0000,0.1500,0.5000,uniforme,gaussiana,torneo,muestreo_softmax,634.0000,576.0000,0.0000,7.3500,10.5667,7-10-6-6,0.2500,muestreo_softmax,thresholding
0.0000,0.0000,0.2241,0.0000,0.0345,0.7414,1.0000,1.0000,60.0000,24.0000,10.4046,4.1618,5.7667,2.0000,2.0000,s11_D_1v1,Un enemigo tipo D (sanador) vs 1 agente,158.6840,0.4000,agente,25.0000,1.0000,bando_jugador_eliminado,validation,20.0000,1.0000,0.0000,aleatorio,0.0000,0.0000,20261718.0000,3.0000,1.0000,0.1500,0.5000,uniforme,gaussiana,torneo,muestreo_softmax,346.0000,110.0000,0.0000,5.7667,5.7667,7-10-6-6,0.2500,muestreo_softmax,thresholding
0.0000,0.0000,0.9500,0.0000,0.0000,0.0500,1.0000,0.0000,0.0000,88.0000,0.0000,45.5172,1.9333,2.0000,2.0000,s12_escolta,Dos tipo A escoltados por un sanador vs 1 agente,-33.0860,0.4000,oponente,25.0000,0.0000,bando_enemigo_eliminado,validation,20.0000,3.0000,3.0000,aleatorio,0.0000,0.0000,20261849.0000,3.0000,0.0000,0.1500,0.5000,uniforme,gaussiana,torneo,muestreo_softmax,116.0000,115.0000,0.0000,1.9333,1.9333,7-10-6-6,0.2500,muestreo_softmax,thresholding
0.0000,0.0000,0.9000,0.0000,0.0000,0.1000,1.0000,0.0000,0.0000,104.0000,0.0000,53.7931,1.9333,2.0000,2.0000,s13_mixto_sanador,"Uno de cada tipo, sanador incluido, vs 1 agente",-37.0860,0.4000,oponente,25.0000,0.0000,bando_enemigo_eliminado,validation,20.0000,5.0000,5.0000,aleatorio,0.0000,0.0000,20261980.0000,3.0000,0.0000,0.1500,0.5000,uniforme,gaussiana,torneo,muestreo_softmax,116.0000,115.0000,0.0000,1.9333,1.9333,7-10-6-6,0.2500,muestreo_softmax,thresholding
0.0000,0.0000,0.3704,0.0000,0.0556,0.5741,1.0000,0.0000,64.0000,88.0000,11.9626,16.4486,5.3500,2.0000,2.0000,s01_A_1v1,Un enemigo tipo A vs 1 agente,32.9340,0.4000,oponente,25.0000,0.0000,bando_enemigo_eliminado,validation,20.0000,1.0000,1.0000,aleatorio,0.0000,1.0000,20268327.0000,3.0000,0.0000,0.1500,0.5000,uniforme,gaussiana,torneo,muestreo_softmax,321.0000,155.0000,0.0000,5.3500,5.3500,7-10-6-6,0.2500,muestreo_softmax,thresholding
0.0526,0.0088,0.2719,0.0000,0.0263,0.6404,1.0000,1.0000,80.8000,13.0000,7.1399,1.1487,11.3167,2.0000,2.0000,s02_B_1v1,Un enemigo tipo B vs 1 agente,193.0460,0.4000,agente,25.0000,1.0000,bando_jugador_eliminado,validation,20.0000,1.0000,0.0000,aleatorio,0.0000,1.0000,20268458.0000,3.0000,1.0000,0.1500,0.5000,uniforme,gaussiana,torneo,muestreo_softmax,679.0000,426.0000,0.0000,11.3167,11.3167,7-10-6-6,0.2500,muestreo_softmax,thresholding
0.0000,0.0000,0.2353,0.0000,0.0882,0.6765,1.0000,1.0000,68.0000,48.0000,10.1241,7.1464,6.7167,2.0000,2.0000,s03_C_1v1,Un enemigo tipo C vs 1 agente,164.2120,0.4000,agente,25.0000,1.0000,bando_jugador_eliminado,validation,20.0000,1.0000,0.0000,aleatorio,0.0000,1.0000,20268589.0000,3.0000,1.0000,0.1500,0.5000,uniforme,gaussiana,torneo,muestreo_softmax,403.0000,220.0000,0.0000,6.7167,6.7167,7-10-6-6,0.2500,muestreo_softmax,thresholding
0.0000,0.0000,0.0800,0.0000,0.0000,0.9200,1.0000,0.0000,12.0000,90.0000,2.4000,18.0000,5.0000,2.0000,2.0000,s04_humano_1v1,Un jugador humano (bot) vs 1 agente,-19.5900,0.4000,oponente,25.0000,0.0000,bando_enemigo_eliminado,validation,20.0000,1.0000,1.0000,aleatorio,0.0000,1.0000,20268720.0000,3.0000,0.0000,0.1500,0.5000,uniforme,gaussiana,torneo,muestreo_softmax,300.0000,157.0000,0.0000,5.0000,5.0000,7-10-6-6,0.2500,muestreo_softmax,thresholding
0.0000,0.0000,0.9500,0.0000,0.0000,0.0500,1.0000,0.0000,0.0000,88.0000,0.0000,45.5172,1.9333,2.0000,2.0000,s05_A_varios,Varios enemigos tipo A vs 1 agente,-33.0860,0.4000,oponente,25.0000,0.0000,bando_enemigo_eliminado,validation,20.0000,3.0000,3.0000,aleatorio,0.0000,1.0000,20268851.0000,3.0000,0.0000,0.1500,0.5000,uniforme,gaussiana,torneo,muestreo_softmax,116.0000,115.0000,0.0000,1.9333,1.9333,7-10-6-6,0.2500,muestreo_softmax,thresholding
0.0383,0.0863,0.3227,0.0000,0.0447,0.5080,1.0000,1.0000,253.6000,26.0000,8.1239,1.4092,31.2167,2.0000,2.0000,s06_B_varios,Varios enemigos tipo B vs 1 agente,513.8920,0.4000,agente,25.0000,3.0000,bando_jugador_eliminado,validation,20.0000,3.0000,0.0000,aleatorio,0.0000,1.0000,20268982.0000,3.0000,1.0000,0.1500,0.5000,uniforme,gaussiana,torneo,muestreo_softmax,1873.0000,1310.0000,0.0000,31.2167,18.4500,7-10-6-6,0.2500,muestreo_softmax,thresholding
0.0145,0.0000,0.4783,0.0000,0.0725,0.4348,1.0000,0.0000,80.0000,96.0000,11.7359,14.0831,6.8167,2.0000,2.0000,s07_C_varios,Varios enemigos tipo C vs 1 agente,54.8760,0.4000,oponente,25.0000,0.0000,bando_enemigo_eliminado,validation,20.0000,3.0000,3.0000,aleatorio,0.0000,1.0000,20269113.0000,3.0000,0.0000,0.1500,0.5000,uniforme,gaussiana,torneo,muestreo_softmax,409.0000,408.0000,0.0000,6.8167,6.8167,7-10-6-6,0.2500,muestreo_softmax,thresholding
0.0000,0.0000,0.8500,0.0000,0.1000,0.0500,1.0000,0.0000,40.0000,88.0000,20.6897,51.2621,1.9333,2.0000,2.0000,s08_mixto_1agente,Varios de todos los enemigos vs 1 agente,6.9140,0.4000,oponente,25.0000,0.0000,bando_enemigo_eliminado,validation,20.0000,6.0000,5.0000,aleatorio,0.0000,1.0000,20269244.0000,3.0000,0.0000,0.1500,0.5000,uniforme,gaussiana,torneo,muestreo_softmax,116.0000,115.0000,0.0000,1.9333,1.7167,7-10-6-6,0.2500,muestreo_softmax,thresholding
0.0000,0.0000,0.4996,0.0000,0.0791,0.4213,3.0000,0.0000,108.0000,193.0000,40.5000,38.3444,5.0333,2.0000,2.0000,s09_mixto_varios,Varios de todos los enemigos vs varios agentes,29.9300,0.4000,oponente,25.0000,0.0000,bando_enemigo_eliminado,validation,20.0000,6.0000,6.0000,aleatorio,0.0000,1.0000,20269375.0000,3.0000,0.0000,0.1500,0.5000,uniforme,gaussiana,torneo,muestreo_softmax,302.0000,442.0000,0.0000,2.6667,5.0333,7-10-6-6,0.2500,muestreo_softmax,thresholding
0.0000,0.0000,0.0683,0.0000,0.0158,0.9158,3.0000,0.0000,44.0000,158.0000,5.9864,14.9527,10.5667,2.0000,2.0000,s10_humano_varios,Un jugador humano (bot) vs varios agentes,-17.9280,0.4000,oponente,25.0000,0.0000,bando_enemigo_eliminado,validation,20.0000,1.0000,1.0000,aleatorio,0.0000,1.0000,20269506.0000,3.0000,0.0000,0.1500,0.5000,uniforme,gaussiana,torneo,muestreo_softmax,634.0000,576.0000,0.0000,7.3500,10.5667,7-10-6-6,0.2500,muestreo_softmax,thresholding
0.0000,0.0000,0.2241,0.0000,0.0345,0.7414,1.0000,1.0000,60.0000,24.0000,10.4046,4.1618,5.7667,2.0000,2.0000,s11_D_1v1,Un enemigo tipo D (sanador) vs 1 agente,158.6840,0.4000,agente,25.0000,1.0000,bando_jugador_eliminado,validation,20.0000,1.0000,0.0000,aleatorio,0.0000,1.0000,20269637.0000,3.0000,1.0000,0.1500,0.5000,uniforme,gaussiana,torneo,muestreo_softmax,346.0000,110.0000,0.0000,5.7667,5.7667,7-10-6-6,0.2500,muestreo_softmax,thresholding
0.0000,0.0000,0.9500,0.0000,0.0000,0.0500,1.0000,0.0000,0.0000,88.0000,0.0000,45.5172,1.9333,2.0000,2.0000,s12_escolta,Dos tipo A escoltados por un sanador vs 1 agente,-33.0860,0.4000,oponente,25.0000,0.0000,bando_enemigo_eliminado,validation,20.0000,3.0000,3.0000,aleatorio,0.0000,1.0000,20269768.0000,3.0000,0.0000,0.1500,0.5000,uniforme,gaussiana,torneo,muestreo_softmax,116.0000,115.0000,0.0000,1.9333,1.9333,7-10-6-6,0.2500,muestreo_softmax,thresholding
0.0000,0.0000,0.9000,0.0000,0.0000,0.1000,1.0000,0.0000,0.0000,104.0000,0.0000,53.7931,1.9333,2.0000,2.0000,s13_mixto_sanador,"Uno de cada tipo, sanador incluido, vs 1 agente",-37.0860,0.4000,oponente,25.0000,0.0000,bando_enemigo_eliminado,validation,20.0000,5.0000,5.0000,aleatorio,0.0000,1.0000,20269899.0000,3.0000,0.0000,0.1500,0.5000,uniforme,gaussiana,torneo,muestreo_softmax,116.0000,115.0000,0.0000,1.9333,1.9333,7-10-6-6,0.2500,muestreo_softmax,thresholding
0.0000,0.0000,0.3704,0.0000,0.0556,0.5741,1.0000,0.0000,64.0000,88.0000,11.9626,16.4486,5.3500,2.0000,2.0000,s01_A_1v1,Un enemigo tipo A vs 1 agente,32.9340,0.4000,oponente,25.0000,0.0000,bando_enemigo_eliminado,validation,20.0000,1.0000,1.0000,aleatorio,0.0000,2.0000,20276246.0000,3.0000,0.0000,0.1500,0.5000,uniforme,gaussiana,torneo,muestreo_softmax,321.0000,155.0000,0.0000,5.3500,5.3500,7-10-6-6,0.2500,muestreo_softmax,thresholding
0.0526,0.0088,0.2719,0.0000,0.0263,0.6404,1.0000,1.0000,80.8000,13.0000,7.1399,1.1487,11.3167,2.0000,2.0000,s02_B_1v1,Un enemigo tipo B vs 1 agente,193.0460,0.4000,agente,25.0000,1.0000,bando_jugador_eliminado,validation,20.0000,1.0000,0.0000,aleatorio,0.0000,2.0000,20276377.0000,3.0000,1.0000,0.1500,0.5000,uniforme,gaussiana,torneo,muestreo_softmax,679.0000,426.0000,0.0000,11.3167,11.3167,7-10-6-6,0.2500,muestreo_softmax,thresholding
0.0000,0.0000,0.2353,0.0000,0.0882,0.6765,1.0000,1.0000,68.0000,48.0000,10.1241,7.1464,6.7167,2.0000,2.0000,s03_C_1v1,Un enemigo tipo C vs 1 agente,164.2120,0.4000,agente,25.0000,1.0000,bando_jugador_eliminado,validation,20.0000,1.0000,0.0000,aleatorio,0.0000,2.0000,20276508.0000,3.0000,1.0000,0.1500,0.5000,uniforme,gaussiana,torneo,muestreo_softmax,403.0000,220.0000,0.0000,6.7167,6.7167,7-10-6-6,0.2500,muestreo_softmax,thresholding
0.0000,0.0000,0.0800,0.0000,0.0000,0.9200,1.0000,0.0000,12.0000,90.0000,2.4000,18.0000,5.0000,2.0000,2.0000,s04_humano_1v1,Un jugador humano (bot) vs 1 agente,-19.5900,0.4000,oponente,25.0000,0.0000,bando_enemigo_eliminado,validation,20.0000,1.0000,1.0000,aleatorio,0.0000,2.0000,20276639.0000,3.0000,0.0000,0.1500,0.5000,uniforme,gaussiana,torneo,muestreo_softmax,300.0000,157.0000,0.0000,5.0000,5.0000,7-10-6-6,0.2500,muestreo_softmax,thresholding
0.0000,0.0000,0.9500,0.0000,0.0000,0.0500,1.0000,0.0000,0.0000,88.0000,0.0000,45.5172,1.9333,2.0000,2.0000,s05_A_varios,Varios enemigos tipo A vs 1 agente,-33.0860,0.4000,oponente,25.0000,0.0000,bando_enemigo_eliminado,validation,20.0000,3.0000,3.0000,aleatorio,0.0000,2.0000,20276770.0000,3.0000,0.0000,0.1500,0.5000,uniforme,gaussiana,torneo,muestreo_softmax,116.0000,115.0000,0.0000,1.9333,1.9333,7-10-6-6,0.2500,muestreo_softmax,thresholding
0.0383,0.0863,0.3227,0.0000,0.0447,0.5080,1.0000,1.0000,253.6000,26.0000,8.1239,1.4092,31.2167,2.0000,2.0000,s06_B_varios,Varios enemigos tipo B vs 1 agente,513.8920,0.4000,agente,25.0000,3.0000,bando_jugador_eliminado,validation,20.0000,3.0000,0.0000,aleatorio,0.0000,2.0000,20276901.0000,3.0000,1.0000,0.1500,0.5000,uniforme,gaussiana,torneo,muestreo_softmax,1873.0000,1310.0000,0.0000,31.2167,18.4500,7-10-6-6,0.2500,muestreo_softmax,thresholding
0.0145,0.0000,0.4783,0.0000,0.0725,0.4348,1.0000,0.0000,80.0000,96.0000,11.7359,14.0831,6.8167,2.0000,2.0000,s07_C_varios,Varios enemigos tipo C vs 1 agente,54.8760,0.4000,oponente,25.0000,0.0000,bando_enemigo_eliminado,validation,20.0000,3.0000,3.0000,aleatorio,0.0000,2.0000,20277032.0000,3.0000,0.0000,0.1500,0.5000,uniforme,gaussiana,torneo,muestreo_softmax,409.0000,408.0000,0.0000,6.8167,6.8167,7-10-6-6,0.2500,muestreo_softmax,thresholding
0.0000,0.0000,0.8500,0.0000,0.1000,0.0500,1.0000,0.0000,40.0000,88.0000,20.6897,51.2621,1.9333,2.0000,2.0000,s08_mixto_1agente,Varios de todos los enemigos vs 1 agente,6.9140,0.4000,oponente,25.0000,0.0000,bando_enemigo_eliminado,validation,20.0000,6.0000,5.0000,aleatorio,0.0000,2.0000,20277163.0000,3.0000,0.0000,0.1500,0.5000,uniforme,gaussiana,torneo,muestreo_softmax,116.0000,115.0000,0.0000,1.9333,1.7167,7-10-6-6,0.2500,muestreo_softmax,thresholding
0.0000,0.0000,0.4996,0.0000,0.0791,0.4213,3.0000,0.0000,108.0000,193.0000,40.5000,38.3444,5.0333,2.0000,2.0000,s09_mixto_varios,Varios de todos los enemigos vs varios agentes,29.9300,0.4000,oponente,25.0000,0.0000,bando_enemigo_eliminado,validation,20.0000,6.0000,6.0000,aleatorio,0.0000,2.0000,20277294.0000,3.0000,0.0000,0.1500,0.5000,uniforme,gaussiana,torneo,muestreo_softmax,302.0000,442.0000,0.0000,2.6667,5.0333,7-10-6-6,0.2500,muestreo_softmax,thresholding
0.0000,0.0000,0.0683,0.0000,0.0158,0.9158,3.0000,0.0000,44.0000,158.0000,5.9864,14.9527,10.5667,2.0000,2.0000,s10_humano_varios,Un jugador humano (bot) vs varios agentes,-17.9280,0.4000,oponente,25.0000,0.0000,bando_enemigo_eliminado,validation,20.0000,1.0000,1.0000,aleatorio,0.0000,2.0000,20277425.0000,3.0000,0.0000,0.1500,0.5000,uniforme,gaussiana,torneo,muestreo_softmax,634.0000,576.0000,0.0000,7.3500,10.5667,7-10-6-6,0.2500,muestreo_softmax,thresholding
0.0000,0.0000,0.2241,0.0000,0.0345,0.7414,1.0000,1.0000,60.0000,24.0000,10.4046,4.1618,5.7667,2.0000,2.0000,s11_D_1v1,Un enemigo tipo D (sanador) vs 1 agente,158.6840,0.4000,agente,25.0000,1.0000,bando_jugador_eliminado,validation,20.0000,1.0000,0.0000,aleatorio,0.0000,2.0000,20277556.0000,3.0000,1.0000,0.1500,0.5000,uniforme,gaussiana,torneo,muestreo_softmax,346.0000,110.0000,0.0000,5.7667,5.7667,7-10-6-6,0.2500,muestreo_softmax,thresholding
0.0000,0.0000,0.9500,0.0000,0.0000,0.0500,1.0000,0.0000,0.0000,88.0000,0.0000,45.5172,1.9333,2.0000,2.0000,s12_escolta,Dos tipo A escoltados por un sanador vs 1 agente,-33.0860,0.4000,oponente,25.0000,0.0000,bando_enemigo_eliminado,validation,20.0000,3.0000,3.0000,aleatorio,0.0000,2.0000,20277687.0000,3.0000,0.0000,0.1500,0.5000,uniforme,gaussiana,torneo,muestreo_softmax,116.0000,115.0000,0.0000,1.9333,1.9333,7-10-6-6,0.2500,muestreo_softmax,thresholding
0.0000,0.0000,0.9000,0.0000,0.0000,0.1000,1.0000,0.0000,0.0000,104.0000,0.0000,53.7931,1.9333,2.0000,2.0000,s13_mixto_sanador,"Uno de cada tipo, sanador incluido, vs 1 agente",-37.0860,0.4000,oponente,25.0000,0.0000,bando_enemigo_eliminado,validation,20.0000,5.0000,5.0000,aleatorio,0.0000,2.0000,20277818.0000,3.0000,0.0000,0.1500,0.5000,uniforme,gaussiana,torneo,muestreo_softmax,116.0000,115.0000,0.0000,1.9333,1.9333,7-10-6-6,0.2500,muestreo_softmax,thresholding
0.0000,0.0000,0.3704,0.0000,0.0556,0.5741,1.0000,0.0000,64.0000,88.0000,11.9626,16.4486,5.3500,2.0000,2.0000,s01_A_1v1,Un enemigo tipo A vs 1 agente,32.9340,0.4000,oponente,25.0000,0.0000,bando_enemigo_eliminado,validation,20.0000,1.0000,1.0000,aleatorio,0.0000,3.0000,20284165.0000,3.0000,0.0000,0.1500,0.5000,uniforme,gaussiana,torneo,muestreo_softmax,321.0000,155.0000,0.0000,5.3500,5.3500,7-10-6-6,0.2500,muestreo_softmax,thresholding
0.0526,0.0088,0.2719,0.0000,0.0263,0.6404,1.0000,1.0000,80.8000,13.0000,7.1399,1.1487,11.3167,2.0000,2.0000,s02_B_1v1,Un enemigo tipo B vs 1 agente,193.0460,0.4000,agente,25.0000,1.0000,bando_jugador_eliminado,validation,20.0000,1.0000,0.0000,aleatorio,0.0000,3.0000,20284296.0000,3.0000,1.0000,0.1500,0.5000,uniforme,gaussiana,torneo,muestreo_softmax,679.0000,426.0000,0.0000,11.3167,11.3167,7-10-6-6,0.2500,muestreo_softmax,thresholding
0.0000,0.0000,0.2353,0.0000,0.0882,0.6765,1.0000,1.0000,68.0000,48.0000,10.1241,7.1464,6.7167,2.0000,2.0000,s03_C_1v1,Un enemigo tipo C vs 1 agente,164.2120,0.4000,agente,25.0000,1.0000,bando_jugador_eliminado,validation,20.0000,1.0000,0.0000,aleatorio,0.0000,3.0000,20284427.0000,3.0000,1.0000,0.1500,0.5000,uniforme,gaussiana,torneo,muestreo_softmax,403.0000,220.0000,0.0000,6.7167,6.7167,7-10-6-6,0.2500,muestreo_softmax,thresholding
0.0000,0.0000,0.0800,0.0000,0.0000,0.9200,1.0000,0.0000,12.0000,90.0000,2.4000,18.0000,5.0000,2.0000,2.0000,s04_humano_1v1,Un jugador humano (bot) vs 1 agente,-19.5900,0.4000,oponente,25.0000,0.0000,bando_enemigo_eliminado,validation,20.0000,1.0000,1.0000,aleatorio,0.0000,3.0000,20284558.0000,3.0000,0.0000,0.1500,0.5000,uniforme,gaussiana,torneo,muestreo_softmax,300.0000,157.0000,0.0000,5.0000,5.0000,7-10-6-6,0.2500,muestreo_softmax,thresholding
0.0000,0.0000,0.9500,0.0000,0.0000,0.0500,1.0000,0.0000,0.0000,88.0000,0.0000,45.5172,1.9333,2.0000,2.0000,s05_A_varios,Varios enemigos tipo A vs 1 agente,-33.0860,0.4000,oponente,25.0000,0.0000,bando_enemigo_eliminado,validation,20.0000,3.0000,3.0000,aleatorio,0.0000,3.0000,20284689.0000,3.0000,0.0000,0.1500,0.5000,uniforme,gaussiana,torneo,muestreo_softmax,116.0000,115.0000,0.0000,1.9333,1.9333,7-10-6-6,0.2500,muestreo_softmax,thresholding
0.0383,0.0863,0.3227,0.0000,0.0447,0.5080,1.0000,1.0000,253.6000,26.0000,8.1239,1.4092,31.2167,2.0000,2.0000,s06_B_varios,Varios enemigos tipo B vs 1 agente,513.8920,0.4000,agente,25.0000,3.0000,bando_jugador_eliminado,validation,20.0000,3.0000,0.0000,aleatorio,0.0000,3.0000,20284820.0000,3.0000,1.0000,0.1500,0.5000,uniforme,gaussiana,torneo,muestreo_softmax,1873.0000,1310.0000,0.0000,31.2167,18.4500,7-10-6-6,0.2500,muestreo_softmax,thresholding
0.0145,0.0000,0.4783,0.0000,0.0725,0.4348,1.0000,0.0000,80.0000,96.0000,11.7359,14.0831,6.8167,2.0000,2.0000,s07_C_varios,Varios enemigos tipo C vs 1 agente,54.8760,0.4000,oponente,25.0000,0.0000,bando_enemigo_eliminado,validation,20.0000,3.0000,3.0000,aleatorio,0.0000,3.0000,20284951.0000,3.0000,0.0000,0.1500,0.5000,uniforme,gaussiana,torneo,muestreo_softmax,409.0000,408.0000,0.0000,6.8167,6.8167,7-10-6-6,0.2500,muestreo_softmax,thresholding
0.0000,0.0000,0.8500,0.0000,0.1000,0.0500,1.0000,0.0000,40.0000,88.0000,20.6897,51.2621,1.9333,2.0000,2.0000,s08_mixto_1agente,Varios de todos los enemigos vs 1 agente,6.9140,0.4000,oponente,25.0000,0.0000,bando_enemigo_eliminado,validation,20.0000,6.0000,5.0000,aleatorio,0.0000,3.0000,20285082.0000,3.0000,0.0000,0.1500,0.5000,uniforme,gaussiana,torneo,muestreo_softmax,116.0000,115.0000,0.0000,1.9333,1.7167,7-10-6-6,0.2500,muestreo_softmax,thresholding
0.0000,0.0000,0.4996,0.0000,0.0791,0.4213,3.0000,0.0000,108.0000,193.0000,40.5000,38.3444,5.0333,2.0000,2.0000,s09_mixto_varios,Varios de todos los enemigos vs varios agentes,29.9300,0.4000,oponente,25.0000,0.0000,bando_enemigo_eliminado,validation,20.0000,6.0000,6.0000,aleatorio,0.0000,3.0000,20285213.0000,3.0000,0.0000,0.1500,0.5000,uniforme,gaussiana,torneo,muestreo_softmax,302.0000,442.0000,0.0000,2.6667,5.0333,7-10-6-6,0.2500,muestreo_softmax,thresholding
0.0000,0.0000,0.0683,0.0000,0.0158,0.9158,3.0000,0.0000,44.0000,158.0000,5.9864,14.9527,10.5667,2.0000,2.0000,s10_humano_varios,Un jugador humano (bot) vs varios agentes,-17.9280,0.4000,oponente,25.0000,0.0000,bando_enemigo_eliminado,validation,20.0000,1.0000,1.0000,aleatorio,0.0000,3.0000,20285344.0000,3.0000,0.0000,0.1500,0.5000,uniforme,gaussiana,torneo,muestreo_softmax,634.0000,576.0000,0.0000,7.3500,10.5667,7-10-6-6,0.2500,muestreo_softmax,thresholding
0.0000,0.0000,0.2241,0.0000,0.0345,0.7414,1.0000,1.0000,60.0000,24.0000,10.4046,4.1618,5.7667,2.0000,2.0000,s11_D_1v1,Un enemigo tipo D (sanador) vs 1 agente,158.6840,0.4000,agente,25.0000,1.0000,bando_jugador_eliminado,validation,20.0000,1.0000,0.0000,aleatorio,0.0000,3.0000,20285475.0000,3.0000,1.0000,0.1500,0.5000,uniforme,gaussiana,torneo,muestreo_softmax,346.0000,110.0000,0.0000,5.7667,5.7667,7-10-6-6,0.2500,muestreo_softmax,thresholding
0.0000,0.0000,0.9500,0.0000,0.0000,0.0500,1.0000,0.0000,0.0000,88.0000,0.0000,45.5172,1.9333,2.0000,2.0000,s12_escolta,Dos tipo A escoltados por un sanador vs 1 agente,-33.0860,0.4000,oponente,25.0000,0.0000,bando_enemigo_eliminado,validation,20.0000,3.0000,3.0000,aleatorio,0.0000,3.0000,20285606.0000,3.0000,0.0000,0.1500,0.5000,uniforme,gaussiana,torneo,muestreo_softmax,116.0000,115.0000,0.0000,1.9333,1.9333,7-10-6-6,0.2500,muestreo_softmax,thresholding
0.0000,0.0000,0.9000,0.0000,0.0000,0.1000,1.0000,0.0000,0.0000,104.0000,0.0000,53.7931,1.9333,2.0000,2.0000,s13_mixto_sanador,"Uno de cada tipo, sanador incluido, vs 1 agente",-37.0860,0.4000,oponente,25.0000,0.0000,bando_enemigo_eliminado,validation,20.0000,5.0000,5.0000,aleatorio,0.0000,3.0000,20285737.0000,3.0000,0.0000,0.1500,0.5000,uniforme,gaussiana,torneo,muestreo_softmax,116.0000,115.0000,0.0000,1.9333,1.9333,7-10-6-6,0.2500,muestreo_softmax,thresholding
0.0000,0.0000,0.3704,0.0000,0.0556,0.5741,1.0000,0.0000,64.0000,88.0000,11.9626,16.4486,5.3500,2.0000,2.0000,s01_A_1v1,Un enemigo tipo A vs 1 agente,32.9340,0.4000,oponente,25.0000,0.0000,bando_enemigo_eliminado,validation,20.0000,1.0000,1.0000,aleatorio,0.0000,4.0000,20292084.0000,3.0000,0.0000,0.1500,0.5000,uniforme,gaussiana,torneo,muestreo_softmax,321.0000,155.0000,0.0000,5.3500,5.3500,7-10-6-6,0.2500,muestreo_softmax,thresholding
0.0526,0.0088,0.2719,0.0000,0.0263,0.6404,1.0000,1.0000,80.8000,13.0000,7.1399,1.1487,11.3167,2.0000,2.0000,s02_B_1v1,Un enemigo tipo B vs 1 agente,193.0460,0.4000,agente,25.0000,1.0000,bando_jugador_eliminado,validation,20.0000,1.0000,0.0000,aleatorio,0.0000,4.0000,20292215.0000,3.0000,1.0000,0.1500,0.5000,uniforme,gaussiana,torneo,muestreo_softmax,679.0000,426.0000,0.0000,11.3167,11.3167,7-10-6-6,0.2500,muestreo_softmax,thresholding
0.0000,0.0000,0.2353,0.0000,0.0882,0.6765,1.0000,1.0000,68.0000,48.0000,10.1241,7.1464,6.7167,2.0000,2.0000,s03_C_1v1,Un enemigo tipo C vs 1 agente,164.2120,0.4000,agente,25.0000,1.0000,bando_jugador_eliminado,validation,20.0000,1.0000,0.0000,aleatorio,0.0000,4.0000,20292346.0000,3.0000,1.0000,0.1500,0.5000,uniforme,gaussiana,torneo,muestreo_softmax,403.0000,220.0000,0.0000,6.7167,6.7167,7-10-6-6,0.2500,muestreo_softmax,thresholding
0.0000,0.0000,0.0800,0.0000,0.0000,0.9200,1.0000,0.0000,12.0000,90.0000,2.4000,18.0000,5.0000,2.0000,2.0000,s04_humano_1v1,Un jugador humano (bot) vs 1 agente,-19.5900,0.4000,oponente,25.0000,0.0000,bando_enemigo_eliminado,validation,20.0000,1.0000,1.0000,aleatorio,0.0000,4.0000,20292477.0000,3.0000,0.0000,0.1500,0.5000,uniforme,gaussiana,torneo,muestreo_softmax,300.0000,157.0000,0.0000,5.0000,5.0000,7-10-6-6,0.2500,muestreo_softmax,thresholding
0.0000,0.0000,0.9500,0.0000,0.0000,0.0500,1.0000,0.0000,0.0000,88.0000,0.0000,45.5172,1.9333,2.0000,2.0000,s05_A_varios,Varios enemigos tipo A vs 1 agente,-33.0860,0.4000,oponente,25.0000,0.0000,bando_enemigo_eliminado,validation,20.0000,3.0000,3.0000,aleatorio,0.0000,4.0000,20292608.0000,3.0000,0.0000,0.1500,0.5000,uniforme,gaussiana,torneo,muestreo_softmax,116.0000,115.0000,0.0000,1.9333,1.9333,7-10-6-6,0.2500,muestreo_softmax,thresholding
0.0383,0.0863,0.3227,0.0000,0.0447,0.5080,1.0000,1.0000,253.6000,26.0000,8.1239,1.4092,31.2167,2.0000,2.0000,s06_B_varios,Varios enemigos tipo B vs 1 agente,513.8920,0.4000,agente,25.0000,3.0000,bando_jugador_eliminado,validation,20.0000,3.0000,0.0000,aleatorio,0.0000,4.0000,20292739.0000,3.0000,1.0000,0.1500,0.5000,uniforme,gaussiana,torneo,muestreo_softmax,1873.0000,1310.0000,0.0000,31.2167,18.4500,7-10-6-6,0.2500,muestreo_softmax,thresholding
0.0145,0.0000,0.4783,0.0000,0.0725,0.4348,1.0000,0.0000,80.0000,96.0000,11.7359,14.0831,6.8167,2.0000,2.0000,s07_C_varios,Varios enemigos tipo C vs 1 agente,54.8760,0.4000,oponente,25.0000,0.0000,bando_enemigo_eliminado,validation,20.0000,3.0000,3.0000,aleatorio,0.0000,4.0000,20292870.0000,3.0000,0.0000,0.1500,0.5000,uniforme,gaussiana,torneo,muestreo_softmax,409.0000,408.0000,0.0000,6.8167,6.8167,7-10-6-6,0.2500,muestreo_softmax,thresholding
0.0000,0.0000,0.8500,0.0000,0.1000,0.0500,1.0000,0.0000,40.0000,88.0000,20.6897,51.2621,1.9333,2.0000,2.0000,s08_mixto_1agente,Varios de todos los enemigos vs 1 agente,6.9140,0.4000,oponente,25.0000,0.0000,bando_enemigo_eliminado,validation,20.0000,6.0000,5.0000,aleatorio,0.0000,4.0000,20293001.0000,3.0000,0.0000,0.1500,0.5000,uniforme,gaussiana,torneo,muestreo_softmax,116.0000,115.0000,0.0000,1.9333,1.7167,7-10-6-6,0.2500,muestreo_softmax,thresholding
0.0000,0.0000,0.4996,0.0000,0.0791,0.4213,3.0000,0.0000,108.0000,193.0000,40.5000,38.3444,5.0333,2.0000,2.0000,s09_mixto_varios,Varios de todos los enemigos vs varios agentes,29.9300,0.4000,oponente,25.0000,0.0000,bando_enemigo_eliminado,validation,20.0000,6.0000,6.0000,aleatorio,0.0000,4.0000,20293132.0000,3.0000,0.0000,0.1500,0.5000,uniforme,gaussiana,torneo,muestreo_softmax,302.0000,442.0000,0.0000,2.6667,5.0333,7-10-6-6,0.2500,muestreo_softmax,thresholding
0.0000,0.0000,0.0683,0.0000,0.0158,0.9158,3.0000,0.0000,44.0000,158.0000,5.9864,14.9527,10.5667,2.0000,2.0000,s10_humano_varios,Un jugador humano (bot) vs varios agentes,-17.9280,0.4000,oponente,25.0000,0.0000,bando_enemigo_eliminado,validation,20.0000,1.0000,1.0000,aleatorio,0.0000,4.0000,20293263.0000,3.0000,0.0000,0.1500,0.5000,uniforme,gaussiana,torneo,muestreo_softmax,634.0000,576.0000,0.0000,7.3500,10.5667,7-10-6-6,0.2500,muestreo_softmax,thresholding
0.0000,0.0000,0.2241,0.0000,0.0345,0.7414,1.0000,1.0000,60.0000,24.0000,10.4046,4.1618,5.7667,2.0000,2.0000,s11_D_1v1,Un enemigo tipo D (sanador) vs 1 agente,158.6840,0.4000,agente,25.0000,1.0000,bando_jugador_eliminado,validation,20.0000,1.0000,0.0000,aleatorio,0.0000,4.0000,20293394.0000,3.0000,1.0000,0.1500,0.5000,uniforme,gaussiana,torneo,muestreo_softmax,346.0000,110.0000,0.0000,5.7667,5.7667,7-10-6-6,0.2500,muestreo_softmax,thresholding
0.0000,0.0000,0.9500,0.0000,0.0000,0.0500,1.0000,0.0000,0.0000,88.0000,0.0000,45.5172,1.9333,2.0000,2.0000,s12_escolta,Dos tipo A escoltados por un sanador vs 1 agente,-33.0860,0.4000,oponente,25.0000,0.0000,bando_enemigo_eliminado,validation,20.0000,3.0000,3.0000,aleatorio,0.0000,4.0000,20293525.0000,3.0000,0.0000,0.1500,0.5000,uniforme,gaussiana,torneo,muestreo_softmax,116.0000,115.0000,0.0000,1.9333,1.9333,7-10-6-6,0.2500,muestreo_softmax,thresholding
0.0000,0.0000,0.9000,0.0000,0.0000,0.1000,1.0000,0.0000,0.0000,104.0000,0.0000,53.7931,1.9333,2.0000,2.0000,s13_mixto_sanador,"Uno de cada tipo, sanador incluido, vs 1 agente",-37.0860,0.4000,oponente,25.0000,0.0000,bando_enemigo_eliminado,validation,20.0000,5.0000,5.0000,aleatorio,0.0000,4.0000,20293656.0000,3.0000,0.0000,0.1500,0.5000,uniforme,gaussiana,torneo,muestreo_softmax,116.0000,115.0000,0.0000,1.9333,1.9333,7-10-6-6,0.2500,muestreo_softmax,thresholding
0.0000,0.0000,0.5100,0.0000,0.2300,0.2600,1.0000,1.0000,124.0000,66.0000,12.4623,6.6332,9.9500,2.0000,2.0000,s01_A_1v1,Un enemigo tipo A vs 1 agente,160.6280,0.4000,agente,25.0000,0.0000,bando_jugador_eliminado,validation,20.0000,1.0000,0.0000,aleatorio,0.0000,0.0000,20260408.0000,3.0000,0.0000,0.1500,0.5000,uniforme,gaussiana,torneo,softmax_argmax,597.0000,358.0000,0.0000,9.9500,9.9500,7-6,0.2500,shallow,topologia
0.0000,0.0000,0.2963,0.0000,0.0123,0.6914,1.0000,1.0000,72.8000,13.0000,9.0811,1.6216,8.0167,2.0000,2.0000,s02_B_1v1,Un enemigo tipo B vs 1 agente,177.5040,0.4000,agente,25.0000,1.0000,bando_jugador_eliminado,validation,20.0000,1.0000,0.0000,aleatorio,0.0000,0.0000,20260539.0000,3.0000,1.0000,0.1500,0.5000,uniforme,gaussiana,torneo,softmax_argmax,481.0000,201.0000,0.0000,8.0167,8.0167,7-6,0.2500,shallow,topologia
0.0000,0.0000,0.6154,0.0000,0.0923,0.2923,1.0000,1.0000,48.0000,36.0000,7.4036,5.5527,6.4833,2.0000,2.0000,s03_C_1v1,Un enemigo tipo C vs 1 agente,80.5560,0.4000,agente,25.0000,0.0000,bando_jugador_eliminado,validation,20.0000,1.0000,0.0000,aleatorio,0.0000,0.0000,20260670.0000,3.0000,0.0000,0.1500,0.5000,uniforme,gaussiana,torneo,softmax_argmax,389.0000,0.0000,0.0000,6.4833,6.4833,7-6,0.2500,shallow,topologia
0.0000,0.0000,0.5902,0.0000,0.0000,0.4098,1.0000,0.0000,12.0000,96.0000,1.9835,15.8678,6.0500,2.0000,2.0000,s04_humano_1v1,Un jugador humano (bot) vs 1 agente,-19.7580,0.4000,oponente,25.0000,0.0000,bando_enemigo_eliminado,validation,20.0000,1.0000,1.0000,aleatorio,0.0000,0.0000,20260801.0000,3.0000,0.0000,0.1500,0.5000,uniforme,gaussiana,torneo,softmax_argmax,363.0000,193.0000,0.0000,6.0500,6.0500,7-6,0.2500,shallow,topologia
0.0000,0.0000,0.6316,0.0000,0.3158,0.0526,1.0000,0.0000,72.0000,88.0000,38.9189,47.5676,1.8500,2.0000,2.0000,s05_A_varios,Varios enemigos tipo A vs 1 agente,38.7440,0.4000,oponente,25.0000,0.0000,bando_enemigo_eliminado,validation,20.0000,3.0000,3.0000,aleatorio,0.0000,0.0000,20260932.0000,3.0000,0.0000,0.1500,0.5000,uniforme,gaussiana,torneo,softmax_argmax,111.0000,110.0000,0.0000,1.8500,1.8500,7-6,0.2500,shallow,topologia
0.0000,0.0000,0.4360,0.0000,0.1163,0.4477,1.0000,1.0000,240.8000,78.0000,14.0136,7.0447,17.1833,2.0000,2.0000,s06_B_varios,Varios enemigos tipo B vs 1 agente,469.5440,0.4000,agente,25.0000,3.0000,bando_jugador_eliminado,validation,20.0000,3.0000,0.0000,aleatorio,0.0000,0.0000,20261063.0000,3.0000,1.0000,0.1500,0.5000,uniforme,gaussiana,torneo,softmax_argmax,1031.0000,804.0000,0.0000,17.1833,11.0722,7-6,0.2500,shallow,topologia
0.0000,0.0000,0.8250,0.0000,0.1500,0.0250,1.0000,0.0000,36.0000,96.0000,9.1915,24.5106,3.9167,2.0000,2.0000,s07_C_varios,Varios enemigos tipo C vs 1 agente,4.9600,0.4000,oponente,25.0000,0.0000,bando_enemigo_eliminado,validation,20.0000,3.0000,3.0000,aleatorio,0.0000,0.0000,20261194.0000,3.0000,0.0000,0.1500,0.5000,uniforme,gaussiana,torneo,softmax_argmax,235.0000,234.0000,0.0000,3.9167,3.9167,7-6,0.2500,shallow,topologia
0.0000,0.0000,0.5714,0.0000,0.3571,0.0714,1.0000,0.0000,52.0000,90.0000,38.5185,66.6667,1.3500,2.0000,2.0000,s08_mixto_1agente,Varios de todos los enemigos vs 1 agente,17.2240,0.4000,oponente,25.0000,0.0000,bando_enemigo_eliminado,validation,20.0000,6.0000,6.0000,aleatorio,0.0000,0.0000,20261325.0000,3.0000,0.0000,0.1500,0.5000,uniforme,gaussiana,torneo,softmax_argmax,81.0000,80.0000,0.0000,1.3500,1.3500,7-6,0.2500,shallow,topologia
0.0000,0.0000,0.6790,0.0000,0.1645,0.1564,3.0000,0.0000,120.0000,206.0000,41.5385,45.9480,4.4833,2.0000,2.0000,s09_mixto_varios,Varios de todos los enemigos vs varios agentes,38.3900,0.4000,oponente,25.0000,0.0000,bando_enemigo_eliminado,validation,20.0000,6.0000,6.0000,aleatorio,0.0000,0.0000,20261456.0000,3.0000,0.0000,0.1500,0.5000,uniforme,gaussiana,torneo,softmax_argmax,269.0000,427.0000,0.0000,2.8889,4.4833,7-6,0.2500,shallow,topologia
0.1358,0.0000,0.4950,0.0000,0.0000,0.3692,3.0000,0.0000,0.0000,288.0000,0.0000,19.2642,14.9500,2.0000,2.0000,s10_humano_varios,Un jugador humano (bot) vs varios agentes,-82.6820,0.4000,oponente,25.0000,0.0000,bando_enemigo_eliminado,validation,20.0000,1.0000,1.0000,aleatorio,0.0000,0.0000,20261587.0000,3.0000,0.0000,0.1500,0.5000,uniforme,gaussiana,torneo,softmax_argmax,897.0000,907.0000,0.0000,9.8722,14.9500,7-6,0.2500,shallow,topologia
0.0000,0.0000,0.6344,0.0000,0.1290,0.2366,1.0000,1.0000,96.0000,32.0000,10.3971,3.4657,9.2333,2.0000,2.0000,s11_D_1v1,Un enemigo tipo D (sanador) vs 1 agente,190.2160,0.4000,agente,25.0000,1.0000,bando_jugador_eliminado,validation,20.0000,1.0000,0.0000,aleatorio,0.0000,0.0000,20261718.0000,3.0000,1.0000,0.1500,0.5000,uniforme,gaussiana,torneo,softmax_argmax,554.0000,0.0000,0.0000,9.2333,9.2333,7-6,0.2500,shallow,topologia
0.0000,0.0000,0.6316,0.0000,0.3158,0.0526,1.0000,0.0000,72.0000,88.0000,38.9189,47.5676,1.8500,2.0000,2.0000,s12_escolta,Dos tipo A escoltados por un sanador vs 1 agente,38.7440,0.4000,oponente,25.0000,0.0000,bando_enemigo_eliminado,validation,20.0000,3.0000,3.0000,aleatorio,0.0000,0.0000,20261849.0000,3.0000,0.0000,0.1500,0.5000,uniforme,gaussiana,torneo,softmax_argmax,111.0000,110.0000,0.0000,1.8500,1.8500,7-6,0.2500,shallow,topologia
0.0000,0.0000,0.6316,0.0000,0.3158,0.0526,1.0000,0.0000,72.0000,96.0000,38.9189,51.8919,1.8500,2.0000,2.0000,s13_mixto_sanador,"Uno de cada tipo, sanador incluido, vs 1 agente",36.7440,0.4000,oponente,25.0000,0.0000,bando_enemigo_eliminado,validation,20.0000,5.0000,5.0000,aleatorio,0.0000,0.0000,20261980.0000,3.0000,0.0000,0.1500,0.5000,uniforme,gaussiana,torneo,softmax_argmax,111.0000,110.0000,0.0000,1.8500,1.8500,7-6,0.2500,shallow,topologia
0.0000,0.0000,0.5100,0.0000,0.2300,0.2600,1.0000,1.0000,124.0000,66.0000,12.4623,6.6332,9.9500,2.0000,2.0000,s01_A_1v1,Un enemigo tipo A vs 1 agente,160.6280,0.4000,agente,25.0000,0.0000,bando_jugador_eliminado,validation,20.0000,1.0000,0.0000,aleatorio,0.0000,1.0000,20268327.0000,3.0000,0.0000,0.1500,0.5000,uniforme,gaussiana,torneo,softmax_argmax,597.0000,358.0000,0.0000,9.9500,9.9500,7-6,0.2500,shallow,topologia
0.0000,0.0000,0.2963,0.0000,0.0123,0.6914,1.0000,1.0000,72.8000,13.0000,9.0811,1.6216,8.0167,2.0000,2.0000,s02_B_1v1,Un enemigo tipo B vs 1 agente,177.5040,0.4000,agente,25.0000,1.0000,bando_jugador_eliminado,validation,20.0000,1.0000,0.0000,aleatorio,0.0000,1.0000,20268458.0000,3.0000,1.0000,0.1500,0.5000,uniforme,gaussiana,torneo,softmax_argmax,481.0000,201.0000,0.0000,8.0167,8.0167,7-6,0.2500,shallow,topologia
0.0000,0.0000,0.6154,0.0000,0.0923,0.2923,1.0000,1.0000,48.0000,36.0000,7.4036,5.5527,6.4833,2.0000,2.0000,s03_C_1v1,Un enemigo tipo C vs 1 agente,80.5560,0.4000,agente,25.0000,0.0000,bando_jugador_eliminado,validation,20.0000,1.0000,0.0000,aleatorio,0.0000,1.0000,20268589.0000,3.0000,0.0000,0.1500,0.5000,uniforme,gaussiana,torneo,softmax_argmax,389.0000,0.0000,0.0000,6.4833,6.4833,7-6,0.2500,shallow,topologia
0.0000,0.0000,0.5902,0.0000,0.0000,0.4098,1.0000,0.0000,12.0000,96.0000,1.9835,15.8678,6.0500,2.0000,2.0000,s04_humano_1v1,Un jugador humano (bot) vs 1 agente,-19.7580,0.4000,oponente,25.0000,0.0000,bando_enemigo_eliminado,validation,20.0000,1.0000,1.0000,aleatorio,0.0000,1.0000,20268720.0000,3.0000,0.0000,0.1500,0.5000,uniforme,gaussiana,torneo,softmax_argmax,363.0000,193.0000,0.0000,6.0500,6.0500,7-6,0.2500,shallow,topologia
0.0000,0.0000,0.6316,0.0000,0.3158,0.0526,1.0000,0.0000,72.0000,88.0000,38.9189,47.5676,1.8500,2.0000,2.0000,s05_A_varios,Varios enemigos tipo A vs 1 agente,38.7440,0.4000,oponente,25.0000,0.0000,bando_enemigo_eliminado,validation,20.0000,3.0000,3.0000,aleatorio,0.0000,1.0000,20268851.0000,3.0000,0.0000,0.1500,0.5000,uniforme,gaussiana,torneo,softmax_argmax,111.0000,110.0000,0.0000,1.8500,1.8500,7-6,0.2500,shallow,topologia
0.0000,0.0000,0.4360,0.0000,0.1163,0.4477,1.0000,1.0000,240.8000,78.0000,14.0136,7.0447,17.1833,2.0000,2.0000,s06_B_varios,Varios enemigos tipo B vs 1 agente,469.5440,0.4000,agente,25.0000,3.0000,bando_jugador_eliminado,validation,20.0000,3.0000,0.0000,aleatorio,0.0000,1.0000,20268982.0000,3.0000,1.0000,0.1500,0.5000,uniforme,gaussiana,torneo,softmax_argmax,1031.0000,804.0000,0.0000,17.1833,11.0722,7-6,0.2500,shallow,topologia
0.0000,0.0000,0.8250,0.0000,0.1500,0.0250,1.0000,0.0000,36.0000,96.0000,9.1915,24.5106,3.9167,2.0000,2.0000,s07_C_varios,Varios enemigos tipo C vs 1 agente,4.9600,0.4000,oponente,25.0000,0.0000,bando_enemigo_eliminado,validation,20.0000,3.0000,3.0000,aleatorio,0.0000,1.0000,20269113.0000,3.0000,0.0000,0.1500,0.5000,uniforme,gaussiana,torneo,softmax_argmax,235.0000,234.0000,0.0000,3.9167,3.9167,7-6,0.2500,shallow,topologia
0.0000,0.0000,0.5714,0.0000,0.3571,0.0714,1.0000,0.0000,52.0000,90.0000,38.5185,66.6667,1.3500,2.0000,2.0000,s08_mixto_1agente,Varios de todos los enemigos vs 1 agente,17.2240,0.4000,oponente,25.0000,0.0000,bando_enemigo_eliminado,validation,20.0000,6.0000,6.0000,aleatorio,0.0000,1.0000,20269244.0000,3.0000,0.0000,0.1500,0.5000,uniforme,gaussiana,torneo,softmax_argmax,81.0000,80.0000,0.0000,1.3500,1.3500,7-6,0.2500,shallow,topologia
0.0000,0.0000,0.6790,0.0000,0.1645,0.1564,3.0000,0.0000,120.0000,206.0000,41.5385,45.9480,4.4833,2.0000,2.0000,s09_mixto_varios,Varios de todos los enemigos vs varios agentes,38.3900,0.4000,oponente,25.0000,0.0000,bando_enemigo_eliminado,validation,20.0000,6.0000,6.0000,aleatorio,0.0000,1.0000,20269375.0000,3.0000,0.0000,0.1500,0.5000,uniforme,gaussiana,torneo,softmax_argmax,269.0000,427.0000,0.0000,2.8889,4.4833,7-6,0.2500,shallow,topologia
0.1358,0.0000,0.4950,0.0000,0.0000,0.3692,3.0000,0.0000,0.0000,288.0000,0.0000,19.2642,14.9500,2.0000,2.0000,s10_humano_varios,Un jugador humano (bot) vs varios agentes,-82.6820,0.4000,oponente,25.0000,0.0000,bando_enemigo_eliminado,validation,20.0000,1.0000,1.0000,aleatorio,0.0000,1.0000,20269506.0000,3.0000,0.0000,0.1500,0.5000,uniforme,gaussiana,torneo,softmax_argmax,897.0000,907.0000,0.0000,9.8722,14.9500,7-6,0.2500,shallow,topologia
0.0000,0.0000,0.6344,0.0000,0.1290,0.2366,1.0000,1.0000,96.0000,32.0000,10.3971,3.4657,9.2333,2.0000,2.0000,s11_D_1v1,Un enemigo tipo D (sanador) vs 1 agente,190.2160,0.4000,agente,25.0000,1.0000,bando_jugador_eliminado,validation,20.0000,1.0000,0.0000,aleatorio,0.0000,1.0000,20269637.0000,3.0000,1.0000,0.1500,0.5000,uniforme,gaussiana,torneo,softmax_argmax,554.0000,0.0000,0.0000,9.2333,9.2333,7-6,0.2500,shallow,topologia
0.0000,0.0000,0.6316,0.0000,0.3158,0.0526,1.0000,0.0000,72.0000,88.0000,38.9189,47.5676,1.8500,2.0000,2.0000,s12_escolta,Dos tipo A escoltados por un sanador vs 1 agente,38.7440,0.4000,oponente,25.0000,0.0000,bando_enemigo_eliminado,validation,20.0000,3.0000,3.0000,aleatorio,0.0000,1.0000,20269768.0000,3.0000,0.0000,0.1500,0.5000,uniforme,gaussiana,torneo,softmax_argmax,111.0000,110.0000,0.0000,1.8500,1.8500,7-6,0.2500,shallow,topologia
0.0000,0.0000,0.6316,0.0000,0.3158,0.0526,1.0000,0.0000,72.0000,96.0000,38.9189,51.8919,1.8500,2.0000,2.0000,s13_mixto_sanador,"Uno de cada tipo, sanador incluido, vs 1 agente",36.7440,0.4000,oponente,25.0000,0.0000,bando_enemigo_eliminado,validation,20.0000,5.0000,5.0000,aleatorio,0.0000,1.0000,20269899.0000,3.0000,0.0000,0.1500,0.5000,uniforme,gaussiana,torneo,softmax_argmax,111.0000,110.0000,0.0000,1.8500,1.8500,7-6,0.2500,shallow,topologia
0.0000,0.0000,0.5100,0.0000,0.2300,0.2600,1.0000,1.0000,124.0000,66.0000,12.4623,6.6332,9.9500,2.0000,2.0000,s01_A_1v1,Un enemigo tipo A vs 1 agente,160.6280,0.4000,agente,25.0000,0.0000,bando_jugador_eliminado,validation,20.0000,1.0000,0.0000,aleatorio,0.0000,2.0000,20276246.0000,3.0000,0.0000,0.1500,0.5000,uniforme,gaussiana,torneo,softmax_argmax,597.0000,358.0000,0.0000,9.9500,9.9500,7-6,0.2500,shallow,topologia
0.0000,0.0000,0.2963,0.0000,0.0123,0.6914,1.0000,1.0000,72.8000,13.0000,9.0811,1.6216,8.0167,2.0000,2.0000,s02_B_1v1,Un enemigo tipo B vs 1 agente,177.5040,0.4000,agente,25.0000,1.0000,bando_jugador_eliminado,validation,20.0000,1.0000,0.0000,aleatorio,0.0000,2.0000,20276377.0000,3.0000,1.0000,0.1500,0.5000,uniforme,gaussiana,torneo,softmax_argmax,481.0000,201.0000,0.0000,8.0167,8.0167,7-6,0.2500,shallow,topologia
0.0000,0.0000,0.6154,0.0000,0.0923,0.2923,1.0000,1.0000,48.0000,36.0000,7.4036,5.5527,6.4833,2.0000,2.0000,s03_C_1v1,Un enemigo tipo C vs 1 agente,80.5560,0.4000,agente,25.0000,0.0000,bando_jugador_eliminado,validation,20.0000,1.0000,0.0000,aleatorio,0.0000,2.0000,20276508.0000,3.0000,0.0000,0.1500,0.5000,uniforme,gaussiana,torneo,softmax_argmax,389.0000,0.0000,0.0000,6.4833,6.4833,7-6,0.2500,shallow,topologia
0.0000,0.0000,0.5902,0.0000,0.0000,0.4098,1.0000,0.0000,12.0000,96.0000,1.9835,15.8678,6.0500,2.0000,2.0000,s04_humano_1v1,Un jugador humano (bot) vs 1 agente,-19.7580,0.4000,oponente,25.0000,0.0000,bando_enemigo_eliminado,validation,20.0000,1.0000,1.0000,aleatorio,0.0000,2.0000,20276639.0000,3.0000,0.0000,0.1500,0.5000,uniforme,gaussiana,torneo,softmax_argmax,363.0000,193.0000,0.0000,6.0500,6.0500,7-6,0.2500,shallow,topologia
0.0000,0.0000,0.6316,0.0000,0.3158,0.0526,1.0000,0.0000,72.0000,88.0000,38.9189,47.5676,1.8500,2.0000,2.0000,s05_A_varios,Varios enemigos tipo A vs 1 agente,38.7440,0.4000,oponente,25.0000,0.0000,bando_enemigo_eliminado,validation,20.0000,3.0000,3.0000,aleatorio,0.0000,2.0000,20276770.0000,3.0000,0.0000,0.1500,0.5000,uniforme,gaussiana,torneo,softmax_argmax,111.0000,110.0000,0.0000,1.8500,1.8500,7-6,0.2500,shallow,topologia
0.0000,0.0000,0.4360,0.0000,0.1163,0.4477,1.0000,1.0000,240.8000,78.0000,14.0136,7.0447,17.1833,2.0000,2.0000,s06_B_varios,Varios enemigos tipo B vs 1 agente,469.5440,0.4000,agente,25.0000,3.0000,bando_jugador_eliminado,validation,20.0000,3.0000,0.0000,aleatorio,0.0000,2.0000,20276901.0000,3.0000,1.0000,0.1500,0.5000,uniforme,gaussiana,torneo,softmax_argmax,1031.0000,804.0000,0.0000,17.1833,11.0722,7-6,0.2500,shallow,topologia
0.0000,0.0000,0.8250,0.0000,0.1500,0.0250,1.0000,0.0000,36.0000,96.0000,9.1915,24.5106,3.9167,2.0000,2.0000,s07_C_varios,Varios enemigos tipo C vs 1 agente,4.9600,0.4000,oponente,25.0000,0.0000,bando_enemigo_eliminado,validation,20.0000,3.0000,3.0000,aleatorio,0.0000,2.0000,20277032.0000,3.0000,0.0000,0.1500,0.5000,uniforme,gaussiana,torneo,softmax_argmax,235.0000,234.0000,0.0000,3.9167,3.9167,7-6,0.2500,shallow,topologia
0.0000,0.0000,0.5714,0.0000,0.3571,0.0714,1.0000,0.0000,52.0000,90.0000,38.5185,66.6667,1.3500,2.0000,2.0000,s08_mixto_1agente,Varios de todos los enemigos vs 1 agente,17.2240,0.4000,oponente,25.0000,0.0000,bando_enemigo_eliminado,validation,20.0000,6.0000,6.0000,aleatorio,0.0000,2.0000,20277163.0000,3.0000,0.0000,0.1500,0.5000,uniforme,gaussiana,torneo,softmax_argmax,81.0000,80.0000,0.0000,1.3500,1.3500,7-6,0.2500,shallow,topologia
0.0000,0.0000,0.6790,0.0000,0.1645,0.1564,3.0000,0.0000,120.0000,206.0000,41.5385,45.9480,4.4833,2.0000,2.0000,s09_mixto_varios,Varios de todos los enemigos vs varios agentes,38.3900,0.4000,oponente,25.0000,0.0000,bando_enemigo_eliminado,validation,20.0000,6.0000,6.0000,aleatorio,0.0000,2.0000,20277294.0000,3.0000,0.0000,0.1500,0.5000,uniforme,gaussiana,torneo,softmax_argmax,269.0000,427.0000,0.0000,2.8889,4.4833,7-6,0.2500,shallow,topologia
0.1358,0.0000,0.4950,0.0000,0.0000,0.3692,3.0000,0.0000,0.0000,288.0000,0.0000,19.2642,14.9500,2.0000,2.0000,s10_humano_varios,Un jugador humano (bot) vs varios agentes,-82.6820,0.4000,oponente,25.0000,0.0000,bando_enemigo_eliminado,validation,20.0000,1.0000,1.0000,aleatorio,0.0000,2.0000,20277425.0000,3.0000,0.0000,0.1500,0.5000,uniforme,gaussiana,torneo,softmax_argmax,897.0000,907.0000,0.0000,9.8722,14.9500,7-6,0.2500,shallow,topologia
0.0000,0.0000,0.6344,0.0000,0.1290,0.2366,1.0000,1.0000,96.0000,32.0000,10.3971,3.4657,9.2333,2.0000,2.0000,s11_D_1v1,Un enemigo tipo D (sanador) vs 1 agente,190.2160,0.4000,agente,25.0000,1.0000,bando_jugador_eliminado,validation,20.0000,1.0000,0.0000,aleatorio,0.0000,2.0000,20277556.0000,3.0000,1.0000,0.1500,0.5000,uniforme,gaussiana,torneo,softmax_argmax,554.0000,0.0000,0.0000,9.2333,9.2333,7-6,0.2500,shallow,topologia
0.0000,0.0000,0.6316,0.0000,0.3158,0.0526,1.0000,0.0000,72.0000,88.0000,38.9189,47.5676,1.8500,2.0000,2.0000,s12_escolta,Dos tipo A escoltados por un sanador vs 1 agente,38.7440,0.4000,oponente,25.0000,0.0000,bando_enemigo_eliminado,validation,20.0000,3.0000,3.0000,aleatorio,0.0000,2.0000,20277687.0000,3.0000,0.0000,0.1500,0.5000,uniforme,gaussiana,torneo,softmax_argmax,111.0000,110.0000,0.0000,1.8500,1.8500,7-6,0.2500,shallow,topologia
0.0000,0.0000,0.6316,0.0000,0.3158,0.0526,1.0000,0.0000,72.0000,96.0000,38.9189,51.8919,1.8500,2.0000,2.0000,s13_mixto_sanador,"Uno de cada tipo, sanador incluido, vs 1 agente",36.7440,0.4000,oponente,25.0000,0.0000,bando_enemigo_eliminado,validation,20.0000,5.0000,5.0000,aleatorio,0.0000,2.0000,20277818.0000,3.0000,0.0000,0.1500,0.5000,uniforme,gaussiana,torneo,softmax_argmax,111.0000,110.0000,0.0000,1.8500,1.8500,7-6,0.2500,shallow,topologia
0.0000,0.0000,0.5100,0.0000,0.2300,0.2600,1.0000,1.0000,124.0000,66.0000,12.4623,6.6332,9.9500,2.0000,2.0000,s01_A_1v1,Un enemigo tipo A vs 1 agente,160.6280,0.4000,agente,25.0000,0.0000,bando_jugador_eliminado,validation,20.0000,1.0000,0.0000,aleatorio,0.0000,3.0000,20284165.0000,3.0000,0.0000,0.1500,0.5000,uniforme,gaussiana,torneo,softmax_argmax,597.0000,358.0000,0.0000,9.9500,9.9500,7-6,0.2500,shallow,topologia
0.0000,0.0000,0.2963,0.0000,0.0123,0.6914,1.0000,1.0000,72.8000,13.0000,9.0811,1.6216,8.0167,2.0000,2.0000,s02_B_1v1,Un enemigo tipo B vs 1 agente,177.5040,0.4000,agente,25.0000,1.0000,bando_jugador_eliminado,validation,20.0000,1.0000,0.0000,aleatorio,0.0000,3.0000,20284296.0000,3.0000,1.0000,0.1500,0.5000,uniforme,gaussiana,torneo,softmax_argmax,481.0000,201.0000,0.0000,8.0167,8.0167,7-6,0.2500,shallow,topologia
0.0000,0.0000,0.6154,0.0000,0.0923,0.2923,1.0000,1.0000,48.0000,36.0000,7.4036,5.5527,6.4833,2.0000,2.0000,s03_C_1v1,Un enemigo tipo C vs 1 agente,80.5560,0.4000,agente,25.0000,0.0000,bando_jugador_eliminado,validation,20.0000,1.0000,0.0000,aleatorio,0.0000,3.0000,20284427.0000,3.0000,0.0000,0.1500,0.5000,uniforme,gaussiana,torneo,softmax_argmax,389.0000,0.0000,0.0000,6.4833,6.4833,7-6,0.2500,shallow,topologia
0.0000,0.0000,0.5902,0.0000,0.0000,0.4098,1.0000,0.0000,12.0000,96.0000,1.9835,15.8678,6.0500,2.0000,2.0000,s04_humano_1v1,Un jugador humano (bot) vs 1 agente,-19.7580,0.4000,oponente,25.0000,0.0000,bando_enemigo_eliminado,validation,20.0000,1.0000,1.0000,aleatorio,0.0000,3.0000,20284558.0000,3.0000,0.0000,0.1500,0.5000,uniforme,gaussiana,torneo,softmax_argmax,363.0000,193.0000,0.0000,6.0500,6.0500,7-6,0.2500,shallow,topologia
0.0000,0.0000,0.6316,0.0000,0.3158,0.0526,1.0000,0.0000,72.0000,88.0000,38.9189,47.5676,1.8500,2.0000,2.0000,s05_A_varios,Varios enemigos tipo A vs 1 agente,38.7440,0.4000,oponente,25.0000,0.0000,bando_enemigo_eliminado,validation,20.0000,3.0000,3.0000,aleatorio,0.0000,3.0000,20284689.0000,3.0000,0.0000,0.1500,0.5000,uniforme,gaussiana,torneo,softmax_argmax,111.0000,110.0000,0.0000,1.8500,1.8500,7-6,0.2500,shallow,topologia
0.0000,0.0000,0.4360,0.0000,0.1163,0.4477,1.0000,1.0000,240.8000,78.0000,14.0136,7.0447,17.1833,2.0000,2.0000,s06_B_varios,Varios enemigos tipo B vs 1 agente,469.5440,0.4000,agente,25.0000,3.0000,bando_jugador_eliminado,validation,20.0000,3.0000,0.0000,aleatorio,0.0000,3.0000,20284820.0000,3.0000,1.0000,0.1500,0.5000,uniforme,gaussiana,torneo,softmax_argmax,1031.0000,804.0000,0.0000,17.1833,11.0722,7-6,0.2500,shallow,topologia
0.0000,0.0000,0.8250,0.0000,0.1500,0.0250,1.0000,0.0000,36.0000,96.0000,9.1915,24.5106,3.9167,2.0000,2.0000,s07_C_varios,Varios enemigos tipo C vs 1 agente,4.9600,0.4000,oponente,25.0000,0.0000,bando_enemigo_eliminado,validation,20.0000,3.0000,3.0000,aleatorio,0.0000,3.0000,20284951.0000,3.0000,0.0000,0.1500,0.5000,uniforme,gaussiana,torneo,softmax_argmax,235.0000,234.0000,0.0000,3.9167,3.9167,7-6,0.2500,shallow,topologia
0.0000,0.0000,0.5714,0.0000,0.3571,0.0714,1.0000,0.0000,52.0000,90.0000,38.5185,66.6667,1.3500,2.0000,2.0000,s08_mixto_1agente,Varios de todos los enemigos vs 1 agente,17.2240,0.4000,oponente,25.0000,0.0000,bando_enemigo_eliminado,validation,20.0000,6.0000,6.0000,aleatorio,0.0000,3.0000,20285082.0000,3.0000,0.0000,0.1500,0.5000,uniforme,gaussiana,torneo,softmax_argmax,81.0000,80.0000,0.0000,1.3500,1.3500,7-6,0.2500,shallow,topologia
0.0000,0.0000,0.6790,0.0000,0.1645,0.1564,3.0000,0.0000,120.0000,206.0000,41.5385,45.9480,4.4833,2.0000,2.0000,s09_mixto_varios,Varios de todos los enemigos vs varios agentes,38.3900,0.4000,oponente,25.0000,0.0000,bando_enemigo_eliminado,validation,20.0000,6.0000,6.0000,aleatorio,0.0000,3.0000,20285213.0000,3.0000,0.0000,0.1500,0.5000,uniforme,gaussiana,torneo,softmax_argmax,269.0000,427.0000,0.0000,2.8889,4.4833,7-6,0.2500,shallow,topologia
0.1358,0.0000,0.4950,0.0000,0.0000,0.3692,3.0000,0.0000,0.0000,288.0000,0.0000,19.2642,14.9500,2.0000,2.0000,s10_humano_varios,Un jugador humano (bot) vs varios agentes,-82.6820,0.4000,oponente,25.0000,0.0000,bando_enemigo_eliminado,validation,20.0000,1.0000,1.0000,aleatorio,0.0000,3.0000,20285344.0000,3.0000,0.0000,0.1500,0.5000,uniforme,gaussiana,torneo,softmax_argmax,897.0000,907.0000,0.0000,9.8722,14.9500,7-6,0.2500,shallow,topologia
0.0000,0.0000,0.6344,0.0000,0.1290,0.2366,1.0000,1.0000,96.0000,32.0000,10.3971,3.4657,9.2333,2.0000,2.0000,s11_D_1v1,Un enemigo tipo D (sanador) vs 1 agente,190.2160,0.4000,agente,25.0000,1.0000,bando_jugador_eliminado,validation,20.0000,1.0000,0.0000,aleatorio,0.0000,3.0000,20285475.0000,3.0000,1.0000,0.1500,0.5000,uniforme,gaussiana,torneo,softmax_argmax,554.0000,0.0000,0.0000,9.2333,9.2333,7-6,0.2500,shallow,topologia
0.0000,0.0000,0.6316,0.0000,0.3158,0.0526,1.0000,0.0000,72.0000,88.0000,38.9189,47.5676,1.8500,2.0000,2.0000,s12_escolta,Dos tipo A escoltados por un sanador vs 1 agente,38.7440,0.4000,oponente,25.0000,0.0000,bando_enemigo_eliminado,validation,20.0000,3.0000,3.0000,aleatorio,0.0000,3.0000,20285606.0000,3.0000,0.0000,0.1500,0.5000,uniforme,gaussiana,torneo,softmax_argmax,111.0000,110.0000,0.0000,1.8500,1.8500,7-6,0.2500,shallow,topologia
0.0000,0.0000,0.6316,0.0000,0.3158,0.0526,1.0000,0.0000,72.0000,96.0000,38.9189,51.8919,1.8500,2.0000,2.0000,s13_mixto_sanador,"Uno de cada tipo, sanador incluido, vs 1 agente",36.7440,0.4000,oponente,25.0000,0.0000,bando_enemigo_eliminado,validation,20.0000,5.0000,5.0000,aleatorio,0.0000,3.0000,20285737.0000,3.0000,0.0000,0.1500,0.5000,uniforme,gaussiana,torneo,softmax_argmax,111.0000,110.0000,0.0000,1.8500,1.8500,7-6,0.2500,shallow,topologia
0.0000,0.0000,0.5100,0.0000,0.2300,0.2600,1.0000,1.0000,124.0000,66.0000,12.4623,6.6332,9.9500,2.0000,2.0000,s01_A_1v1,Un enemigo tipo A vs 1 agente,160.6280,0.4000,agente,25.0000,0.0000,bando_jugador_eliminado,validation,20.0000,1.0000,0.0000,aleatorio,0.0000,4.0000,20292084.0000,3.0000,0.0000,0.1500,0.5000,uniforme,gaussiana,torneo,softmax_argmax,597.0000,358.0000,0.0000,9.9500,9.9500,7-6,0.2500,shallow,topologia
0.0000,0.0000,0.2963,0.0000,0.0123,0.6914,1.0000,1.0000,72.8000,13.0000,9.0811,1.6216,8.0167,2.0000,2.0000,s02_B_1v1,Un enemigo tipo B vs 1 agente,177.5040,0.4000,agente,25.0000,1.0000,bando_jugador_eliminado,validation,20.0000,1.0000,0.0000,aleatorio,0.0000,4.0000,20292215.0000,3.0000,1.0000,0.1500,0.5000,uniforme,gaussiana,torneo,softmax_argmax,481.0000,201.0000,0.0000,8.0167,8.0167,7-6,0.2500,shallow,topologia
0.0000,0.0000,0.6154,0.0000,0.0923,0.2923,1.0000,1.0000,48.0000,36.0000,7.4036,5.5527,6.4833,2.0000,2.0000,s03_C_1v1,Un enemigo tipo C vs 1 agente,80.5560,0.4000,agente,25.0000,0.0000,bando_jugador_eliminado,validation,20.0000,1.0000,0.0000,aleatorio,0.0000,4.0000,20292346.0000,3.0000,0.0000,0.1500,0.5000,uniforme,gaussiana,torneo,softmax_argmax,389.0000,0.0000,0.0000,6.4833,6.4833,7-6,0.2500,shallow,topologia
0.0000,0.0000,0.5902,0.0000,0.0000,0.4098,1.0000,0.0000,12.0000,96.0000,1.9835,15.8678,6.0500,2.0000,2.0000,s04_humano_1v1,Un jugador humano (bot) vs 1 agente,-19.7580,0.4000,oponente,25.0000,0.0000,bando_enemigo_eliminado,validation,20.0000,1.0000,1.0000,aleatorio,0.0000,4.0000,20292477.0000,3.0000,0.0000,0.1500,0.5000,uniforme,gaussiana,torneo,softmax_argmax,363.0000,193.0000,0.0000,6.0500,6.0500,7-6,0.2500,shallow,topologia
0.0000,0.0000,0.6316,0.0000,0.3158,0.0526,1.0000,0.0000,72.0000,88.0000,38.9189,47.5676,1.8500,2.0000,2.0000,s05_A_varios,Varios enemigos tipo A vs 1 agente,38.7440,0.4000,oponente,25.0000,0.0000,bando_enemigo_eliminado,validation,20.0000,3.0000,3.0000,aleatorio,0.0000,4.0000,20292608.0000,3.0000,0.0000,0.1500,0.5000,uniforme,gaussiana,torneo,softmax_argmax,111.0000,110.0000,0.0000,1.8500,1.8500,7-6,0.2500,shallow,topologia
0.0000,0.0000,0.4360,0.0000,0.1163,0.4477,1.0000,1.0000,240.8000,78.0000,14.0136,7.0447,17.1833,2.0000,2.0000,s06_B_varios,Varios enemigos tipo B vs 1 agente,469.5440,0.4000,agente,25.0000,3.0000,bando_jugador_eliminado,validation,20.0000,3.0000,0.0000,aleatorio,0.0000,4.0000,20292739.0000,3.0000,1.0000,0.1500,0.5000,uniforme,gaussiana,torneo,softmax_argmax,1031.0000,804.0000,0.0000,17.1833,11.0722,7-6,0.2500,shallow,topologia
0.0000,0.0000,0.8250,0.0000,0.1500,0.0250,1.0000,0.0000,36.0000,96.0000,9.1915,24.5106,3.9167,2.0000,2.0000,s07_C_varios,Varios enemigos tipo C vs 1 agente,4.9600,0.4000,oponente,25.0000,0.0000,bando_enemigo_eliminado,validation,20.0000,3.0000,3.0000,aleatorio,0.0000,4.0000,20292870.0000,3.0000,0.0000,0.1500,0.5000,uniforme,gaussiana,torneo,softmax_argmax,235.0000,234.0000,0.0000,3.9167,3.9167,7-6,0.2500,shallow,topologia
0.0000,0.0000,0.5714,0.0000,0.3571,0.0714,1.0000,0.0000,52.0000,90.0000,38.5185,66.6667,1.3500,2.0000,2.0000,s08_mixto_1agente,Varios de todos los enemigos vs 1 agente,17.2240,0.4000,oponente,25.0000,0.0000,bando_enemigo_eliminado,validation,20.0000,6.0000,6.0000,aleatorio,0.0000,4.0000,20293001.0000,3.0000,0.0000,0.1500,0.5000,uniforme,gaussiana,torneo,softmax_argmax,81.0000,80.0000,0.0000,1.3500,1.3500,7-6,0.2500,shallow,topologia
0.0000,0.0000,0.6790,0.0000,0.1645,0.1564,3.0000,0.0000,120.0000,206.0000,41.5385,45.9480,4.4833,2.0000,2.0000,s09_mixto_varios,Varios de todos los enemigos vs varios agentes,38.3900,0.4000,oponente,25.0000,0.0000,bando_enemigo_eliminado,validation,20.0000,6.0000,6.0000,aleatorio,0.0000,4.0000,20293132.0000,3.0000,0.0000,0.1500,0.5000,uniforme,gaussiana,torneo,softmax_argmax,269.0000,427.0000,0.0000,2.8889,4.4833,7-6,0.2500,shallow,topologia
0.1358,0.0000,0.4950,0.0000,0.0000,0.3692,3.0000,0.0000,0.0000,288.0000,0.0000,19.2642,14.9500,2.0000,2.0000,s10_humano_varios,Un jugador humano (bot) vs varios agentes,-82.6820,0.4000,oponente,25.0000,0.0000,bando_enemigo_eliminado,validation,20.0000,1.0000,1.0000,aleatorio,0.0000,4.0000,20293263.0000,3.0000,0.0000,0.1500,0.5000,uniforme,gaussiana,torneo,softmax_argmax,897.0000,907.0000,0.0000,9.8722,14.9500,7-6,0.2500,shallow,topologia
0.0000,0.0000,0.6344,0.0000,0.1290,0.2366,1.0000,1.0000,96.0000,32.0000,10.3971,3.4657,9.2333,2.0000,2.0000,s11_D_1v1,Un enemigo tipo D (sanador) vs 1 agente,190.2160,0.4000,agente,25.0000,1.0000,bando_jugador_eliminado,validation,20.0000,1.0000,0.0000,aleatorio,0.0000,4.0000,20293394.0000,3.0000,1.0000,0.1500,0.5000,uniforme,gaussiana,torneo,softmax_argmax,554.0000,0.0000,0.0000,9.2333,9.2333,7-6,0.2500,shallow,topologia
0.0000,0.0000,0.6316,0.0000,0.3158,0.0526,1.0000,0.0000,72.0000,88.0000,38.9189,47.5676,1.8500,2.0000,2.0000,s12_escolta,Dos tipo A escoltados por un sanador vs 1 agente,38.7440,0.4000,oponente,25.0000,0.0000,bando_enemigo_eliminado,validation,20.0000,3.0000,3.0000,aleatorio,0.0000,4.0000,20293525.0000,3.0000,0.0000,0.1500,0.5000,uniforme,gaussiana,torneo,softmax_argmax,111.0000,110.0000,0.0000,1.8500,1.8500,7-6,0.2500,shallow,topologia
0.0000,0.0000,0.6316,0.0000,0.3158,0.0526,1.0000,0.0000,72.0000,96.0000,38.9189,51.8919,1.8500,2.0000,2.0000,s13_mixto_sanador,"Uno de cada tipo, sanador incluido, vs 1 agente",36.7440,0.4000,oponente,25.0000,0.0000,bando_enemigo_eliminado,validation,20.0000,5.0000,5.0000,aleatorio,0.0000,4.0000,20293656.0000,3.0000,0.0000,0.1500,0.5000,uniforme,gaussiana,torneo,softmax_argmax,111.0000,110.0000,0.0000,1.8500,1.8500,7-6,0.2500,shallow,topologia
0.1353,0.0000,0.3233,0.1429,0.0526,0.3459,1.0000,1.0000,68.0000,22.0000,5.1321,1.6604,13.2500,2.0000,2.0000,s01_A_1v1,Un enemigo tipo A vs 1 agente,117.1100,0.4000,agente,25.0000,0.0000,bando_jugador_eliminado,validation,20.0000,1.0000,0.0000,aleatorio,0.0000,0.0000,20260408.0000,3.0000,0.0000,0.1500,0.5000,uniforme,gaussiana,torneo,softmax_argmax,795.0000,381.0000,0.0000,13.2500,13.2500,7-16-12-8-6,0.2500,profunda_16-12-8,topologia
0.1122,0.0000,0.0816,0.2857,0.0000,0.5204,1.0000,1.0000,72.0000,26.0000,7.3846,2.6667,9.7500,2.0000,2.0000,s02_B_1v1,Un enemigo tipo B vs 1 agente,168.8300,0.4000,agente,25.0000,1.0000,bando_jugador_eliminado,validation,20.0000,1.0000,0.0000,aleatorio,0.0000,0.0000,20260539.0000,3.0000,1.0000,0.1500,0.5000,uniforme,gaussiana,torneo,softmax_argmax,585.0000,33.0000,0.0000,9.7500,9.7500,7-16-12-8-6,0.2500,profunda_16-12-8,topologia
0.1075,0.0000,0.2151,0.1613,0.0215,0.4946,1.0000,1.0000,48.0000,24.0000,5.1706,2.5853,9.2833,2.0000,2.0000,s03_C_1v1,Un enemigo tipo C vs 1 agente,87.7080,0.4000,agente,25.0000,0.0000,bando_jugador_eliminado,validation,20.0000,1.0000,0.0000,aleatorio,0.0000,0.0000,20260670.0000,3.0000,0.0000,0.1500,0.5000,uniforme,gaussiana,torneo,softmax_argmax,557.0000,116.0000,0.0000,9.2833,9.2833,7-16-12-8-6,0.2500,profunda_16-12-8,topologia
0.1286,0.0000,0.1571,0.1714,0.0000,0.5429,1.0000,1.0000,144.0000,0.0000,10.3226,0.0000,13.9500,2.0000,2.0000,s04_humano_1v1,Un jugador humano (bot) vs 1 agente,247.3480,0.4000,agente,25.0000,1.0000,bando_jugador_eliminado,validation,20.0000,1.0000,0.0000,aleatorio,0.0000,0.0000,20260801.0000,3.0000,1.0000,0.1500,0.5000,uniforme,gaussiana,torneo,softmax_argmax,837.0000,0.0000,0.0000,13.9500,13.9500,7-16-12-8-6,0.2500,profunda_16-12-8,topologia
0.0000,0.0000,0.5429,0.0286,0.2857,0.1429,1.0000,0.0000,60.0000,88.0000,17.2249,25.2632,3.4833,2.0000,2.0000,s05_A_varios,Varios enemigos tipo A vs 1 agente,30.0760,0.4000,oponente,25.0000,0.0000,bando_enemigo_eliminado,validation,20.0000,3.0000,3.0000,aleatorio,0.0000,0.0000,20260932.0000,3.0000,0.0000,0.1500,0.5000,uniforme,gaussiana,torneo,softmax_argmax,209.0000,208.0000,0.0000,3.4833,3.4833,7-16-12-8-6,0.2500,profunda_16-12-8,topologia
0.9033,0.0000,0.0567,0.0100,0.0267,0.0033,1.0000,1.0000,80.0000,52.0000,1.3333,1.2389,60.0000,2.0000,2.0000,s06_B_varios,Varios enemigos tipo B vs 1 agente,238.3200,0.4000,empate,25.0000,1.0000,tiempo_agotado,validation,20.0000,3.0000,2.0000,aleatorio,1.0000,0.0000,20261063.0000,3.0000,0.3333,0.1500,0.5000,uniforme,gaussiana,torneo,softmax_argmax,3600.0000,3464.0000,0.0000,60.0000,41.9722,7-16-12-8-6,0.2500,profunda_16-12-8,topologia
0.8517,0.0000,0.0533,0.0050,0.0333,0.0567,1.0000,1.0000,116.0000,84.0000,1.9333,3.3750,60.0000,2.0000,2.0000,s07_C_varios,Varios enemigos tipo C vs 1 agente,233.5800,0.4000,empate,25.0000,1.0000,tiempo_agotado,validation,20.0000,3.0000,1.0000,aleatorio,2.0000,0.0000,20261194.0000,3.0000,0.3333,0.1500,0.5000,uniforme,gaussiana,torneo,softmax_argmax,3600.0000,2106.0000,0.0000,60.0000,24.8889,7-16-12-8-6,0.2500,profunda_16-12-8,topologia
0.0000,0.0000,0.6000,0.0000,0.4000,0.0000,1.0000,0.0000,40.0000,90.0000,27.9070,62.7907,1.4333,2.0000,2.0000,s08_mixto_1agente,Varios de todos los enemigos vs 1 agente,5.3940,0.4000,oponente,25.0000,0.0000,bando_enemigo_eliminado,validation,20.0000,6.0000,6.0000,aleatorio,0.0000,0.0000,20261325.0000,3.0000,0.0000,0.1500,0.5000,uniforme,gaussiana,torneo,softmax_argmax,86.0000,85.0000,0.0000,1.4333,1.4333,7-16-12-8-6,0.2500,profunda_16-12-8,topologia
0.3880,0.0000,0.3825,0.0373,0.1580,0.0342,3.0000,0.0000,84.0000,270.0000,20.7407,47.7876,5.6500,2.0000,2.0000,s09_mixto_varios,Varios de todos los enemigos vs varios agentes,-13.9440,0.4000,oponente,25.0000,0.0000,bando_enemigo_eliminado,validation,20.0000,6.0000,6.0000,aleatorio,0.0000,0.0000,20261456.0000,3.0000,0.0000,0.1500,0.5000,uniforme,gaussiana,torneo,softmax_argmax,339.0000,388.0000,0.0000,4.0500,5.6500,7-16-12-8-6,0.2500,profunda_16-12-8,topologia
0.8111,0.0000,0.0678,0.0233,0.0006,0.0972,3.0000,3.0000,96.0000,112.0000,1.6000,1.8667,60.0000,2.0000,2.0000,s10_humano_varios,Un jugador humano (bot) vs varios agentes,162.6200,0.4000,empate,25.0000,0.0000,tiempo_agotado,validation,20.0000,1.0000,1.0000,aleatorio,0.0000,0.0000,20261587.0000,3.0000,0.0000,0.1500,0.5000,uniforme,gaussiana,torneo,softmax_argmax,3600.0000,3214.0000,0.0000,60.0000,60.0000,7-16-12-8-6,0.2500,profunda_16-12-8,topologia
0.8900,0.0000,0.0383,0.0200,0.0000,0.0517,1.0000,1.0000,84.0000,40.0000,1.4000,0.6667,60.0000,2.0000,2.0000,s11_D_1v1,Un enemigo tipo D (sanador) vs 1 agente,82.3600,0.4000,empate,25.0000,0.0000,tiempo_agotado,validation,20.0000,1.0000,1.0000,aleatorio,1.0000,0.0000,20261718.0000,3.0000,0.0000,0.1500,0.5000,uniforme,gaussiana,torneo,softmax_argmax,3600.0000,32.0000,0.0000,60.0000,60.0000,7-16-12-8-6,0.2500,profunda_16-12-8,topologia
0.2656,0.0000,0.3594,0.0156,0.2500,0.1094,1.0000,0.0000,84.0000,96.0000,13.1250,15.0000,6.4000,2.0000,2.0000,s12_escolta,Dos tipo A escoltados por un sanador vs 1 agente,58.0260,0.4000,oponente,25.0000,0.0000,bando_enemigo_eliminado,validation,20.0000,3.0000,3.0000,aleatorio,0.0000,0.0000,20261849.0000,3.0000,0.0000,0.1500,0.5000,uniforme,gaussiana,torneo,softmax_argmax,384.0000,383.0000,0.0000,6.4000,6.4000,7-16-12-8-6,0.2500,profunda_16-12-8,topologia
0.0000,0.0000,0.5517,0.0345,0.3448,0.0690,1.0000,0.0000,60.0000,90.0000,20.9302,31.3953,2.8667,2.0000,2.0000,s13_mixto_sanador,"Uno de cada tipo, sanador incluido, vs 1 agente",28.3180,0.4000,oponente,25.0000,0.0000,bando_enemigo_eliminado,validation,20.0000,5.0000,5.0000,aleatorio,0.0000,0.0000,20261980.0000,3.0000,0.0000,0.1500,0.5000,uniforme,gaussiana,torneo,softmax_argmax,172.0000,171.0000,0.0000,2.8667,2.8667,7-16-12-8-6,0.2500,profunda_16-12-8,topologia
0.1353,0.0000,0.3233,0.1429,0.0526,0.3459,1.0000,1.0000,68.0000,22.0000,5.1321,1.6604,13.2500,2.0000,2.0000,s01_A_1v1,Un enemigo tipo A vs 1 agente,117.1100,0.4000,agente,25.0000,0.0000,bando_jugador_eliminado,validation,20.0000,1.0000,0.0000,aleatorio,0.0000,1.0000,20268327.0000,3.0000,0.0000,0.1500,0.5000,uniforme,gaussiana,torneo,softmax_argmax,795.0000,381.0000,0.0000,13.2500,13.2500,7-16-12-8-6,0.2500,profunda_16-12-8,topologia
0.1122,0.0000,0.0816,0.2857,0.0000,0.5204,1.0000,1.0000,72.0000,26.0000,7.3846,2.6667,9.7500,2.0000,2.0000,s02_B_1v1,Un enemigo tipo B vs 1 agente,168.8300,0.4000,agente,25.0000,1.0000,bando_jugador_eliminado,validation,20.0000,1.0000,0.0000,aleatorio,0.0000,1.0000,20268458.0000,3.0000,1.0000,0.1500,0.5000,uniforme,gaussiana,torneo,softmax_argmax,585.0000,33.0000,0.0000,9.7500,9.7500,7-16-12-8-6,0.2500,profunda_16-12-8,topologia
0.1075,0.0000,0.2151,0.1613,0.0215,0.4946,1.0000,1.0000,48.0000,24.0000,5.1706,2.5853,9.2833,2.0000,2.0000,s03_C_1v1,Un enemigo tipo C vs 1 agente,87.7080,0.4000,agente,25.0000,0.0000,bando_jugador_eliminado,validation,20.0000,1.0000,0.0000,aleatorio,0.0000,1.0000,20268589.0000,3.0000,0.0000,0.1500,0.5000,uniforme,gaussiana,torneo,softmax_argmax,557.0000,116.0000,0.0000,9.2833,9.2833,7-16-12-8-6,0.2500,profunda_16-12-8,topologia
0.1286,0.0000,0.1571,0.1714,0.0000,0.5429,1.0000,1.0000,144.0000,0.0000,10.3226,0.0000,13.9500,2.0000,2.0000,s04_humano_1v1,Un jugador humano (bot) vs 1 agente,247.3480,0.4000,agente,25.0000,1.0000,bando_jugador_eliminado,validation,20.0000,1.0000,0.0000,aleatorio,0.0000,1.0000,20268720.0000,3.0000,1.0000,0.1500,0.5000,uniforme,gaussiana,torneo,softmax_argmax,837.0000,0.0000,0.0000,13.9500,13.9500,7-16-12-8-6,0.2500,profunda_16-12-8,topologia
0.0000,0.0000,0.5429,0.0286,0.2857,0.1429,1.0000,0.0000,60.0000,88.0000,17.2249,25.2632,3.4833,2.0000,2.0000,s05_A_varios,Varios enemigos tipo A vs 1 agente,30.0760,0.4000,oponente,25.0000,0.0000,bando_enemigo_eliminado,validation,20.0000,3.0000,3.0000,aleatorio,0.0000,1.0000,20268851.0000,3.0000,0.0000,0.1500,0.5000,uniforme,gaussiana,torneo,softmax_argmax,209.0000,208.0000,0.0000,3.4833,3.4833,7-16-12-8-6,0.2500,profunda_16-12-8,topologia
0.9033,0.0000,0.0567,0.0100,0.0267,0.0033,1.0000,1.0000,80.0000,52.0000,1.3333,1.2389,60.0000,2.0000,2.0000,s06_B_varios,Varios enemigos tipo B vs 1 agente,238.3200,0.4000,empate,25.0000,1.0000,tiempo_agotado,validation,20.0000,3.0000,2.0000,aleatorio,1.0000,1.0000,20268982.0000,3.0000,0.3333,0.1500,0.5000,uniforme,gaussiana,torneo,softmax_argmax,3600.0000,3464.0000,0.0000,60.0000,41.9722,7-16-12-8-6,0.2500,profunda_16-12-8,topologia
0.8517,0.0000,0.0533,0.0050,0.0333,0.0567,1.0000,1.0000,116.0000,84.0000,1.9333,3.3750,60.0000,2.0000,2.0000,s07_C_varios,Varios enemigos tipo C vs 1 agente,233.5800,0.4000,empate,25.0000,1.0000,tiempo_agotado,validation,20.0000,3.0000,1.0000,aleatorio,2.0000,1.0000,20269113.0000,3.0000,0.3333,0.1500,0.5000,uniforme,gaussiana,torneo,softmax_argmax,3600.0000,2106.0000,0.0000,60.0000,24.8889,7-16-12-8-6,0.2500,profunda_16-12-8,topologia
0.0000,0.0000,0.6000,0.0000,0.4000,0.0000,1.0000,0.0000,40.0000,90.0000,27.9070,62.7907,1.4333,2.0000,2.0000,s08_mixto_1agente,Varios de todos los enemigos vs 1 agente,5.3940,0.4000,oponente,25.0000,0.0000,bando_enemigo_eliminado,validation,20.0000,6.0000,6.0000,aleatorio,0.0000,1.0000,20269244.0000,3.0000,0.0000,0.1500,0.5000,uniforme,gaussiana,torneo,softmax_argmax,86.0000,85.0000,0.0000,1.4333,1.4333,7-16-12-8-6,0.2500,profunda_16-12-8,topologia
0.3880,0.0000,0.3825,0.0373,0.1580,0.0342,3.0000,0.0000,84.0000,270.0000,20.7407,47.7876,5.6500,2.0000,2.0000,s09_mixto_varios,Varios de todos los enemigos vs varios agentes,-13.9440,0.4000,oponente,25.0000,0.0000,bando_enemigo_eliminado,validation,20.0000,6.0000,6.0000,aleatorio,0.0000,1.0000,20269375.0000,3.0000,0.0000,0.1500,0.5000,uniforme,gaussiana,torneo,softmax_argmax,339.0000,388.0000,0.0000,4.0500,5.6500,7-16-12-8-6,0.2500,profunda_16-12-8,topologia
0.8111,0.0000,0.0678,0.0233,0.0006,0.0972,3.0000,3.0000,96.0000,112.0000,1.6000,1.8667,60.0000,2.0000,2.0000,s10_humano_varios,Un jugador humano (bot) vs varios agentes,162.6200,0.4000,empate,25.0000,0.0000,tiempo_agotado,validation,20.0000,1.0000,1.0000,aleatorio,0.0000,1.0000,20269506.0000,3.0000,0.0000,0.1500,0.5000,uniforme,gaussiana,torneo,softmax_argmax,3600.0000,3214.0000,0.0000,60.0000,60.0000,7-16-12-8-6,0.2500,profunda_16-12-8,topologia
0.8900,0.0000,0.0383,0.0200,0.0000,0.0517,1.0000,1.0000,84.0000,40.0000,1.4000,0.6667,60.0000,2.0000,2.0000,s11_D_1v1,Un enemigo tipo D (sanador) vs 1 agente,82.3600,0.4000,empate,25.0000,0.0000,tiempo_agotado,validation,20.0000,1.0000,1.0000,aleatorio,1.0000,1.0000,20269637.0000,3.0000,0.0000,0.1500,0.5000,uniforme,gaussiana,torneo,softmax_argmax,3600.0000,32.0000,0.0000,60.0000,60.0000,7-16-12-8-6,0.2500,profunda_16-12-8,topologia
0.2656,0.0000,0.3594,0.0156,0.2500,0.1094,1.0000,0.0000,84.0000,96.0000,13.1250,15.0000,6.4000,2.0000,2.0000,s12_escolta,Dos tipo A escoltados por un sanador vs 1 agente,58.0260,0.4000,oponente,25.0000,0.0000,bando_enemigo_eliminado,validation,20.0000,3.0000,3.0000,aleatorio,0.0000,1.0000,20269768.0000,3.0000,0.0000,0.1500,0.5000,uniforme,gaussiana,torneo,softmax_argmax,384.0000,383.0000,0.0000,6.4000,6.4000,7-16-12-8-6,0.2500,profunda_16-12-8,topologia
0.0000,0.0000,0.5517,0.0345,0.3448,0.0690,1.0000,0.0000,60.0000,90.0000,20.9302,31.3953,2.8667,2.0000,2.0000,s13_mixto_sanador,"Uno de cada tipo, sanador incluido, vs 1 agente",28.3180,0.4000,oponente,25.0000,0.0000,bando_enemigo_eliminado,validation,20.0000,5.0000,5.0000,aleatorio,0.0000,1.0000,20269899.0000,3.0000,0.0000,0.1500,0.5000,uniforme,gaussiana,torneo,softmax_argmax,172.0000,171.0000,0.0000,2.8667,2.8667,7-16-12-8-6,0.2500,profunda_16-12-8,topologia
0.1353,0.0000,0.3233,0.1429,0.0526,0.3459,1.0000,1.0000,68.0000,22.0000,5.1321,1.6604,13.2500,2.0000,2.0000,s01_A_1v1,Un enemigo tipo A vs 1 agente,117.1100,0.4000,agente,25.0000,0.0000,bando_jugador_eliminado,validation,20.0000,1.0000,0.0000,aleatorio,0.0000,2.0000,20276246.0000,3.0000,0.0000,0.1500,0.5000,uniforme,gaussiana,torneo,softmax_argmax,795.0000,381.0000,0.0000,13.2500,13.2500,7-16-12-8-6,0.2500,profunda_16-12-8,topologia
0.1122,0.0000,0.0816,0.2857,0.0000,0.5204,1.0000,1.0000,72.0000,26.0000,7.3846,2.6667,9.7500,2.0000,2.0000,s02_B_1v1,Un enemigo tipo B vs 1 agente,168.8300,0.4000,agente,25.0000,1.0000,bando_jugador_eliminado,validation,20.0000,1.0000,0.0000,aleatorio,0.0000,2.0000,20276377.0000,3.0000,1.0000,0.1500,0.5000,uniforme,gaussiana,torneo,softmax_argmax,585.0000,33.0000,0.0000,9.7500,9.7500,7-16-12-8-6,0.2500,profunda_16-12-8,topologia
0.1075,0.0000,0.2151,0.1613,0.0215,0.4946,1.0000,1.0000,48.0000,24.0000,5.1706,2.5853,9.2833,2.0000,2.0000,s03_C_1v1,Un enemigo tipo C vs 1 agente,87.7080,0.4000,agente,25.0000,0.0000,bando_jugador_eliminado,validation,20.0000,1.0000,0.0000,aleatorio,0.0000,2.0000,20276508.0000,3.0000,0.0000,0.1500,0.5000,uniforme,gaussiana,torneo,softmax_argmax,557.0000,116.0000,0.0000,9.2833,9.2833,7-16-12-8-6,0.2500,profunda_16-12-8,topologia
0.1286,0.0000,0.1571,0.1714,0.0000,0.5429,1.0000,1.0000,144.0000,0.0000,10.3226,0.0000,13.9500,2.0000,2.0000,s04_humano_1v1,Un jugador humano (bot) vs 1 agente,247.3480,0.4000,agente,25.0000,1.0000,bando_jugador_eliminado,validation,20.0000,1.0000,0.0000,aleatorio,0.0000,2.0000,20276639.0000,3.0000,1.0000,0.1500,0.5000,uniforme,gaussiana,torneo,softmax_argmax,837.0000,0.0000,0.0000,13.9500,13.9500,7-16-12-8-6,0.2500,profunda_16-12-8,topologia
0.0000,0.0000,0.5429,0.0286,0.2857,0.1429,1.0000,0.0000,60.0000,88.0000,17.2249,25.2632,3.4833,2.0000,2.0000,s05_A_varios,Varios enemigos tipo A vs 1 agente,30.0760,0.4000,oponente,25.0000,0.0000,bando_enemigo_eliminado,validation,20.0000,3.0000,3.0000,aleatorio,0.0000,2.0000,20276770.0000,3.0000,0.0000,0.1500,0.5000,uniforme,gaussiana,torneo,softmax_argmax,209.0000,208.0000,0.0000,3.4833,3.4833,7-16-12-8-6,0.2500,profunda_16-12-8,topologia
0.9033,0.0000,0.0567,0.0100,0.0267,0.0033,1.0000,1.0000,80.0000,52.0000,1.3333,1.2389,60.0000,2.0000,2.0000,s06_B_varios,Varios enemigos tipo B vs 1 agente,238.3200,0.4000,empate,25.0000,1.0000,tiempo_agotado,validation,20.0000,3.0000,2.0000,aleatorio,1.0000,2.0000,20276901.0000,3.0000,0.3333,0.1500,0.5000,uniforme,gaussiana,torneo,softmax_argmax,3600.0000,3464.0000,0.0000,60.0000,41.9722,7-16-12-8-6,0.2500,profunda_16-12-8,topologia
0.8517,0.0000,0.0533,0.0050,0.0333,0.0567,1.0000,1.0000,116.0000,84.0000,1.9333,3.3750,60.0000,2.0000,2.0000,s07_C_varios,Varios enemigos tipo C vs 1 agente,233.5800,0.4000,empate,25.0000,1.0000,tiempo_agotado,validation,20.0000,3.0000,1.0000,aleatorio,2.0000,2.0000,20277032.0000,3.0000,0.3333,0.1500,0.5000,uniforme,gaussiana,torneo,softmax_argmax,3600.0000,2106.0000,0.0000,60.0000,24.8889,7-16-12-8-6,0.2500,profunda_16-12-8,topologia
0.0000,0.0000,0.6000,0.0000,0.4000,0.0000,1.0000,0.0000,40.0000,90.0000,27.9070,62.7907,1.4333,2.0000,2.0000,s08_mixto_1agente,Varios de todos los enemigos vs 1 agente,5.3940,0.4000,oponente,25.0000,0.0000,bando_enemigo_eliminado,validation,20.0000,6.0000,6.0000,aleatorio,0.0000,2.0000,20277163.0000,3.0000,0.0000,0.1500,0.5000,uniforme,gaussiana,torneo,softmax_argmax,86.0000,85.0000,0.0000,1.4333,1.4333,7-16-12-8-6,0.2500,profunda_16-12-8,topologia
0.3880,0.0000,0.3825,0.0373,0.1580,0.0342,3.0000,0.0000,84.0000,270.0000,20.7407,47.7876,5.6500,2.0000,2.0000,s09_mixto_varios,Varios de todos los enemigos vs varios agentes,-13.9440,0.4000,oponente,25.0000,0.0000,bando_enemigo_eliminado,validation,20.0000,6.0000,6.0000,aleatorio,0.0000,2.0000,20277294.0000,3.0000,0.0000,0.1500,0.5000,uniforme,gaussiana,torneo,softmax_argmax,339.0000,388.0000,0.0000,4.0500,5.6500,7-16-12-8-6,0.2500,profunda_16-12-8,topologia
0.8111,0.0000,0.0678,0.0233,0.0006,0.0972,3.0000,3.0000,96.0000,112.0000,1.6000,1.8667,60.0000,2.0000,2.0000,s10_humano_varios,Un jugador humano (bot) vs varios agentes,162.6200,0.4000,empate,25.0000,0.0000,tiempo_agotado,validation,20.0000,1.0000,1.0000,aleatorio,0.0000,2.0000,20277425.0000,3.0000,0.0000,0.1500,0.5000,uniforme,gaussiana,torneo,softmax_argmax,3600.0000,3214.0000,0.0000,60.0000,60.0000,7-16-12-8-6,0.2500,profunda_16-12-8,topologia
0.8900,0.0000,0.0383,0.0200,0.0000,0.0517,1.0000,1.0000,84.0000,40.0000,1.4000,0.6667,60.0000,2.0000,2.0000,s11_D_1v1,Un enemigo tipo D (sanador) vs 1 agente,82.3600,0.4000,empate,25.0000,0.0000,tiempo_agotado,validation,20.0000,1.0000,1.0000,aleatorio,1.0000,2.0000,20277556.0000,3.0000,0.0000,0.1500,0.5000,uniforme,gaussiana,torneo,softmax_argmax,3600.0000,32.0000,0.0000,60.0000,60.0000,7-16-12-8-6,0.2500,profunda_16-12-8,topologia
0.2656,0.0000,0.3594,0.0156,0.2500,0.1094,1.0000,0.0000,84.0000,96.0000,13.1250,15.0000,6.4000,2.0000,2.0000,s12_escolta,Dos tipo A escoltados por un sanador vs 1 agente,58.0260,0.4000,oponente,25.0000,0.0000,bando_enemigo_eliminado,validation,20.0000,3.0000,3.0000,aleatorio,0.0000,2.0000,20277687.0000,3.0000,0.0000,0.1500,0.5000,uniforme,gaussiana,torneo,softmax_argmax,384.0000,383.0000,0.0000,6.4000,6.4000,7-16-12-8-6,0.2500,profunda_16-12-8,topologia
0.0000,0.0000,0.5517,0.0345,0.3448,0.0690,1.0000,0.0000,60.0000,90.0000,20.9302,31.3953,2.8667,2.0000,2.0000,s13_mixto_sanador,"Uno de cada tipo, sanador incluido, vs 1 agente",28.3180,0.4000,oponente,25.0000,0.0000,bando_enemigo_eliminado,validation,20.0000,5.0000,5.0000,aleatorio,0.0000,2.0000,20277818.0000,3.0000,0.0000,0.1500,0.5000,uniforme,gaussiana,torneo,softmax_argmax,172.0000,171.0000,0.0000,2.8667,2.8667,7-16-12-8-6,0.2500,profunda_16-12-8,topologia
0.1353,0.0000,0.3233,0.1429,0.0526,0.3459,1.0000,1.0000,68.0000,22.0000,5.1321,1.6604,13.2500,2.0000,2.0000,s01_A_1v1,Un enemigo tipo A vs 1 agente,117.1100,0.4000,agente,25.0000,0.0000,bando_jugador_eliminado,validation,20.0000,1.0000,0.0000,aleatorio,0.0000,3.0000,20284165.0000,3.0000,0.0000,0.1500,0.5000,uniforme,gaussiana,torneo,softmax_argmax,795.0000,381.0000,0.0000,13.2500,13.2500,7-16-12-8-6,0.2500,profunda_16-12-8,topologia
0.1122,0.0000,0.0816,0.2857,0.0000,0.5204,1.0000,1.0000,72.0000,26.0000,7.3846,2.6667,9.7500,2.0000,2.0000,s02_B_1v1,Un enemigo tipo B vs 1 agente,168.8300,0.4000,agente,25.0000,1.0000,bando_jugador_eliminado,validation,20.0000,1.0000,0.0000,aleatorio,0.0000,3.0000,20284296.0000,3.0000,1.0000,0.1500,0.5000,uniforme,gaussiana,torneo,softmax_argmax,585.0000,33.0000,0.0000,9.7500,9.7500,7-16-12-8-6,0.2500,profunda_16-12-8,topologia
0.1075,0.0000,0.2151,0.1613,0.0215,0.4946,1.0000,1.0000,48.0000,24.0000,5.1706,2.5853,9.2833,2.0000,2.0000,s03_C_1v1,Un enemigo tipo C vs 1 agente,87.7080,0.4000,agente,25.0000,0.0000,bando_jugador_eliminado,validation,20.0000,1.0000,0.0000,aleatorio,0.0000,3.0000,20284427.0000,3.0000,0.0000,0.1500,0.5000,uniforme,gaussiana,torneo,softmax_argmax,557.0000,116.0000,0.0000,9.2833,9.2833,7-16-12-8-6,0.2500,profunda_16-12-8,topologia
0.1286,0.0000,0.1571,0.1714,0.0000,0.5429,1.0000,1.0000,144.0000,0.0000,10.3226,0.0000,13.9500,2.0000,2.0000,s04_humano_1v1,Un jugador humano (bot) vs 1 agente,247.3480,0.4000,agente,25.0000,1.0000,bando_jugador_eliminado,validation,20.0000,1.0000,0.0000,aleatorio,0.0000,3.0000,20284558.0000,3.0000,1.0000,0.1500,0.5000,uniforme,gaussiana,torneo,softmax_argmax,837.0000,0.0000,0.0000,13.9500,13.9500,7-16-12-8-6,0.2500,profunda_16-12-8,topologia
0.0000,0.0000,0.5429,0.0286,0.2857,0.1429,1.0000,0.0000,60.0000,88.0000,17.2249,25.2632,3.4833,2.0000,2.0000,s05_A_varios,Varios enemigos tipo A vs 1 agente,30.0760,0.4000,oponente,25.0000,0.0000,bando_enemigo_eliminado,validation,20.0000,3.0000,3.0000,aleatorio,0.0000,3.0000,20284689.0000,3.0000,0.0000,0.1500,0.5000,uniforme,gaussiana,torneo,softmax_argmax,209.0000,208.0000,0.0000,3.4833,3.4833,7-16-12-8-6,0.2500,profunda_16-12-8,topologia
0.9033,0.0000,0.0567,0.0100,0.0267,0.0033,1.0000,1.0000,80.0000,52.0000,1.3333,1.2389,60.0000,2.0000,2.0000,s06_B_varios,Varios enemigos tipo B vs 1 agente,238.3200,0.4000,empate,25.0000,1.0000,tiempo_agotado,validation,20.0000,3.0000,2.0000,aleatorio,1.0000,3.0000,20284820.0000,3.0000,0.3333,0.1500,0.5000,uniforme,gaussiana,torneo,softmax_argmax,3600.0000,3464.0000,0.0000,60.0000,41.9722,7-16-12-8-6,0.2500,profunda_16-12-8,topologia
0.8517,0.0000,0.0533,0.0050,0.0333,0.0567,1.0000,1.0000,116.0000,84.0000,1.9333,3.3750,60.0000,2.0000,2.0000,s07_C_varios,Varios enemigos tipo C vs 1 agente,233.5800,0.4000,empate,25.0000,1.0000,tiempo_agotado,validation,20.0000,3.0000,1.0000,aleatorio,2.0000,3.0000,20284951.0000,3.0000,0.3333,0.1500,0.5000,uniforme,gaussiana,torneo,softmax_argmax,3600.0000,2106.0000,0.0000,60.0000,24.8889,7-16-12-8-6,0.2500,profunda_16-12-8,topologia
0.0000,0.0000,0.6000,0.0000,0.4000,0.0000,1.0000,0.0000,40.0000,90.0000,27.9070,62.7907,1.4333,2.0000,2.0000,s08_mixto_1agente,Varios de todos los enemigos vs 1 agente,5.3940,0.4000,oponente,25.0000,0.0000,bando_enemigo_eliminado,validation,20.0000,6.0000,6.0000,aleatorio,0.0000,3.0000,20285082.0000,3.0000,0.0000,0.1500,0.5000,uniforme,gaussiana,torneo,softmax_argmax,86.0000,85.0000,0.0000,1.4333,1.4333,7-16-12-8-6,0.2500,profunda_16-12-8,topologia
0.3880,0.0000,0.3825,0.0373,0.1580,0.0342,3.0000,0.0000,84.0000,270.0000,20.7407,47.7876,5.6500,2.0000,2.0000,s09_mixto_varios,Varios de todos los enemigos vs varios agentes,-13.9440,0.4000,oponente,25.0000,0.0000,bando_enemigo_eliminado,validation,20.0000,6.0000,6.0000,aleatorio,0.0000,3.0000,20285213.0000,3.0000,0.0000,0.1500,0.5000,uniforme,gaussiana,torneo,softmax_argmax,339.0000,388.0000,0.0000,4.0500,5.6500,7-16-12-8-6,0.2500,profunda_16-12-8,topologia
0.8111,0.0000,0.0678,0.0233,0.0006,0.0972,3.0000,3.0000,96.0000,112.0000,1.6000,1.8667,60.0000,2.0000,2.0000,s10_humano_varios,Un jugador humano (bot) vs varios agentes,162.6200,0.4000,empate,25.0000,0.0000,tiempo_agotado,validation,20.0000,1.0000,1.0000,aleatorio,0.0000,3.0000,20285344.0000,3.0000,0.0000,0.1500,0.5000,uniforme,gaussiana,torneo,softmax_argmax,3600.0000,3214.0000,0.0000,60.0000,60.0000,7-16-12-8-6,0.2500,profunda_16-12-8,topologia
0.8900,0.0000,0.0383,0.0200,0.0000,0.0517,1.0000,1.0000,84.0000,40.0000,1.4000,0.6667,60.0000,2.0000,2.0000,s11_D_1v1,Un enemigo tipo D (sanador) vs 1 agente,82.3600,0.4000,empate,25.0000,0.0000,tiempo_agotado,validation,20.0000,1.0000,1.0000,aleatorio,1.0000,3.0000,20285475.0000,3.0000,0.0000,0.1500,0.5000,uniforme,gaussiana,torneo,softmax_argmax,3600.0000,32.0000,0.0000,60.0000,60.0000,7-16-12-8-6,0.2500,profunda_16-12-8,topologia
0.2656,0.0000,0.3594,0.0156,0.2500,0.1094,1.0000,0.0000,84.0000,96.0000,13.1250,15.0000,6.4000,2.0000,2.0000,s12_escolta,Dos tipo A escoltados por un sanador vs 1 agente,58.0260,0.4000,oponente,25.0000,0.0000,bando_enemigo_eliminado,validation,20.0000,3.0000,3.0000,aleatorio,0.0000,3.0000,20285606.0000,3.0000,0.0000,0.1500,0.5000,uniforme,gaussiana,torneo,softmax_argmax,384.0000,383.0000,0.0000,6.4000,6.4000,7-16-12-8-6,0.2500,profunda_16-12-8,topologia
0.0000,0.0000,0.5517,0.0345,0.3448,0.0690,1.0000,0.0000,60.0000,90.0000,20.9302,31.3953,2.8667,2.0000,2.0000,s13_mixto_sanador,"Uno de cada tipo, sanador incluido, vs 1 agente",28.3180,0.4000,oponente,25.0000,0.0000,bando_enemigo_eliminado,validation,20.0000,5.0000,5.0000,aleatorio,0.0000,3.0000,20285737.0000,3.0000,0.0000,0.1500,0.5000,uniforme,gaussiana,torneo,softmax_argmax,172.0000,171.0000,0.0000,2.8667,2.8667,7-16-12-8-6,0.2500,profunda_16-12-8,topologia
0.1353,0.0000,0.3233,0.1429,0.0526,0.3459,1.0000,1.0000,68.0000,22.0000,5.1321,1.6604,13.2500,2.0000,2.0000,s01_A_1v1,Un enemigo tipo A vs 1 agente,117.1100,0.4000,agente,25.0000,0.0000,bando_jugador_eliminado,validation,20.0000,1.0000,0.0000,aleatorio,0.0000,4.0000,20292084.0000,3.0000,0.0000,0.1500,0.5000,uniforme,gaussiana,torneo,softmax_argmax,795.0000,381.0000,0.0000,13.2500,13.2500,7-16-12-8-6,0.2500,profunda_16-12-8,topologia
0.1122,0.0000,0.0816,0.2857,0.0000,0.5204,1.0000,1.0000,72.0000,26.0000,7.3846,2.6667,9.7500,2.0000,2.0000,s02_B_1v1,Un enemigo tipo B vs 1 agente,168.8300,0.4000,agente,25.0000,1.0000,bando_jugador_eliminado,validation,20.0000,1.0000,0.0000,aleatorio,0.0000,4.0000,20292215.0000,3.0000,1.0000,0.1500,0.5000,uniforme,gaussiana,torneo,softmax_argmax,585.0000,33.0000,0.0000,9.7500,9.7500,7-16-12-8-6,0.2500,profunda_16-12-8,topologia
0.1075,0.0000,0.2151,0.1613,0.0215,0.4946,1.0000,1.0000,48.0000,24.0000,5.1706,2.5853,9.2833,2.0000,2.0000,s03_C_1v1,Un enemigo tipo C vs 1 agente,87.7080,0.4000,agente,25.0000,0.0000,bando_jugador_eliminado,validation,20.0000,1.0000,0.0000,aleatorio,0.0000,4.0000,20292346.0000,3.0000,0.0000,0.1500,0.5000,uniforme,gaussiana,torneo,softmax_argmax,557.0000,116.0000,0.0000,9.2833,9.2833,7-16-12-8-6,0.2500,profunda_16-12-8,topologia
0.1286,0.0000,0.1571,0.1714,0.0000,0.5429,1.0000,1.0000,144.0000,0.0000,10.3226,0.0000,13.9500,2.0000,2.0000,s04_humano_1v1,Un jugador humano (bot) vs 1 agente,247.3480,0.4000,agente,25.0000,1.0000,bando_jugador_eliminado,validation,20.0000,1.0000,0.0000,aleatorio,0.0000,4.0000,20292477.0000,3.0000,1.0000,0.1500,0.5000,uniforme,gaussiana,torneo,softmax_argmax,837.0000,0.0000,0.0000,13.9500,13.9500,7-16-12-8-6,0.2500,profunda_16-12-8,topologia
0.0000,0.0000,0.5429,0.0286,0.2857,0.1429,1.0000,0.0000,60.0000,88.0000,17.2249,25.2632,3.4833,2.0000,2.0000,s05_A_varios,Varios enemigos tipo A vs 1 agente,30.0760,0.4000,oponente,25.0000,0.0000,bando_enemigo_eliminado,validation,20.0000,3.0000,3.0000,aleatorio,0.0000,4.0000,20292608.0000,3.0000,0.0000,0.1500,0.5000,uniforme,gaussiana,torneo,softmax_argmax,209.0000,208.0000,0.0000,3.4833,3.4833,7-16-12-8-6,0.2500,profunda_16-12-8,topologia
0.9033,0.0000,0.0567,0.0100,0.0267,0.0033,1.0000,1.0000,80.0000,52.0000,1.3333,1.2389,60.0000,2.0000,2.0000,s06_B_varios,Varios enemigos tipo B vs 1 agente,238.3200,0.4000,empate,25.0000,1.0000,tiempo_agotado,validation,20.0000,3.0000,2.0000,aleatorio,1.0000,4.0000,20292739.0000,3.0000,0.3333,0.1500,0.5000,uniforme,gaussiana,torneo,softmax_argmax,3600.0000,3464.0000,0.0000,60.0000,41.9722,7-16-12-8-6,0.2500,profunda_16-12-8,topologia
0.8517,0.0000,0.0533,0.0050,0.0333,0.0567,1.0000,1.0000,116.0000,84.0000,1.9333,3.3750,60.0000,2.0000,2.0000,s07_C_varios,Varios enemigos tipo C vs 1 agente,233.5800,0.4000,empate,25.0000,1.0000,tiempo_agotado,validation,20.0000,3.0000,1.0000,aleatorio,2.0000,4.0000,20292870.0000,3.0000,0.3333,0.1500,0.5000,uniforme,gaussiana,torneo,softmax_argmax,3600.0000,2106.0000,0.0000,60.0000,24.8889,7-16-12-8-6,0.2500,profunda_16-12-8,topologia
0.0000,0.0000,0.6000,0.0000,0.4000,0.0000,1.0000,0.0000,40.0000,90.0000,27.9070,62.7907,1.4333,2.0000,2.0000,s08_mixto_1agente,Varios de todos los enemigos vs 1 agente,5.3940,0.4000,oponente,25.0000,0.0000,bando_enemigo_eliminado,validation,20.0000,6.0000,6.0000,aleatorio,0.0000,4.0000,20293001.0000,3.0000,0.0000,0.1500,0.5000,uniforme,gaussiana,torneo,softmax_argmax,86.0000,85.0000,0.0000,1.4333,1.4333,7-16-12-8-6,0.2500,profunda_16-12-8,topologia
0.3880,0.0000,0.3825,0.0373,0.1580,0.0342,3.0000,0.0000,84.0000,270.0000,20.7407,47.7876,5.6500,2.0000,2.0000,s09_mixto_varios,Varios de todos los enemigos vs varios agentes,-13.9440,0.4000,oponente,25.0000,0.0000,bando_enemigo_eliminado,validation,20.0000,6.0000,6.0000,aleatorio,0.0000,4.0000,20293132.0000,3.0000,0.0000,0.1500,0.5000,uniforme,gaussiana,torneo,softmax_argmax,339.0000,388.0000,0.0000,4.0500,5.6500,7-16-12-8-6,0.2500,profunda_16-12-8,topologia
0.8111,0.0000,0.0678,0.0233,0.0006,0.0972,3.0000,3.0000,96.0000,112.0000,1.6000,1.8667,60.0000,2.0000,2.0000,s10_humano_varios,Un jugador humano (bot) vs varios agentes,162.6200,0.4000,empate,25.0000,0.0000,tiempo_agotado,validation,20.0000,1.0000,1.0000,aleatorio,0.0000,4.0000,20293263.0000,3.0000,0.0000,0.1500,0.5000,uniforme,gaussiana,torneo,softmax_argmax,3600.0000,3214.0000,0.0000,60.0000,60.0000,7-16-12-8-6,0.2500,profunda_16-12-8,topologia
0.8900,0.0000,0.0383,0.0200,0.0000,0.0517,1.0000,1.0000,84.0000,40.0000,1.4000,0.6667,60.0000,2.0000,2.0000,s11_D_1v1,Un enemigo tipo D (sanador) vs 1 agente,82.3600,0.4000,empate,25.0000,0.0000,tiempo_agotado,validation,20.0000,1.0000,1.0000,aleatorio,1.0000,4.0000,20293394.0000,3.0000,0.0000,0.1500,0.5000,uniforme,gaussiana,torneo,softmax_argmax,3600.0000,32.0000,0.0000,60.0000,60.0000,7-16-12-8-6,0.2500,profunda_16-12-8,topologia
0.2656,0.0000,0.3594,0.0156,0.2500,0.1094,1.0000,0.0000,84.0000,96.0000,13.1250,15.0000,6.4000,2.0000,2.0000,s12_escolta,Dos tipo A escoltados por un sanador vs 1 agente,58.0260,0.4000,oponente,25.0000,0.0000,bando_enemigo_eliminado,validation,20.0000,3.0000,3.0000,aleatorio,0.0000,4.0000,20293525.0000,3.0000,0.0000,0.1500,0.5000,uniforme,gaussiana,torneo,softmax_argmax,384.0000,383.0000,0.0000,6.4000,6.4000,7-16-12-8-6,0.2500,profunda_16-12-8,topologia
0.0000,0.0000,0.5517,0.0345,0.3448,0.0690,1.0000,0.0000,60.0000,90.0000,20.9302,31.3953,2.8667,2.0000,2.0000,s13_mixto_sanador,"Uno de cada tipo, sanador incluido, vs 1 agente",28.3180,0.4000,oponente,25.0000,0.0000,bando_enemigo_eliminado,validation,20.0000,5.0000,5.0000,aleatorio,0.0000,4.0000,20293656.0000,3.0000,0.0000,0.1500,0.5000,uniforme,gaussiana,torneo,softmax_argmax,172.0000,171.0000,0.0000,2.8667,2.8667,7-16-12-8-6,0.2500,profunda_16-12-8,topologia
